Model,Image,Has_Lesion,GT_Lesion_Pixels,Pred_Lesion_Pixels,Case_Lesion_Dice
Standard U-Net (Base),Duke_Duke_Subject_01_slice010.png,1,89,67,0.3959349515333137
Standard U-Net (Base),Duke_Duke_Subject_01_slice015.png,1,443,379,0.7306981937194111
Standard U-Net (Base),Duke_Duke_Subject_01_slice030.png,1,3618,2734,0.6754267576157784
Standard U-Net (Base),Duke_Duke_Subject_01_slice032.png,1,1692,1259,0.41054623974054527
Standard U-Net (Base),Duke_Duke_Subject_01_slice040.png,1,40,57,0.5407375529796128
Standard U-Net (Base),Duke_Duke_Subject_01_slice042.png,0,0,0,
Standard U-Net (Base),Duke_Duke_Subject_01_slice044.png,0,0,5,
Standard U-Net (Base),Duke_Duke_Subject_02_slice025.png,1,306,361,0.7884879287206034
Standard U-Net (Base),Duke_Duke_Subject_02_slice028.png,1,296,261,0.8459512547980733
Standard U-Net (Base),Duke_Duke_Subject_02_slice044.png,0,0,75,
Standard U-Net (Base),Duke_Duke_Subject_02_slice045.png,1,150,157,0.734968126560426
Standard U-Net (Base),Duke_Duke_Subject_03_slice025.png,1,161,162,0.7651006685734877
Standard U-Net (Base),Duke_Duke_Subject_03_slice030.png,1,112,65,0.6394009144682589
Standard U-Net (Base),Duke_Duke_Subject_03_slice032.png,1,169,128,0.5393197242549679
Standard U-Net (Base),Duke_Duke_Subject_03_slice043.png,0,0,0,
Standard U-Net (Base),Duke_Duke_Subject_03_slice058.png,0,0,0,
Standard U-Net (Base),Duke_Duke_Subject_04_slice003.png,0,0,0,
Standard U-Net (Base),Duke_Duke_Subject_04_slice011.png,1,211,53,0.12730318193985
Standard U-Net (Base),Duke_Duke_Subject_04_slice016.png,1,160,170,0.7454167707936651
Standard U-Net (Base),Duke_Duke_Subject_04_slice021.png,1,207,283,0.6046952075943212
Standard U-Net (Base),Duke_Duke_Subject_04_slice024.png,1,998,846,0.48718555652235085
Standard U-Net (Base),Duke_Duke_Subject_04_slice026.png,1,1117,1319,0.28880011823251955
Standard U-Net (Base),Duke_Duke_Subject_04_slice028.png,1,206,423,0.321567250244951
Standard U-Net (Base),Duke_Duke_Subject_04_slice031.png,1,180,366,0.47763562756423666
Standard U-Net (Base),Duke_Duke_Subject_04_slice036.png,0,0,20,
Standard U-Net (Base),Duke_Duke_Subject_05_slice021.png,0,0,281,
Standard U-Net (Base),Duke_Duke_Subject_05_slice026.png,1,1978,1906,0.8265293345160062
Standard U-Net (Base),Duke_Duke_Subject_05_slice028.png,1,1755,1358,0.6604175984895262
Standard U-Net (Base),Duke_Duke_Subject_05_slice038.png,1,376,300,0.6487723006207593
Standard U-Net (Base),Duke_Duke_Subject_05_slice039.png,0,0,188,
Standard U-Net (Base),Duke_Duke_Subject_05_slice042.png,0,0,39,
Standard U-Net (Base),Duke_Duke_Subject_05_slice043.png,1,191,148,0.6128852036583033
Standard U-Net (Base),Duke_Duke_Subject_06_slice013.png,0,0,0,
Standard U-Net (Base),Duke_Duke_Subject_06_slice014.png,0,0,0,
Standard U-Net (Base),Duke_Duke_Subject_06_slice032.png,1,343,457,0.6940927789756768
Standard U-Net (Base),Duke_Duke_Subject_06_slice040.png,1,211,289,0.6256827373040589
Standard U-Net (Base),Duke_Duke_Subject_07_slice012.png,0,0,0,
Standard U-Net (Base),Duke_Duke_Subject_07_slice029.png,1,154,112,0.5504587130712904
Standard U-Net (Base),Duke_Duke_Subject_07_slice031.png,1,272,212,0.15134099573369444
Standard U-Net (Base),Duke_Duke_Subject_07_slice036.png,1,60,56,0.59727710796167
Standard U-Net (Base),Duke_Duke_Subject_08_slice013.png,1,36,28,0.7499999882812503
Standard U-Net (Base),Duke_Duke_Subject_08_slice018.png,1,412,327,0.3261420451125815
Standard U-Net (Base),Duke_Duke_Subject_08_slice030.png,1,353,324,0.5933174474175723
Standard U-Net (Base),Duke_Duke_Subject_08_slice045.png,0,0,0,
Standard U-Net (Base),Duke_Duke_Subject_09_slice028.png,1,116,93,0.7611280311129978
Standard U-Net (Base),Duke_Duke_Subject_09_slice030.png,1,77,113,0.6366131778394029
Standard U-Net (Base),Duke_Duke_Subject_09_slice032.png,1,56,61,0.5367316196699257
Standard U-Net (Base),Duke_Duke_Subject_09_slice035.png,1,50,25,0.26436781153388833
Standard U-Net (Base),Duke_Duke_Subject_09_slice039.png,0,0,1,
Standard U-Net (Base),Duke_Duke_Subject_09_slice050.png,1,15,14,0.8275861783590973
Standard U-Net (Base),Duke_Duke_Subject_10_slice016.png,0,0,0,
Standard U-Net (Base),Duke_Duke_Subject_10_slice020.png,1,145,145,0.7087959557740925
Standard U-Net (Base),Duke_Duke_Subject_10_slice030.png,0,0,17,
Standard U-Net (Base),Duke_Duke_Subject_10_slice032.png,1,130,90,0.6528417675291592
Standard U-Net (Base),Duke_Duke_Subject_10_slice035.png,1,120,182,0.5795381043756841
Standard U-Net (Base),Duke_Duke_Subject_10_slice040.png,1,77,24,0.27083332769097235
Standard U-Net (Base),Duke_Duke_Subject_10_slice045.png,1,511,224,0.6616956778460485
Standard U-Net (Base),Duke_Duke_Subject_10_slice060.png,0,0,0,
Standard U-Net (Base),RET_Cirrus_03a60d9078d35b1488e6030880a29014_slice013.png,0,0,0,
Standard U-Net (Base),RET_Cirrus_03a60d9078d35b1488e6030880a29014_slice016.png,0,0,0,
Standard U-Net (Base),RET_Cirrus_03a60d9078d35b1488e6030880a29014_slice029.png,0,0,0,
Standard U-Net (Base),RET_Cirrus_03a60d9078d35b1488e6030880a29014_slice032.png,1,34,34,0.8235293996539794
Standard U-Net (Base),RET_Cirrus_03a60d9078d35b1488e6030880a29014_slice033.png,1,110,92,0.8910891044995589
Standard U-Net (Base),RET_Cirrus_03a60d9078d35b1488e6030880a29014_slice034.png,1,94,97,0.8900523513609825
Standard U-Net (Base),RET_Cirrus_03a60d9078d35b1488e6030880a29014_slice035.png,1,132,121,0.9169960438063398
Standard U-Net (Base),RET_Cirrus_03a60d9078d35b1488e6030880a29014_slice036.png,1,334,357,0.8943560044944197
Standard U-Net (Base),RET_Cirrus_03a60d9078d35b1488e6030880a29014_slice037.png,1,513,515,0.9474708161989582
Standard U-Net (Base),RET_Cirrus_03a60d9078d35b1488e6030880a29014_slice039.png,1,635,682,0.9369779795467137
Standard U-Net (Base),RET_Cirrus_03a60d9078d35b1488e6030880a29014_slice042.png,1,930,937,0.9329221635490523
Standard U-Net (Base),RET_Cirrus_03a60d9078d35b1488e6030880a29014_slice043.png,1,1022,1028,0.8899912956662457
Standard U-Net (Base),RET_Cirrus_03a60d9078d35b1488e6030880a29014_slice046.png,1,1265,1327,0.9280384876379065
Standard U-Net (Base),RET_Cirrus_03a60d9078d35b1488e6030880a29014_slice047.png,1,1410,1589,0.9149484480013643
Standard U-Net (Base),RET_Cirrus_03a60d9078d35b1488e6030880a29014_slice048.png,1,1806,1819,0.9531392002998248
Standard U-Net (Base),RET_Cirrus_03a60d9078d35b1488e6030880a29014_slice049.png,1,1806,1894,0.948117078815927
Standard U-Net (Base),RET_Cirrus_03a60d9078d35b1488e6030880a29014_slice050.png,1,2072,2085,0.9623628401282605
Standard U-Net (Base),RET_Cirrus_03a60d9078d35b1488e6030880a29014_slice051.png,1,2048,2101,0.9492736798796693
Standard U-Net (Base),RET_Cirrus_03a60d9078d35b1488e6030880a29014_slice052.png,1,2097,2119,0.9475326991151509
Standard U-Net (Base),RET_Cirrus_03a60d9078d35b1488e6030880a29014_slice054.png,1,2120,2188,0.9601547305831313
Standard U-Net (Base),RET_Cirrus_03a60d9078d35b1488e6030880a29014_slice055.png,1,2264,2371,0.952458098943288
Standard U-Net (Base),RET_Cirrus_03a60d9078d35b1488e6030880a29014_slice056.png,1,2377,2343,0.9568158827628457
Standard U-Net (Base),RET_Cirrus_03a60d9078d35b1488e6030880a29014_slice057.png,1,2402,2458,0.9482099981804653
Standard U-Net (Base),RET_Cirrus_03a60d9078d35b1488e6030880a29014_slice058.png,1,2563,2567,0.949829107738777
Standard U-Net (Base),RET_Cirrus_03a60d9078d35b1488e6030880a29014_slice059.png,1,2701,2719,0.9622492818440526
Standard U-Net (Base),RET_Cirrus_03a60d9078d35b1488e6030880a29014_slice060.png,1,2730,2714,0.9514650080756099
Standard U-Net (Base),RET_Cirrus_03a60d9078d35b1488e6030880a29014_slice061.png,1,2715,2675,0.963723807240264
Standard U-Net (Base),RET_Cirrus_03a60d9078d35b1488e6030880a29014_slice062.png,1,2693,2721,0.942002216127816
Standard U-Net (Base),RET_Cirrus_03a60d9078d35b1488e6030880a29014_slice064.png,1,2830,2797,0.9583930966301377
Standard U-Net (Base),RET_Cirrus_03a60d9078d35b1488e6030880a29014_slice065.png,1,2783,2798,0.9522002293225171
Standard U-Net (Base),RET_Cirrus_03a60d9078d35b1488e6030880a29014_slice066.png,1,2877,2816,0.9540493246322403
Standard U-Net (Base),RET_Cirrus_03a60d9078d35b1488e6030880a29014_slice067.png,1,2675,2754,0.9406095286145508
Standard U-Net (Base),RET_Cirrus_03a60d9078d35b1488e6030880a29014_slice070.png,1,2542,2589,0.9566176545064956
Standard U-Net (Base),RET_Cirrus_03a60d9078d35b1488e6030880a29014_slice071.png,1,2380,2467,0.9466345724696866
Standard U-Net (Base),RET_Cirrus_03a60d9078d35b1488e6030880a29014_slice073.png,1,2533,2550,0.94326392859602
Standard U-Net (Base),RET_Cirrus_03a60d9078d35b1488e6030880a29014_slice074.png,1,2327,2342,0.9537726354043374
Standard U-Net (Base),RET_Cirrus_03a60d9078d35b1488e6030880a29014_slice076.png,1,2172,2261,0.9502991339381283
Standard U-Net (Base),RET_Cirrus_03a60d9078d35b1488e6030880a29014_slice078.png,1,1880,1917,0.9418930277726636
Standard U-Net (Base),RET_Cirrus_03a60d9078d35b1488e6030880a29014_slice079.png,1,1716,1779,0.9480643242890019
Standard U-Net (Base),RET_Cirrus_03a60d9078d35b1488e6030880a29014_slice080.png,1,1658,1758,0.9401776607211692
Standard U-Net (Base),RET_Cirrus_03a60d9078d35b1488e6030880a29014_slice081.png,1,1401,1475,0.9313817248317663
Standard U-Net (Base),RET_Cirrus_03a60d9078d35b1488e6030880a29014_slice082.png,1,1354,1387,0.9498699469798073
Standard U-Net (Base),RET_Cirrus_03a60d9078d35b1488e6030880a29014_slice083.png,1,1099,1091,0.9192534557829893
Standard U-Net (Base),RET_Cirrus_03a60d9078d35b1488e6030880a29014_slice084.png,1,1125,1103,0.9225406225503144
Standard U-Net (Base),RET_Cirrus_03a60d9078d35b1488e6030880a29014_slice086.png,1,905,926,0.9128141352580097
Standard U-Net (Base),RET_Cirrus_03a60d9078d35b1488e6030880a29014_slice088.png,1,762,714,0.9064626550052345
Standard U-Net (Base),RET_Cirrus_03a60d9078d35b1488e6030880a29014_slice090.png,1,274,291,0.9203539806719399
Standard U-Net (Base),RET_Cirrus_03a60d9078d35b1488e6030880a29014_slice091.png,1,180,187,0.8719346025287885
Standard U-Net (Base),RET_Cirrus_03a60d9078d35b1488e6030880a29014_slice092.png,1,157,156,0.8945686872377997
Standard U-Net (Base),RET_Cirrus_03a60d9078d35b1488e6030880a29014_slice093.png,1,162,150,0.8974358945595003
Standard U-Net (Base),RET_Cirrus_03a60d9078d35b1488e6030880a29014_slice094.png,1,103,95,0.7979797939495971
Standard U-Net (Base),RET_Cirrus_03a60d9078d35b1488e6030880a29014_slice111.png,0,0,0,
Standard U-Net (Base),RET_Cirrus_03a60d9078d35b1488e6030880a29014_slice114.png,0,0,0,
Standard U-Net (Base),RET_Cirrus_03a60d9078d35b1488e6030880a29014_slice116.png,0,0,0,
Standard U-Net (Base),RET_Cirrus_091e68f597bb8e45ce9478363ef686b3_slice009.png,0,0,0,
Standard U-Net (Base),RET_Cirrus_091e68f597bb8e45ce9478363ef686b3_slice010.png,0,0,0,
Standard U-Net (Base),RET_Cirrus_091e68f597bb8e45ce9478363ef686b3_slice034.png,0,0,0,
Standard U-Net (Base),RET_Cirrus_091e68f597bb8e45ce9478363ef686b3_slice053.png,0,0,0,
Standard U-Net (Base),RET_Cirrus_091e68f597bb8e45ce9478363ef686b3_slice055.png,1,22,20,0.952380929705216
Standard U-Net (Base),RET_Cirrus_091e68f597bb8e45ce9478363ef686b3_slice056.png,1,167,169,0.9523809495464852
Standard U-Net (Base),RET_Cirrus_091e68f597bb8e45ce9478363ef686b3_slice058.png,1,630,642,0.9402515715878524
Standard U-Net (Base),RET_Cirrus_091e68f597bb8e45ce9478363ef686b3_slice059.png,1,866,950,0.9284140964050582
Standard U-Net (Base),RET_Cirrus_091e68f597bb8e45ce9478363ef686b3_slice061.png,1,1294,1362,0.9570783128926663
Standard U-Net (Base),RET_Cirrus_091e68f597bb8e45ce9478363ef686b3_slice062.png,1,1442,1501,0.9391777095007892
Standard U-Net (Base),RET_Cirrus_091e68f597bb8e45ce9478363ef686b3_slice063.png,1,1491,1591,0.9305645681601024
Standard U-Net (Base),RET_Cirrus_091e68f597bb8e45ce9478363ef686b3_slice064.png,1,1648,1770,0.8431248678273435
Standard U-Net (Base),RET_Cirrus_091e68f597bb8e45ce9478363ef686b3_slice065.png,1,1135,1208,0.8430635677604779
Standard U-Net (Base),RET_Cirrus_091e68f597bb8e45ce9478363ef686b3_slice066.png,1,1344,1431,0.8087830796684725
Standard U-Net (Base),RET_Cirrus_091e68f597bb8e45ce9478363ef686b3_slice067.png,1,1351,1420,0.8931108647565564
Standard U-Net (Base),RET_Cirrus_091e68f597bb8e45ce9478363ef686b3_slice068.png,1,1325,1447,0.8881221680967991
Standard U-Net (Base),RET_Cirrus_091e68f597bb8e45ce9478363ef686b3_slice069.png,1,1020,1179,0.9089949991074544
Standard U-Net (Base),RET_Cirrus_091e68f597bb8e45ce9478363ef686b3_slice070.png,1,1038,1086,0.8866977485702232
Standard U-Net (Base),RET_Cirrus_091e68f597bb8e45ce9478363ef686b3_slice071.png,1,960,1055,0.8373626349301614
Standard U-Net (Base),RET_Cirrus_091e68f597bb8e45ce9478363ef686b3_slice072.png,1,1046,1056,0.8851416971573285
Standard U-Net (Base),RET_Cirrus_091e68f597bb8e45ce9478363ef686b3_slice074.png,1,693,697,0.890889858207305
Standard U-Net (Base),RET_Cirrus_091e68f597bb8e45ce9478363ef686b3_slice075.png,1,539,549,0.8913793069920481
Standard U-Net (Base),RET_Cirrus_091e68f597bb8e45ce9478363ef686b3_slice076.png,1,466,472,0.8443496792704162
Standard U-Net (Base),RET_Cirrus_091e68f597bb8e45ce9478363ef686b3_slice077.png,1,475,507,0.8533604879293681
Standard U-Net (Base),RET_Cirrus_091e68f597bb8e45ce9478363ef686b3_slice078.png,1,494,506,0.865999999134
Standard U-Net (Base),RET_Cirrus_091e68f597bb8e45ce9478363ef686b3_slice079.png,1,427,414,0.7990487505362084
Standard U-Net (Base),RET_Cirrus_091e68f597bb8e45ce9478363ef686b3_slice080.png,1,427,373,0.78499999901875
Standard U-Net (Base),RET_Cirrus_091e68f597bb8e45ce9478363ef686b3_slice082.png,1,296,256,0.7644927522382378
Standard U-Net (Base),RET_Cirrus_091e68f597bb8e45ce9478363ef686b3_slice084.png,1,252,242,0.8016194315756692
Standard U-Net (Base),RET_Cirrus_091e68f597bb8e45ce9478363ef686b3_slice086.png,1,217,259,0.8067226873808347
Standard U-Net (Base),RET_Cirrus_091e68f597bb8e45ce9478363ef686b3_slice087.png,1,102,95,0.7106598948697468
Standard U-Net (Base),RET_Cirrus_091e68f597bb8e45ce9478363ef686b3_slice089.png,1,153,204,0.7507002780092429
Standard U-Net (Base),RET_Cirrus_091e68f597bb8e45ce9478363ef686b3_slice090.png,1,152,111,0.7300380200378782
Standard U-Net (Base),RET_Cirrus_091e68f597bb8e45ce9478363ef686b3_slice091.png,1,147,142,0.8096885785131883
Standard U-Net (Base),RET_Cirrus_091e68f597bb8e45ce9478363ef686b3_slice093.png,1,108,119,0.7136563845213375
Standard U-Net (Base),RET_Cirrus_091e68f597bb8e45ce9478363ef686b3_slice094.png,1,45,21,0.42424241781450883
Standard U-Net (Base),RET_Cirrus_091e68f597bb8e45ce9478363ef686b3_slice095.png,1,18,20,0.6315789307479229
Standard U-Net (Base),RET_Cirrus_091e68f597bb8e45ce9478363ef686b3_slice096.png,1,113,101,0.6728971931173029
Standard U-Net (Base),RET_Cirrus_091e68f597bb8e45ce9478363ef686b3_slice097.png,1,144,127,0.7749077462180526
Standard U-Net (Base),RET_Cirrus_091e68f597bb8e45ce9478363ef686b3_slice098.png,1,64,55,0.7899159597486054
Standard U-Net (Base),RET_Cirrus_091e68f597bb8e45ce9478363ef686b3_slice099.png,1,21,21,0.9047618832199552
Standard U-Net (Base),RET_Cirrus_091e68f597bb8e45ce9478363ef686b3_slice100.png,1,201,156,0.7619047597705749
Standard U-Net (Base),RET_Cirrus_091e68f597bb8e45ce9478363ef686b3_slice101.png,1,119,101,0.7636363601652892
Standard U-Net (Base),RET_Cirrus_091e68f597bb8e45ce9478363ef686b3_slice103.png,1,211,199,0.8048780468173706
Standard U-Net (Base),RET_Cirrus_091e68f597bb8e45ce9478363ef686b3_slice104.png,1,70,68,0.7536231829447596
Standard U-Net (Base),RET_Cirrus_091e68f597bb8e45ce9478363ef686b3_slice106.png,1,69,53,0.6557376995431337
Standard U-Net (Base),RET_Cirrus_091e68f597bb8e45ce9478363ef686b3_slice107.png,1,151,150,0.8106312265427534
Standard U-Net (Base),RET_Cirrus_091e68f597bb8e45ce9478363ef686b3_slice108.png,1,131,98,0.8122270706889647
Standard U-Net (Base),RET_Cirrus_091e68f597bb8e45ce9478363ef686b3_slice109.png,1,136,126,0.8167938900122371
Standard U-Net (Base),RET_Cirrus_091e68f597bb8e45ce9478363ef686b3_slice111.png,1,47,43,0.9333333229629631
Standard U-Net (Base),RET_Cirrus_091e68f597bb8e45ce9478363ef686b3_slice113.png,1,44,46,0.9555555449382718
Standard U-Net (Base),RET_Cirrus_091e68f597bb8e45ce9478363ef686b3_slice115.png,1,6,6,0.9999999166666736
Standard U-Net (Base),RET_Cirrus_091e68f597bb8e45ce9478363ef686b3_slice117.png,1,28,49,0.3376623332771126
Standard U-Net (Base),RET_Cirrus_091e68f597bb8e45ce9478363ef686b3_slice118.png,1,45,55,0.799999992
Standard U-Net (Base),RET_Cirrus_1e0e71d2acdc57f10ab6712ab87b2ef7_slice017.png,0,0,3,
Standard U-Net (Base),RET_Cirrus_1e0e71d2acdc57f10ab6712ab87b2ef7_slice024.png,1,110,134,0.859504128679735
Standard U-Net (Base),RET_Cirrus_1e0e71d2acdc57f10ab6712ab87b2ef7_slice025.png,1,67,85,0.8815789415685596
Standard U-Net (Base),RET_Cirrus_1e0e71d2acdc57f10ab6712ab87b2ef7_slice027.png,1,173,177,0.902857140277551
Standard U-Net (Base),RET_Cirrus_1e0e71d2acdc57f10ab6712ab87b2ef7_slice028.png,1,187,215,0.8823529388172381
Standard U-Net (Base),RET_Cirrus_1e0e71d2acdc57f10ab6712ab87b2ef7_slice029.png,1,240,248,0.905737703062013
Standard U-Net (Base),RET_Cirrus_1e0e71d2acdc57f10ab6712ab87b2ef7_slice030.png,1,298,322,0.8936631894518378
Standard U-Net (Base),RET_Cirrus_1e0e71d2acdc57f10ab6712ab87b2ef7_slice031.png,1,304,335,0.8574069132392204
Standard U-Net (Base),RET_Cirrus_1e0e71d2acdc57f10ab6712ab87b2ef7_slice033.png,1,360,379,0.8687415414496055
Standard U-Net (Base),RET_Cirrus_1e0e71d2acdc57f10ab6712ab87b2ef7_slice035.png,1,450,469,0.8720092632907603
Standard U-Net (Base),RET_Cirrus_1e0e71d2acdc57f10ab6712ab87b2ef7_slice036.png,1,521,510,0.8178866366739919
Standard U-Net (Base),RET_Cirrus_1e0e71d2acdc57f10ab6712ab87b2ef7_slice038.png,1,857,942,0.887381224361782
Standard U-Net (Base),RET_Cirrus_1e0e71d2acdc57f10ab6712ab87b2ef7_slice039.png,1,1069,1018,0.8624766541119586
Standard U-Net (Base),RET_Cirrus_1e0e71d2acdc57f10ab6712ab87b2ef7_slice040.png,1,1023,1030,0.8406408616367765
Standard U-Net (Base),RET_Cirrus_1e0e71d2acdc57f10ab6712ab87b2ef7_slice041.png,1,1036,953,0.882662793943759
Standard U-Net (Base),RET_Cirrus_1e0e71d2acdc57f10ab6712ab87b2ef7_slice043.png,1,980,1066,0.8710422585362283
Standard U-Net (Base),RET_Cirrus_1e0e71d2acdc57f10ab6712ab87b2ef7_slice044.png,1,1066,1093,0.9430291797392176
Standard U-Net (Base),RET_Cirrus_1e0e71d2acdc57f10ab6712ab87b2ef7_slice047.png,1,1198,1316,0.8491854106911948
Standard U-Net (Base),RET_Cirrus_1e0e71d2acdc57f10ab6712ab87b2ef7_slice048.png,1,1196,1162,0.8744606397975734
Standard U-Net (Base),RET_Cirrus_1e0e71d2acdc57f10ab6712ab87b2ef7_slice049.png,1,1496,1584,0.8944369684894106
Standard U-Net (Base),RET_Cirrus_1e0e71d2acdc57f10ab6712ab87b2ef7_slice051.png,1,2013,2116,0.9021217584878508
Standard U-Net (Base),RET_Cirrus_1e0e71d2acdc57f10ab6712ab87b2ef7_slice052.png,1,2033,2129,0.917711058240994
Standard U-Net (Base),RET_Cirrus_1e0e71d2acdc57f10ab6712ab87b2ef7_slice053.png,1,2280,2269,0.9202688101900558
Standard U-Net (Base),RET_Cirrus_1e0e71d2acdc57f10ab6712ab87b2ef7_slice057.png,1,2688,2654,0.9516708829089504
Standard U-Net (Base),RET_Cirrus_1e0e71d2acdc57f10ab6712ab87b2ef7_slice058.png,1,2600,2590,0.946789394948282
Standard U-Net (Base),RET_Cirrus_1e0e71d2acdc57f10ab6712ab87b2ef7_slice059.png,1,2422,2412,0.941260653340591
Standard U-Net (Base),RET_Cirrus_1e0e71d2acdc57f10ab6712ab87b2ef7_slice060.png,1,2317,2373,0.94206670498026
Standard U-Net (Base),RET_Cirrus_1e0e71d2acdc57f10ab6712ab87b2ef7_slice062.png,1,1774,1861,0.9130607615420425
Standard U-Net (Base),RET_Cirrus_1e0e71d2acdc57f10ab6712ab87b2ef7_slice063.png,1,1433,1475,0.9139270397763211
Standard U-Net (Base),RET_Cirrus_1e0e71d2acdc57f10ab6712ab87b2ef7_slice064.png,1,1170,1338,0.9198322694326682
Standard U-Net (Base),RET_Cirrus_1e0e71d2acdc57f10ab6712ab87b2ef7_slice065.png,1,1031,1021,0.9307992198192987
Standard U-Net (Base),RET_Cirrus_1e0e71d2acdc57f10ab6712ab87b2ef7_slice066.png,1,779,897,0.8794749398093824
Standard U-Net (Base),RET_Cirrus_1e0e71d2acdc57f10ab6712ab87b2ef7_slice067.png,1,817,873,0.9034193155948294
Standard U-Net (Base),RET_Cirrus_1e0e71d2acdc57f10ab6712ab87b2ef7_slice069.png,1,835,828,0.9308478647439279
Standard U-Net (Base),RET_Cirrus_1e0e71d2acdc57f10ab6712ab87b2ef7_slice070.png,1,843,925,0.8823529406774021
Standard U-Net (Base),RET_Cirrus_1e0e71d2acdc57f10ab6712ab87b2ef7_slice071.png,1,1025,1047,0.9276061771584913
Standard U-Net (Base),RET_Cirrus_1e0e71d2acdc57f10ab6712ab87b2ef7_slice072.png,1,1112,1170,0.9000876420245015
Standard U-Net (Base),RET_Cirrus_1e0e71d2acdc57f10ab6712ab87b2ef7_slice075.png,1,1132,1147,0.9398859144625337
Standard U-Net (Base),RET_Cirrus_1e0e71d2acdc57f10ab6712ab87b2ef7_slice076.png,1,1014,1057,0.9347510870300866
Standard U-Net (Base),RET_Cirrus_1e0e71d2acdc57f10ab6712ab87b2ef7_slice078.png,1,1285,1265,0.9140592375767884
Standard U-Net (Base),RET_Cirrus_1e0e71d2acdc57f10ab6712ab87b2ef7_slice079.png,1,1166,1146,0.9472318335003324
Standard U-Net (Base),RET_Cirrus_1e0e71d2acdc57f10ab6712ab87b2ef7_slice080.png,1,1132,1155,0.9365981631234814
Standard U-Net (Base),RET_Cirrus_1e0e71d2acdc57f10ab6712ab87b2ef7_slice081.png,1,1049,1074,0.926505452381932
Standard U-Net (Base),RET_Cirrus_1e0e71d2acdc57f10ab6712ab87b2ef7_slice082.png,1,1135,1059,0.9288969913724262
Standard U-Net (Base),RET_Cirrus_1e0e71d2acdc57f10ab6712ab87b2ef7_slice083.png,1,849,864,0.9199762887255623
Standard U-Net (Base),RET_Cirrus_1e0e71d2acdc57f10ab6712ab87b2ef7_slice085.png,1,642,668,0.8686201565836825
Standard U-Net (Base),RET_Cirrus_1e0e71d2acdc57f10ab6712ab87b2ef7_slice090.png,1,645,600,0.8664687283568495
Standard U-Net (Base),RET_Cirrus_1e0e71d2acdc57f10ab6712ab87b2ef7_slice093.png,1,213,233,0.797659953756416
Standard U-Net (Base),RET_Cirrus_1e0e71d2acdc57f10ab6712ab87b2ef7_slice094.png,1,79,100,0.8783783724433893
Standard U-Net (Base),RET_Cirrus_1e0e71d2acdc57f10ab6712ab87b2ef7_slice096.png,1,50,63,0.9494949399040915
Standard U-Net (Base),RET_Cirrus_1e0e71d2acdc57f10ab6712ab87b2ef7_slice100.png,0,0,22,
Standard U-Net (Base),RET_Cirrus_1e0e71d2acdc57f10ab6712ab87b2ef7_slice103.png,1,41,50,0.8131868042506945
Standard U-Net (Base),RET_Cirrus_1e0e71d2acdc57f10ab6712ab87b2ef7_slice104.png,1,43,37,0.8749999890625002
Standard U-Net (Base),RET_Cirrus_1e0e71d2acdc57f10ab6712ab87b2ef7_slice106.png,1,15,13,0.9285713954081645
Standard U-Net (Base),RET_Cirrus_1e0e71d2acdc57f10ab6712ab87b2ef7_slice118.png,0,0,0,
Standard U-Net (Base),RET_Cirrus_3c68f67cd2e2b41afa54bf6059f509d1_slice009.png,0,0,0,
Standard U-Net (Base),RET_Cirrus_3c68f67cd2e2b41afa54bf6059f509d1_slice035.png,0,0,0,
Standard U-Net (Base),RET_Cirrus_3c68f67cd2e2b41afa54bf6059f509d1_slice056.png,0,0,0,
Standard U-Net (Base),RET_Cirrus_3c68f67cd2e2b41afa54bf6059f509d1_slice061.png,0,0,0,
Standard U-Net (Base),RET_Cirrus_3c68f67cd2e2b41afa54bf6059f509d1_slice062.png,0,0,0,
Standard U-Net (Base),RET_Cirrus_3c68f67cd2e2b41afa54bf6059f509d1_slice066.png,1,36,35,0.9295774516960923
Standard U-Net (Base),RET_Cirrus_3c68f67cd2e2b41afa54bf6059f509d1_slice068.png,1,28,25,0.9056603602705593
Standard U-Net (Base),RET_Cirrus_42533245b1c2cf49d9d5c554dbdee5a0_slice024.png,1,100,106,0.7087378606371949
Standard U-Net (Base),RET_Cirrus_42533245b1c2cf49d9d5c554dbdee5a0_slice025.png,1,187,181,0.9239130409676276
Standard U-Net (Base),RET_Cirrus_42533245b1c2cf49d9d5c554dbdee5a0_slice026.png,1,393,373,0.8720626620469156
Standard U-Net (Base),RET_Cirrus_42533245b1c2cf49d9d5c554dbdee5a0_slice029.png,1,398,414,0.9064039397704385
Standard U-Net (Base),RET_Cirrus_42533245b1c2cf49d9d5c554dbdee5a0_slice030.png,1,422,546,0.8565445017208958
Standard U-Net (Base),RET_Cirrus_42533245b1c2cf49d9d5c554dbdee5a0_slice031.png,1,566,612,0.9303904915701269
Standard U-Net (Base),RET_Cirrus_42533245b1c2cf49d9d5c554dbdee5a0_slice032.png,1,819,749,0.9298469381824955
Standard U-Net (Base),RET_Cirrus_42533245b1c2cf49d9d5c554dbdee5a0_slice036.png,1,905,1087,0.8975903609951855
Standard U-Net (Base),RET_Cirrus_42533245b1c2cf49d9d5c554dbdee5a0_slice037.png,1,1298,1256,0.9514487075366294
Standard U-Net (Base),RET_Cirrus_42533245b1c2cf49d9d5c554dbdee5a0_slice038.png,1,1425,1452,0.9384775804871472
Standard U-Net (Base),RET_Cirrus_42533245b1c2cf49d9d5c554dbdee5a0_slice039.png,1,1405,1394,0.9446230793338253
Standard U-Net (Base),RET_Cirrus_42533245b1c2cf49d9d5c554dbdee5a0_slice040.png,1,1664,1725,0.8939260649619996
Standard U-Net (Base),RET_Cirrus_42533245b1c2cf49d9d5c554dbdee5a0_slice041.png,1,1607,1637,0.8831762403427026
Standard U-Net (Base),RET_Cirrus_42533245b1c2cf49d9d5c554dbdee5a0_slice042.png,1,1998,1915,0.90438138383982
Standard U-Net (Base),RET_Cirrus_42533245b1c2cf49d9d5c554dbdee5a0_slice045.png,1,1805,1892,0.9390504454001174
Standard U-Net (Base),RET_Cirrus_42533245b1c2cf49d9d5c554dbdee5a0_slice046.png,1,2226,2256,0.9452665903038326
Standard U-Net (Base),RET_Cirrus_42533245b1c2cf49d9d5c554dbdee5a0_slice048.png,1,2309,2321,0.951901618895255
Standard U-Net (Base),RET_Cirrus_42533245b1c2cf49d9d5c554dbdee5a0_slice049.png,1,2492,2520,0.942440768999916
Standard U-Net (Base),RET_Cirrus_42533245b1c2cf49d9d5c554dbdee5a0_slice050.png,1,2725,2772,0.946912635304787
Standard U-Net (Base),RET_Cirrus_42533245b1c2cf49d9d5c554dbdee5a0_slice051.png,1,2996,3058,0.949246229898095
Standard U-Net (Base),RET_Cirrus_42533245b1c2cf49d9d5c554dbdee5a0_slice052.png,1,3066,3180,0.9444316688583524
Standard U-Net (Base),RET_Cirrus_42533245b1c2cf49d9d5c554dbdee5a0_slice053.png,1,3318,3458,0.9488901053396086
Standard U-Net (Base),RET_Cirrus_42533245b1c2cf49d9d5c554dbdee5a0_slice054.png,1,3599,3579,0.9626389857430574
Standard U-Net (Base),RET_Cirrus_42533245b1c2cf49d9d5c554dbdee5a0_slice055.png,1,3778,3691,0.9472043221629944
Standard U-Net (Base),RET_Cirrus_42533245b1c2cf49d9d5c554dbdee5a0_slice059.png,1,4192,4267,0.9561694354146846
Standard U-Net (Base),RET_Cirrus_42533245b1c2cf49d9d5c554dbdee5a0_slice060.png,1,4259,4218,0.9649410621839782
Standard U-Net (Base),RET_Cirrus_42533245b1c2cf49d9d5c554dbdee5a0_slice062.png,1,4406,4416,0.9671328480393202
Standard U-Net (Base),RET_Cirrus_42533245b1c2cf49d9d5c554dbdee5a0_slice064.png,1,4245,4384,0.951086290323344
Standard U-Net (Base),RET_Cirrus_42533245b1c2cf49d9d5c554dbdee5a0_slice065.png,1,4347,4465,0.9713684022158529
Standard U-Net (Base),RET_Cirrus_42533245b1c2cf49d9d5c554dbdee5a0_slice066.png,1,4321,4521,0.9682244202701618
Standard U-Net (Base),RET_Cirrus_42533245b1c2cf49d9d5c554dbdee5a0_slice067.png,1,4508,4532,0.9612555694325663
Standard U-Net (Base),RET_Cirrus_42533245b1c2cf49d9d5c554dbdee5a0_slice069.png,1,4241,4357,0.9695944674297453
Standard U-Net (Base),RET_Cirrus_42533245b1c2cf49d9d5c554dbdee5a0_slice070.png,1,3936,4040,0.9650649097019921
Standard U-Net (Base),RET_Cirrus_42533245b1c2cf49d9d5c554dbdee5a0_slice071.png,1,3754,3829,0.9651461307237796
Standard U-Net (Base),RET_Cirrus_42533245b1c2cf49d9d5c554dbdee5a0_slice072.png,1,3803,3827,0.9627054932940567
Standard U-Net (Base),RET_Cirrus_42533245b1c2cf49d9d5c554dbdee5a0_slice073.png,1,3970,3958,0.9619634853419148
Standard U-Net (Base),RET_Cirrus_42533245b1c2cf49d9d5c554dbdee5a0_slice074.png,1,3499,3485,0.9610887405897219
Standard U-Net (Base),RET_Cirrus_42533245b1c2cf49d9d5c554dbdee5a0_slice076.png,1,3083,3247,0.9504800870189185
Standard U-Net (Base),RET_Cirrus_42533245b1c2cf49d9d5c554dbdee5a0_slice079.png,1,2334,2415,0.9530657795999065
Standard U-Net (Base),RET_Cirrus_42533245b1c2cf49d9d5c554dbdee5a0_slice080.png,1,2398,2471,0.943289263094478
Standard U-Net (Base),RET_Cirrus_42533245b1c2cf49d9d5c554dbdee5a0_slice081.png,1,2673,2799,0.9455041614296033
Standard U-Net (Base),RET_Cirrus_42533245b1c2cf49d9d5c554dbdee5a0_slice082.png,1,2754,2699,0.9364553589690436
Standard U-Net (Base),RET_Cirrus_42533245b1c2cf49d9d5c554dbdee5a0_slice083.png,1,2619,2667,0.9504482258935958
Standard U-Net (Base),RET_Cirrus_42533245b1c2cf49d9d5c554dbdee5a0_slice085.png,1,2380,2560,0.9368236616671162
Standard U-Net (Base),RET_Cirrus_42533245b1c2cf49d9d5c554dbdee5a0_slice086.png,1,2489,2628,0.9403020239460096
Standard U-Net (Base),RET_Cirrus_42533245b1c2cf49d9d5c554dbdee5a0_slice087.png,1,2439,2517,0.9483126455843252
Standard U-Net (Base),RET_Cirrus_42533245b1c2cf49d9d5c554dbdee5a0_slice088.png,1,2099,2177,0.9360136232923532
Standard U-Net (Base),RET_Cirrus_42533245b1c2cf49d9d5c554dbdee5a0_slice089.png,1,1922,2046,0.9267517093727824
Standard U-Net (Base),RET_Cirrus_42533245b1c2cf49d9d5c554dbdee5a0_slice090.png,1,1805,1946,0.9261449225901233
Standard U-Net (Base),RET_Cirrus_42533245b1c2cf49d9d5c554dbdee5a0_slice092.png,1,1791,1753,0.9482641349447294
Standard U-Net (Base),RET_Cirrus_42533245b1c2cf49d9d5c554dbdee5a0_slice093.png,1,1627,1598,0.9115465204314087
Standard U-Net (Base),RET_Cirrus_42533245b1c2cf49d9d5c554dbdee5a0_slice094.png,1,1402,1342,0.8970657823562823
Standard U-Net (Base),RET_Cirrus_42533245b1c2cf49d9d5c554dbdee5a0_slice096.png,1,1041,1100,0.8773787136828313
Standard U-Net (Base),RET_Cirrus_42533245b1c2cf49d9d5c554dbdee5a0_slice097.png,1,804,905,0.864202904794537
Standard U-Net (Base),RET_Cirrus_42533245b1c2cf49d9d5c554dbdee5a0_slice099.png,1,635,708,0.9113924043846667
Standard U-Net (Base),RET_Cirrus_42533245b1c2cf49d9d5c554dbdee5a0_slice100.png,1,449,525,0.8604166657703993
Standard U-Net (Base),RET_Cirrus_42533245b1c2cf49d9d5c554dbdee5a0_slice102.png,1,467,427,0.892617448665976
Standard U-Net (Base),RET_Cirrus_42533245b1c2cf49d9d5c554dbdee5a0_slice103.png,1,412,359,0.8777923772959364
Standard U-Net (Base),RET_Cirrus_42533245b1c2cf49d9d5c554dbdee5a0_slice104.png,1,336,312,0.8919753072654703
Standard U-Net (Base),RET_Cirrus_42533245b1c2cf49d9d5c554dbdee5a0_slice105.png,1,200,207,0.9041769019553393
Standard U-Net (Base),RET_Cirrus_42533245b1c2cf49d9d5c554dbdee5a0_slice107.png,1,106,89,0.841025636712689
Standard U-Net (Base),RET_Cirrus_42533245b1c2cf49d9d5c554dbdee5a0_slice112.png,0,0,0,
Standard U-Net (Base),RET_Cirrus_4d1f2722e3f9c55b689621d1228526db_slice017.png,1,69,98,0.8476821135915092
Standard U-Net (Base),RET_Cirrus_4d1f2722e3f9c55b689621d1228526db_slice022.png,1,561,586,0.9293809930868517
Standard U-Net (Base),RET_Cirrus_4d1f2722e3f9c55b689621d1228526db_slice023.png,1,693,723,0.9278951194989838
Standard U-Net (Base),RET_Cirrus_4d1f2722e3f9c55b689621d1228526db_slice024.png,1,641,687,0.9276264584220805
Standard U-Net (Base),RET_Cirrus_4d1f2722e3f9c55b689621d1228526db_slice025.png,1,529,660,0.9382273939675672
Standard U-Net (Base),RET_Cirrus_4d1f2722e3f9c55b689621d1228526db_slice026.png,1,761,830,0.9429312574948564
Standard U-Net (Base),RET_Cirrus_4d1f2722e3f9c55b689621d1228526db_slice028.png,1,905,974,0.8979551285599305
Standard U-Net (Base),RET_Cirrus_4d1f2722e3f9c55b689621d1228526db_slice030.png,1,862,954,0.8634457014316301
Standard U-Net (Base),RET_Cirrus_4d1f2722e3f9c55b689621d1228526db_slice031.png,1,1055,943,0.8877629076716593
Standard U-Net (Base),RET_Cirrus_4d1f2722e3f9c55b689621d1228526db_slice033.png,1,1071,1069,0.9128383288602689
Standard U-Net (Base),RET_Cirrus_4d1f2722e3f9c55b689621d1228526db_slice034.png,1,942,1024,0.8276184546527654
Standard U-Net (Base),RET_Cirrus_4d1f2722e3f9c55b689621d1228526db_slice035.png,1,932,927,0.9028374211438662
Standard U-Net (Base),RET_Cirrus_4d1f2722e3f9c55b689621d1228526db_slice036.png,1,885,917,0.8928413504423749
Standard U-Net (Base),RET_Cirrus_4d1f2722e3f9c55b689621d1228526db_slice041.png,1,1239,1186,0.8052869848156856
Standard U-Net (Base),RET_Cirrus_4d1f2722e3f9c55b689621d1228526db_slice042.png,1,1431,1455,0.9139236040208628
Standard U-Net (Base),RET_Cirrus_4d1f2722e3f9c55b689621d1228526db_slice043.png,1,1191,1199,0.9038113662081342
Standard U-Net (Base),RET_Cirrus_4d1f2722e3f9c55b689621d1228526db_slice044.png,1,1072,1206,0.9131069036642823
Standard U-Net (Base),RET_Cirrus_4d1f2722e3f9c55b689621d1228526db_slice045.png,1,1243,1191,0.9065019960682846
Standard U-Net (Base),RET_Cirrus_4d1f2722e3f9c55b689621d1228526db_slice046.png,1,1162,1225,0.8680100611118133
Standard U-Net (Base),RET_Cirrus_4d1f2722e3f9c55b689621d1228526db_slice047.png,1,1306,1293,0.7936623247771459
Standard U-Net (Base),RET_Cirrus_4d1f2722e3f9c55b689621d1228526db_slice048.png,1,1404,1343,0.8242736575732769
Standard U-Net (Base),RET_Cirrus_4d1f2722e3f9c55b689621d1228526db_slice049.png,1,1232,1233,0.8521699850085399
Standard U-Net (Base),RET_Cirrus_4d1f2722e3f9c55b689621d1228526db_slice050.png,1,1240,1291,0.8105430821189588
Standard U-Net (Base),RET_Cirrus_4d1f2722e3f9c55b689621d1228526db_slice051.png,1,1147,1190,0.8157192707860051
Standard U-Net (Base),RET_Cirrus_4d1f2722e3f9c55b689621d1228526db_slice055.png,1,1468,1445,0.8520825387617945
Standard U-Net (Base),RET_Cirrus_4d1f2722e3f9c55b689621d1228526db_slice056.png,1,1537,1538,0.863498495285493
Standard U-Net (Base),RET_Cirrus_4d1f2722e3f9c55b689621d1228526db_slice058.png,1,886,1250,0.8103128627190284
Standard U-Net (Base),RET_Cirrus_4d1f2722e3f9c55b689621d1228526db_slice060.png,1,1158,1270,0.8422260762292627
Standard U-Net (Base),RET_Cirrus_4d1f2722e3f9c55b689621d1228526db_slice061.png,1,1301,1438,0.8751601415708362
Standard U-Net (Base),RET_Cirrus_4d1f2722e3f9c55b689621d1228526db_slice062.png,1,938,966,0.8803147716257472
Standard U-Net (Base),RET_Cirrus_4d1f2722e3f9c55b689621d1228526db_slice063.png,1,1332,1383,0.8666811246902638
Standard U-Net (Base),RET_Cirrus_4d1f2722e3f9c55b689621d1228526db_slice065.png,1,1358,1476,0.8935883323979165
Standard U-Net (Base),RET_Cirrus_4d1f2722e3f9c55b689621d1228526db_slice066.png,1,1752,1819,0.8945548406408208
Standard U-Net (Base),RET_Cirrus_4d1f2722e3f9c55b689621d1228526db_slice067.png,1,1409,1532,0.8706836592483934
Standard U-Net (Base),RET_Cirrus_4d1f2722e3f9c55b689621d1228526db_slice069.png,1,1554,1613,0.9013914114187852
Standard U-Net (Base),RET_Cirrus_4d1f2722e3f9c55b689621d1228526db_slice070.png,1,1598,1622,0.8888664129218844
Standard U-Net (Base),RET_Cirrus_4d1f2722e3f9c55b689621d1228526db_slice071.png,1,1760,1646,0.8733219574717653
Standard U-Net (Base),RET_Cirrus_4d1f2722e3f9c55b689621d1228526db_slice072.png,1,1220,1283,0.7435526716259367
Standard U-Net (Base),RET_Cirrus_4d1f2722e3f9c55b689621d1228526db_slice073.png,1,1137,1100,0.8774965953914515
Standard U-Net (Base),RET_Cirrus_4d1f2722e3f9c55b689621d1228526db_slice074.png,1,1146,1121,0.8571765808798097
Standard U-Net (Base),RET_Cirrus_4d1f2722e3f9c55b689621d1228526db_slice075.png,1,862,909,0.8391063263161909
Standard U-Net (Base),RET_Cirrus_4d1f2722e3f9c55b689621d1228526db_slice077.png,1,651,657,0.8913848760120755
Standard U-Net (Base),RET_Cirrus_4d1f2722e3f9c55b689621d1228526db_slice078.png,1,614,628,0.874691355965681
Standard U-Net (Base),RET_Cirrus_4d1f2722e3f9c55b689621d1228526db_slice079.png,1,574,609,0.868960861066227
Standard U-Net (Base),RET_Cirrus_4d1f2722e3f9c55b689621d1228526db_slice080.png,1,371,459,0.8376644068033542
Standard U-Net (Base),RET_Cirrus_4d1f2722e3f9c55b689621d1228526db_slice082.png,1,443,485,0.9030172404062314
Standard U-Net (Base),RET_Cirrus_4d1f2722e3f9c55b689621d1228526db_slice083.png,1,376,507,0.8289920715413454
Standard U-Net (Base),RET_Cirrus_4d1f2722e3f9c55b689621d1228526db_slice084.png,1,694,632,0.8104002152431973
Standard U-Net (Base),RET_Cirrus_4d1f2722e3f9c55b689621d1228526db_slice085.png,1,643,564,0.84507042183507
Standard U-Net (Base),RET_Cirrus_4d1f2722e3f9c55b689621d1228526db_slice086.png,1,384,411,0.8628930806756062
Standard U-Net (Base),RET_Cirrus_4d1f2722e3f9c55b689621d1228526db_slice087.png,1,293,324,0.8330632077259915
Standard U-Net (Base),RET_Cirrus_4d1f2722e3f9c55b689621d1228526db_slice088.png,1,364,388,0.8643617009782424
Standard U-Net (Base),RET_Cirrus_4d1f2722e3f9c55b689621d1228526db_slice090.png,1,340,341,0.8281938313829753
Standard U-Net (Base),RET_Cirrus_4d1f2722e3f9c55b689621d1228526db_slice092.png,1,230,224,0.863436121446176
Standard U-Net (Base),RET_Cirrus_4d1f2722e3f9c55b689621d1228526db_slice098.png,0,0,0,
Standard U-Net (Base),RET_Cirrus_4d1f2722e3f9c55b689621d1228526db_slice112.png,0,0,0,
Standard U-Net (Base),RET_Cirrus_5fef2f4c2adcda3b9e07801f713d4ccf_slice001.png,0,0,0,
Standard U-Net (Base),RET_Cirrus_5fef2f4c2adcda3b9e07801f713d4ccf_slice014.png,0,0,0,
Standard U-Net (Base),RET_Cirrus_5fef2f4c2adcda3b9e07801f713d4ccf_slice016.png,0,0,25,
Standard U-Net (Base),RET_Cirrus_5fef2f4c2adcda3b9e07801f713d4ccf_slice024.png,0,0,37,
Standard U-Net (Base),RET_Cirrus_5fef2f4c2adcda3b9e07801f713d4ccf_slice030.png,1,172,160,0.8313252987008274
Standard U-Net (Base),RET_Cirrus_5fef2f4c2adcda3b9e07801f713d4ccf_slice032.png,1,330,336,0.8651162777285019
Standard U-Net (Base),RET_Cirrus_5fef2f4c2adcda3b9e07801f713d4ccf_slice033.png,1,398,416,0.9017199006121377
Standard U-Net (Base),RET_Cirrus_5fef2f4c2adcda3b9e07801f713d4ccf_slice034.png,1,416,431,0.9195678260269294
Standard U-Net (Base),RET_Cirrus_5fef2f4c2adcda3b9e07801f713d4ccf_slice035.png,1,485,492,0.8649971942397506
Standard U-Net (Base),RET_Cirrus_5fef2f4c2adcda3b9e07801f713d4ccf_slice036.png,1,427,562,0.8110536662257505
Standard U-Net (Base),RET_Cirrus_5fef2f4c2adcda3b9e07801f713d4ccf_slice038.png,1,458,517,0.8865499146894795
Standard U-Net (Base),RET_Cirrus_5fef2f4c2adcda3b9e07801f713d4ccf_slice039.png,1,658,672,0.9020744754867407
Standard U-Net (Base),RET_Cirrus_5fef2f4c2adcda3b9e07801f713d4ccf_slice045.png,1,1563,1587,0.9688888885813052
Standard U-Net (Base),RET_Cirrus_5fef2f4c2adcda3b9e07801f713d4ccf_slice046.png,1,1897,1833,0.9597855225308887
Standard U-Net (Base),RET_Cirrus_5fef2f4c2adcda3b9e07801f713d4ccf_slice048.png,1,2262,2305,0.818455649644501
Standard U-Net (Base),RET_Cirrus_5fef2f4c2adcda3b9e07801f713d4ccf_slice049.png,1,2512,2487,0.9657108480116882
Standard U-Net (Base),RET_Cirrus_5fef2f4c2adcda3b9e07801f713d4ccf_slice050.png,1,2601,2700,0.9612696011786757
Standard U-Net (Base),RET_Cirrus_5fef2f4c2adcda3b9e07801f713d4ccf_slice051.png,1,2702,2639,0.7318506571624477
Standard U-Net (Base),RET_Cirrus_5fef2f4c2adcda3b9e07801f713d4ccf_slice052.png,1,2763,2744,0.9754857452377907
Standard U-Net (Base),RET_Cirrus_5fef2f4c2adcda3b9e07801f713d4ccf_slice053.png,1,2729,2732,0.9063119957558896
Standard U-Net (Base),RET_Cirrus_5fef2f4c2adcda3b9e07801f713d4ccf_slice054.png,1,2685,2694,0.9126643762825197
Standard U-Net (Base),RET_Cirrus_5fef2f4c2adcda3b9e07801f713d4ccf_slice055.png,1,2448,2494,0.9390254027151432
Standard U-Net (Base),RET_Cirrus_5fef2f4c2adcda3b9e07801f713d4ccf_slice059.png,1,1981,1984,0.90455563469295
Standard U-Net (Base),RET_Cirrus_5fef2f4c2adcda3b9e07801f713d4ccf_slice062.png,1,1720,1752,0.9039493489326498
Standard U-Net (Base),RET_Cirrus_5fef2f4c2adcda3b9e07801f713d4ccf_slice063.png,1,1938,1936,0.9430119639540028
Standard U-Net (Base),RET_Cirrus_5fef2f4c2adcda3b9e07801f713d4ccf_slice065.png,1,1896,1940,0.903653739602367
Standard U-Net (Base),RET_Cirrus_5fef2f4c2adcda3b9e07801f713d4ccf_slice067.png,1,2118,2079,0.8988613539312095
Standard U-Net (Base),RET_Cirrus_5fef2f4c2adcda3b9e07801f713d4ccf_slice068.png,1,2087,2041,0.9046106175975122
Standard U-Net (Base),RET_Cirrus_5fef2f4c2adcda3b9e07801f713d4ccf_slice069.png,1,2184,2185,0.9313667623126158
Standard U-Net (Base),RET_Cirrus_5fef2f4c2adcda3b9e07801f713d4ccf_slice070.png,1,2056,2182,0.9411256886580524
Standard U-Net (Base),RET_Cirrus_5fef2f4c2adcda3b9e07801f713d4ccf_slice072.png,1,2285,2195,0.9482395789609985
Standard U-Net (Base),RET_Cirrus_5fef2f4c2adcda3b9e07801f713d4ccf_slice073.png,1,2299,2254,0.9502661951245877
Standard U-Net (Base),RET_Cirrus_5fef2f4c2adcda3b9e07801f713d4ccf_slice074.png,1,2213,2229,0.9638515388993946
Standard U-Net (Base),RET_Cirrus_5fef2f4c2adcda3b9e07801f713d4ccf_slice075.png,1,2250,2210,0.9322359766736026
Standard U-Net (Base),RET_Cirrus_5fef2f4c2adcda3b9e07801f713d4ccf_slice080.png,1,1486,1480,0.9224544838427329
Standard U-Net (Base),RET_Cirrus_5fef2f4c2adcda3b9e07801f713d4ccf_slice082.png,1,951,1007,0.934627170104889
Standard U-Net (Base),RET_Cirrus_5fef2f4c2adcda3b9e07801f713d4ccf_slice084.png,1,536,653,0.8653683311893579
Standard U-Net (Base),RET_Cirrus_5fef2f4c2adcda3b9e07801f713d4ccf_slice086.png,1,510,558,0.8557825027657316
Standard U-Net (Base),RET_Cirrus_5fef2f4c2adcda3b9e07801f713d4ccf_slice087.png,1,382,414,0.8711363460131021
Standard U-Net (Base),RET_Cirrus_5fef2f4c2adcda3b9e07801f713d4ccf_slice088.png,1,443,482,0.8895016306308088
Standard U-Net (Base),RET_Cirrus_5fef2f4c2adcda3b9e07801f713d4ccf_slice089.png,1,332,389,0.9104258430096537
Standard U-Net (Base),RET_Cirrus_5fef2f4c2adcda3b9e07801f713d4ccf_slice090.png,1,331,369,0.885887333661511
Standard U-Net (Base),RET_Cirrus_5fef2f4c2adcda3b9e07801f713d4ccf_slice091.png,1,274,341,0.8391232391650902
Standard U-Net (Base),RET_Cirrus_5fef2f4c2adcda3b9e07801f713d4ccf_slice092.png,1,352,361,0.9039454281366844
Standard U-Net (Base),RET_Cirrus_5fef2f4c2adcda3b9e07801f713d4ccf_slice093.png,1,418,372,0.8534456576626249
Standard U-Net (Base),RET_Cirrus_5fef2f4c2adcda3b9e07801f713d4ccf_slice094.png,1,335,301,0.7772194291838871
Standard U-Net (Base),RET_Cirrus_5fef2f4c2adcda3b9e07801f713d4ccf_slice095.png,1,353,385,0.8994252860640441
Standard U-Net (Base),RET_Cirrus_5fef2f4c2adcda3b9e07801f713d4ccf_slice096.png,1,359,328,0.8850072767321583
Standard U-Net (Base),RET_Cirrus_5fef2f4c2adcda3b9e07801f713d4ccf_slice101.png,0,0,15,
Standard U-Net (Base),RET_Cirrus_5fef2f4c2adcda3b9e07801f713d4ccf_slice110.png,0,0,0,
Standard U-Net (Base),RET_Cirrus_5fef2f4c2adcda3b9e07801f713d4ccf_slice116.png,0,0,0,
Standard U-Net (Base),RET_Cirrus_5fef2f4c2adcda3b9e07801f713d4ccf_slice120.png,0,0,0,
Standard U-Net (Base),RET_Cirrus_6107c818602ec2abf340a89b8e225b12_slice002.png,1,392,392,0.8418367336201062
Standard U-Net (Base),RET_Cirrus_6107c818602ec2abf340a89b8e225b12_slice004.png,1,544,567,0.8550855077812011
Standard U-Net (Base),RET_Cirrus_6107c818602ec2abf340a89b8e225b12_slice005.png,1,377,345,0.8504155112875131
Standard U-Net (Base),RET_Cirrus_6107c818602ec2abf340a89b8e225b12_slice006.png,1,318,386,0.8124999988458806
Standard U-Net (Base),RET_Cirrus_6107c818602ec2abf340a89b8e225b12_slice008.png,1,410,460,0.8758620679587792
Standard U-Net (Base),RET_Cirrus_6107c818602ec2abf340a89b8e225b12_slice009.png,1,417,510,0.8651564176211904
Standard U-Net (Base),RET_Cirrus_6107c818602ec2abf340a89b8e225b12_slice010.png,1,459,611,0.8056074758826097
Standard U-Net (Base),RET_Cirrus_6107c818602ec2abf340a89b8e225b12_slice011.png,1,687,750,0.8559498950202157
Standard U-Net (Base),RET_Cirrus_6107c818602ec2abf340a89b8e225b12_slice012.png,1,669,702,0.7833698024920716
Standard U-Net (Base),RET_Cirrus_6107c818602ec2abf340a89b8e225b12_slice014.png,1,723,794,0.8213579427677271
Standard U-Net (Base),RET_Cirrus_6107c818602ec2abf340a89b8e225b12_slice020.png,1,599,832,0.7980433257875308
Standard U-Net (Base),RET_Cirrus_6107c818602ec2abf340a89b8e225b12_slice022.png,1,718,793,0.8616810053860482
Standard U-Net (Base),RET_Cirrus_6107c818602ec2abf340a89b8e225b12_slice023.png,1,680,989,0.7022168959243756
Standard U-Net (Base),RET_Cirrus_6107c818602ec2abf340a89b8e225b12_slice024.png,1,973,1015,0.8712273637468675
Standard U-Net (Base),RET_Cirrus_6107c818602ec2abf340a89b8e225b12_slice025.png,1,847,989,0.8159041389891589
Standard U-Net (Base),RET_Cirrus_6107c818602ec2abf340a89b8e225b12_slice026.png,1,1126,1352,0.822437449224198
Standard U-Net (Base),RET_Cirrus_6107c818602ec2abf340a89b8e225b12_slice028.png,1,926,1137,0.8608822099559467
Standard U-Net (Base),RET_Cirrus_6107c818602ec2abf340a89b8e225b12_slice029.png,1,809,1190,0.7573786889657935
Standard U-Net (Base),RET_Cirrus_6107c818602ec2abf340a89b8e225b12_slice030.png,1,1014,1274,0.835676625291882
Standard U-Net (Base),RET_Cirrus_6107c818602ec2abf340a89b8e225b12_slice031.png,1,1177,1134,0.7832107309462524
Standard U-Net (Base),RET_Cirrus_6107c818602ec2abf340a89b8e225b12_slice033.png,1,660,983,0.7267194152606699
Standard U-Net (Base),RET_Cirrus_6107c818602ec2abf340a89b8e225b12_slice034.png,1,903,1243,0.7604846221992151
Standard U-Net (Base),RET_Cirrus_6107c818602ec2abf340a89b8e225b12_slice035.png,1,813,886,0.7145379630873819
Standard U-Net (Base),RET_Cirrus_6107c818602ec2abf340a89b8e225b12_slice036.png,1,888,939,0.8166392989509363
Standard U-Net (Base),RET_Cirrus_6107c818602ec2abf340a89b8e225b12_slice037.png,1,564,798,0.7533039642046225
Standard U-Net (Base),RET_Cirrus_6107c818602ec2abf340a89b8e225b12_slice039.png,1,765,797,0.8527528803759584
Standard U-Net (Base),RET_Cirrus_6107c818602ec2abf340a89b8e225b12_slice041.png,1,875,976,0.7995678007565814
Standard U-Net (Base),RET_Cirrus_6107c818602ec2abf340a89b8e225b12_slice042.png,1,620,805,0.8280701748574946
Standard U-Net (Base),RET_Cirrus_6107c818602ec2abf340a89b8e225b12_slice043.png,1,1122,1316,0.8342904016266242
Standard U-Net (Base),RET_Cirrus_6107c818602ec2abf340a89b8e225b12_slice046.png,1,1270,1610,0.8097222219410687
Standard U-Net (Base),RET_Cirrus_6107c818602ec2abf340a89b8e225b12_slice047.png,1,1131,1254,0.8570230604373069
Standard U-Net (Base),RET_Cirrus_6107c818602ec2abf340a89b8e225b12_slice049.png,1,713,1003,0.7564102559694579
Standard U-Net (Base),RET_Cirrus_6107c818602ec2abf340a89b8e225b12_slice050.png,1,995,1381,0.7651515148294817
Standard U-Net (Base),RET_Cirrus_6107c818602ec2abf340a89b8e225b12_slice051.png,1,1931,2030,0.8583690984957413
Standard U-Net (Base),RET_Cirrus_6107c818602ec2abf340a89b8e225b12_slice052.png,1,1201,1457,0.8034703882295472
Standard U-Net (Base),RET_Cirrus_6107c818602ec2abf340a89b8e225b12_slice053.png,1,2046,2113,0.877614811041689
Standard U-Net (Base),RET_Cirrus_6107c818602ec2abf340a89b8e225b12_slice054.png,1,1285,1502,0.8460710438298992
Standard U-Net (Base),RET_Cirrus_6107c818602ec2abf340a89b8e225b12_slice055.png,1,1577,1830,0.8335779275510484
Standard U-Net (Base),RET_Cirrus_6107c818602ec2abf340a89b8e225b12_slice056.png,1,2077,2206,0.8246556150304329
Standard U-Net (Base),RET_Cirrus_6107c818602ec2abf340a89b8e225b12_slice057.png,1,1844,2058,0.868785238116662
Standard U-Net (Base),RET_Cirrus_6107c818602ec2abf340a89b8e225b12_slice058.png,1,2592,2678,0.8812144210851585
Standard U-Net (Base),RET_Cirrus_6107c818602ec2abf340a89b8e225b12_slice059.png,1,3294,3642,0.8653402536237975
Standard U-Net (Base),RET_Cirrus_6107c818602ec2abf340a89b8e225b12_slice060.png,1,2278,2904,0.8058664606704232
Standard U-Net (Base),RET_Cirrus_6107c818602ec2abf340a89b8e225b12_slice061.png,1,2375,2487,0.8531468529713807
Standard U-Net (Base),RET_Cirrus_6107c818602ec2abf340a89b8e225b12_slice062.png,1,2746,2841,0.873456237538311
Standard U-Net (Base),RET_Cirrus_6107c818602ec2abf340a89b8e225b12_slice064.png,1,3128,3275,0.8841577957288419
Standard U-Net (Base),RET_Cirrus_6107c818602ec2abf340a89b8e225b12_slice065.png,1,3637,3689,0.9003549002320017
Standard U-Net (Base),RET_Cirrus_6107c818602ec2abf340a89b8e225b12_slice067.png,1,2012,2316,0.8627177698344441
Standard U-Net (Base),RET_Cirrus_6107c818602ec2abf340a89b8e225b12_slice068.png,1,2993,3515,0.859557467599945
Standard U-Net (Base),RET_Cirrus_6107c818602ec2abf340a89b8e225b12_slice069.png,1,3003,3534,0.8376931312776972
Standard U-Net (Base),RET_Cirrus_6107c818602ec2abf340a89b8e225b12_slice070.png,1,1792,1900,0.9030335858875858
Standard U-Net (Base),RET_Cirrus_6107c818602ec2abf340a89b8e225b12_slice072.png,1,1756,2113,0.8441457738836532
Standard U-Net (Base),RET_Cirrus_6107c818602ec2abf340a89b8e225b12_slice074.png,1,1585,1819,0.8511764703378893
Standard U-Net (Base),RET_Cirrus_6107c818602ec2abf340a89b8e225b12_slice075.png,1,1679,1794,0.8885689602969856
Standard U-Net (Base),RET_Cirrus_6107c818602ec2abf340a89b8e225b12_slice076.png,1,967,1479,0.7547015532482824
Standard U-Net (Base),RET_Cirrus_6107c818602ec2abf340a89b8e225b12_slice079.png,1,759,898,0.839611178104732
Standard U-Net (Base),RET_Cirrus_6107c818602ec2abf340a89b8e225b12_slice081.png,1,861,992,0.8300053962061492
Standard U-Net (Base),RET_Cirrus_6107c818602ec2abf340a89b8e225b12_slice082.png,1,701,754,0.8604810990649614
Standard U-Net (Base),RET_Cirrus_6107c818602ec2abf340a89b8e225b12_slice083.png,1,414,578,0.7177419347603408
Standard U-Net (Base),RET_Cirrus_6107c818602ec2abf340a89b8e225b12_slice084.png,1,514,537,0.8544243569415562
Standard U-Net (Base),RET_Cirrus_6107c818602ec2abf340a89b8e225b12_slice085.png,1,470,478,0.8459915602890384
Standard U-Net (Base),RET_Cirrus_6107c818602ec2abf340a89b8e225b12_slice086.png,1,237,274,0.8101761236591465
Standard U-Net (Base),RET_Cirrus_6107c818602ec2abf340a89b8e225b12_slice087.png,1,262,236,0.7630522073031081
Standard U-Net (Base),RET_Cirrus_6107c818602ec2abf340a89b8e225b12_slice088.png,1,262,297,0.8050089431037407
Standard U-Net (Base),RET_Cirrus_6107c818602ec2abf340a89b8e225b12_slice089.png,1,255,258,0.8849902516861788
Standard U-Net (Base),RET_Cirrus_6107c818602ec2abf340a89b8e225b12_slice090.png,1,212,210,0.8598574801428563
Standard U-Net (Base),RET_Cirrus_6107c818602ec2abf340a89b8e225b12_slice092.png,1,26,25,0.8235293956170707
Standard U-Net (Base),RET_Cirrus_6107c818602ec2abf340a89b8e225b12_slice093.png,1,76,65,0.8510638237513204
Standard U-Net (Base),RET_Cirrus_6107c818602ec2abf340a89b8e225b12_slice100.png,0,0,0,
Standard U-Net (Base),RET_Cirrus_6107c818602ec2abf340a89b8e225b12_slice107.png,1,25,28,0.9056603602705593
Standard U-Net (Base),RET_Cirrus_6107c818602ec2abf340a89b8e225b12_slice108.png,1,25,33,0.8620689506539837
Standard U-Net (Base),RET_Cirrus_6107c818602ec2abf340a89b8e225b12_slice112.png,0,0,1,
Standard U-Net (Base),RET_Cirrus_6107c818602ec2abf340a89b8e225b12_slice121.png,0,0,0,
Standard U-Net (Base),RET_Cirrus_644b104a47cf811b3828eb4655284991_slice008.png,0,0,0,
Standard U-Net (Base),RET_Cirrus_644b104a47cf811b3828eb4655284991_slice015.png,0,0,0,
Standard U-Net (Base),RET_Cirrus_644b104a47cf811b3828eb4655284991_slice025.png,1,65,56,0.8760330506112971
Standard U-Net (Base),RET_Cirrus_644b104a47cf811b3828eb4655284991_slice026.png,1,80,96,0.9090909039256199
Standard U-Net (Base),RET_Cirrus_644b104a47cf811b3828eb4655284991_slice028.png,1,108,100,0.8942307649315828
Standard U-Net (Base),RET_Cirrus_644b104a47cf811b3828eb4655284991_slice029.png,1,153,151,0.8815789444684903
Standard U-Net (Base),RET_Cirrus_644b104a47cf811b3828eb4655284991_slice030.png,1,254,256,0.8890645546346434
Standard U-Net (Base),RET_Cirrus_644b104a47cf811b3828eb4655284991_slice031.png,1,299,282,0.8971967549452462
Standard U-Net (Base),RET_Cirrus_644b104a47cf811b3828eb4655284991_slice032.png,1,553,574,0.9450133319996206
Standard U-Net (Base),RET_Cirrus_644b104a47cf811b3828eb4655284991_slice033.png,1,844,841,0.9549440151836154
Standard U-Net (Base),RET_Cirrus_644b104a47cf811b3828eb4655284991_slice034.png,1,1023,1083,0.9447712398295646
Standard U-Net (Base),RET_Cirrus_644b104a47cf811b3828eb4655284991_slice035.png,1,1269,1326,0.9505526595593259
Standard U-Net (Base),RET_Cirrus_644b104a47cf811b3828eb4655284991_slice037.png,1,1670,1774,0.9455268338754104
Standard U-Net (Base),RET_Cirrus_644b104a47cf811b3828eb4655284991_slice038.png,1,2073,2130,0.9509577964762588
Standard U-Net (Base),RET_Cirrus_644b104a47cf811b3828eb4655284991_slice039.png,1,2391,2445,0.9589196109871921
Standard U-Net (Base),RET_Cirrus_644b104a47cf811b3828eb4655284991_slice040.png,1,2661,2693,0.9277436818423674
Standard U-Net (Base),RET_Cirrus_644b104a47cf811b3828eb4655284991_slice041.png,1,3154,2993,0.9200557226542448
Standard U-Net (Base),RET_Cirrus_644b104a47cf811b3828eb4655284991_slice043.png,1,3305,3488,0.9402141594744099
Standard U-Net (Base),RET_Cirrus_644b104a47cf811b3828eb4655284991_slice044.png,1,3777,3938,0.9574204645827844
Standard U-Net (Base),RET_Cirrus_644b104a47cf811b3828eb4655284991_slice045.png,1,4373,4339,0.9378472905763415
Standard U-Net (Base),RET_Cirrus_644b104a47cf811b3828eb4655284991_slice046.png,1,4357,4587,0.9469897607214668
Standard U-Net (Base),RET_Cirrus_644b104a47cf811b3828eb4655284991_slice047.png,1,4700,4857,0.9474746284693112
Standard U-Net (Base),RET_Cirrus_644b104a47cf811b3828eb4655284991_slice048.png,1,5095,5209,0.9525662711945708
Standard U-Net (Base),RET_Cirrus_644b104a47cf811b3828eb4655284991_slice051.png,1,5273,5647,0.941076933495693
Standard U-Net (Base),RET_Cirrus_644b104a47cf811b3828eb4655284991_slice054.png,1,5909,6328,0.9406552047049107
Standard U-Net (Base),RET_Cirrus_644b104a47cf811b3828eb4655284991_slice057.png,1,6553,6668,0.9515353928876398
Standard U-Net (Base),RET_Cirrus_644b104a47cf811b3828eb4655284991_slice058.png,1,6895,6999,0.9489555969076935
Standard U-Net (Base),RET_Cirrus_644b104a47cf811b3828eb4655284991_slice059.png,1,7061,7240,0.9409651914536017
Standard U-Net (Base),RET_Cirrus_644b104a47cf811b3828eb4655284991_slice060.png,1,7236,7335,0.9352189696360875
Standard U-Net (Base),RET_Cirrus_644b104a47cf811b3828eb4655284991_slice061.png,1,7122,7287,0.920263219697678
Standard U-Net (Base),RET_Cirrus_644b104a47cf811b3828eb4655284991_slice062.png,1,7594,7549,0.9468720292380344
Standard U-Net (Base),RET_Cirrus_644b104a47cf811b3828eb4655284991_slice065.png,1,7460,7749,0.9498480378124907
Standard U-Net (Base),RET_Cirrus_644b104a47cf811b3828eb4655284991_slice067.png,1,7741,7598,0.951705121305918
Standard U-Net (Base),RET_Cirrus_644b104a47cf811b3828eb4655284991_slice068.png,1,7419,7423,0.9596272615753838
Standard U-Net (Base),RET_Cirrus_644b104a47cf811b3828eb4655284991_slice069.png,1,7474,7589,0.9606982907122882
Standard U-Net (Base),RET_Cirrus_644b104a47cf811b3828eb4655284991_slice070.png,1,7365,7557,0.9542065632480421
Standard U-Net (Base),RET_Cirrus_644b104a47cf811b3828eb4655284991_slice071.png,1,7777,7719,0.9587866078002909
Standard U-Net (Base),RET_Cirrus_644b104a47cf811b3828eb4655284991_slice073.png,1,7358,7359,0.939996528751412
Standard U-Net (Base),RET_Cirrus_644b104a47cf811b3828eb4655284991_slice075.png,1,7173,7314,0.9599792821128845
Standard U-Net (Base),RET_Cirrus_644b104a47cf811b3828eb4655284991_slice076.png,1,7433,7425,0.9578175135029671
Standard U-Net (Base),RET_Cirrus_644b104a47cf811b3828eb4655284991_slice077.png,1,7051,7196,0.9563778457917183
Standard U-Net (Base),RET_Cirrus_644b104a47cf811b3828eb4655284991_slice080.png,1,6900,6858,0.9550871277848577
Standard U-Net (Base),RET_Cirrus_644b104a47cf811b3828eb4655284991_slice081.png,1,7093,7141,0.9623522947684036
Standard U-Net (Base),RET_Cirrus_644b104a47cf811b3828eb4655284991_slice083.png,1,7542,7322,0.955604884246785
Standard U-Net (Base),RET_Cirrus_644b104a47cf811b3828eb4655284991_slice085.png,1,7255,7091,0.9554365212003149
Standard U-Net (Base),RET_Cirrus_644b104a47cf811b3828eb4655284991_slice086.png,1,6877,6768,0.9648061503308358
Standard U-Net (Base),RET_Cirrus_644b104a47cf811b3828eb4655284991_slice089.png,1,6632,6567,0.9667733355265176
Standard U-Net (Base),RET_Cirrus_644b104a47cf811b3828eb4655284991_slice090.png,1,6256,6409,0.9682695161445225
Standard U-Net (Base),RET_Cirrus_644b104a47cf811b3828eb4655284991_slice093.png,1,5715,5726,0.9607150299944889
Standard U-Net (Base),RET_Cirrus_644b104a47cf811b3828eb4655284991_slice094.png,1,5770,5862,0.9606419697999478
Standard U-Net (Base),RET_Cirrus_644b104a47cf811b3828eb4655284991_slice095.png,1,5815,5793,0.9602950907095817
Standard U-Net (Base),RET_Cirrus_644b104a47cf811b3828eb4655284991_slice096.png,1,5689,5607,0.959820863461091
Standard U-Net (Base),RET_Cirrus_644b104a47cf811b3828eb4655284991_slice098.png,1,5353,5305,0.9658988811733165
Standard U-Net (Base),RET_Cirrus_644b104a47cf811b3828eb4655284991_slice102.png,1,4560,4582,0.9580763906044749
Standard U-Net (Base),RET_Cirrus_644b104a47cf811b3828eb4655284991_slice104.png,1,4119,4078,0.9631171628042361
Standard U-Net (Base),RET_Cirrus_644b104a47cf811b3828eb4655284991_slice106.png,1,3503,3486,0.9531444204998794
Standard U-Net (Base),RET_Cirrus_644b104a47cf811b3828eb4655284991_slice107.png,1,3026,3067,0.9516405629994404
Standard U-Net (Base),RET_Cirrus_644b104a47cf811b3828eb4655284991_slice108.png,1,2684,2717,0.9583461154496684
Standard U-Net (Base),RET_Cirrus_644b104a47cf811b3828eb4655284991_slice109.png,1,2413,2382,0.959924937360333
Standard U-Net (Base),RET_Cirrus_644b104a47cf811b3828eb4655284991_slice114.png,1,1169,1099,0.9382716045245717
Standard U-Net (Base),RET_Cirrus_644b104a47cf811b3828eb4655284991_slice116.png,1,997,1005,0.9440559435843876
Standard U-Net (Base),RET_Cirrus_644b104a47cf811b3828eb4655284991_slice118.png,1,732,699,0.9392033536413672
Standard U-Net (Base),RET_Cirrus_644b104a47cf811b3828eb4655284991_slice119.png,1,587,596,0.950126795477492
Standard U-Net (Base),RET_Cirrus_644b104a47cf811b3828eb4655284991_slice122.png,1,202,170,0.8548387073794659
Standard U-Net (Base),RET_Cirrus_644b104a47cf811b3828eb4655284991_slice123.png,1,70,60,0.7846153785798817
Standard U-Net (Base),RET_Cirrus_6a96f7c246314e625bacfb78d18ad09e_slice001.png,0,0,0,
Standard U-Net (Base),RET_Cirrus_6a96f7c246314e625bacfb78d18ad09e_slice008.png,0,0,0,
Standard U-Net (Base),RET_Cirrus_6a96f7c246314e625bacfb78d18ad09e_slice017.png,0,0,0,
Standard U-Net (Base),RET_Cirrus_6a96f7c246314e625bacfb78d18ad09e_slice037.png,0,0,0,
Standard U-Net (Base),RET_Cirrus_6a96f7c246314e625bacfb78d18ad09e_slice039.png,0,0,0,
Standard U-Net (Base),RET_Cirrus_6a96f7c246314e625bacfb78d18ad09e_slice046.png,1,10,9,0.8421052188365674
Standard U-Net (Base),RET_Cirrus_6a96f7c246314e625bacfb78d18ad09e_slice048.png,1,12,11,0.8695651795841226
Standard U-Net (Base),RET_Cirrus_6a96f7c246314e625bacfb78d18ad09e_slice049.png,1,33,42,0.7199999904000002
Standard U-Net (Base),RET_Cirrus_6a96f7c246314e625bacfb78d18ad09e_slice051.png,1,24,35,0.7796610037345593
Standard U-Net (Base),RET_Cirrus_6a96f7c246314e625bacfb78d18ad09e_slice052.png,1,18,17,0.6857142661224496
Standard U-Net (Base),RET_Cirrus_6a96f7c246314e625bacfb78d18ad09e_slice053.png,1,127,103,0.7913043443856332
Standard U-Net (Base),RET_Cirrus_6a96f7c246314e625bacfb78d18ad09e_slice054.png,1,119,112,0.8398268361912258
Standard U-Net (Base),RET_Cirrus_6a96f7c246314e625bacfb78d18ad09e_slice057.png,1,182,163,0.8057970991136316
Standard U-Net (Base),RET_Cirrus_6a96f7c246314e625bacfb78d18ad09e_slice058.png,1,200,240,0.8499999980681818
Standard U-Net (Base),RET_Cirrus_6a96f7c246314e625bacfb78d18ad09e_slice059.png,1,275,285,0.8749999984375
Standard U-Net (Base),RET_Cirrus_6a96f7c246314e625bacfb78d18ad09e_slice060.png,1,270,270,0.8666666650617284
Standard U-Net (Base),RET_Cirrus_6a96f7c246314e625bacfb78d18ad09e_slice062.png,1,333,335,0.9041916154128868
Standard U-Net (Base),RET_Cirrus_6a96f7c246314e625bacfb78d18ad09e_slice063.png,1,285,262,0.9031078594093093
Standard U-Net (Base),RET_Cirrus_6a96f7c246314e625bacfb78d18ad09e_slice064.png,1,507,486,0.9345417916067051
Standard U-Net (Base),RET_Cirrus_6a96f7c246314e625bacfb78d18ad09e_slice065.png,1,406,395,0.9263420712530062
Standard U-Net (Base),RET_Cirrus_6a96f7c246314e625bacfb78d18ad09e_slice066.png,1,492,454,0.9027484134220418
Standard U-Net (Base),RET_Cirrus_6a96f7c246314e625bacfb78d18ad09e_slice067.png,1,478,480,0.912317326813865
Standard U-Net (Base),RET_Cirrus_6a96f7c246314e625bacfb78d18ad09e_slice068.png,1,502,487,0.9261880678198301
Standard U-Net (Base),RET_Cirrus_6a96f7c246314e625bacfb78d18ad09e_slice069.png,1,617,565,0.9153976303592236
Standard U-Net (Base),RET_Cirrus_6a96f7c246314e625bacfb78d18ad09e_slice070.png,1,623,615,0.9273020994125184
Standard U-Net (Base),RET_Cirrus_6a96f7c246314e625bacfb78d18ad09e_slice071.png,1,432,453,0.8903954792198921
Standard U-Net (Base),RET_Cirrus_6a96f7c246314e625bacfb78d18ad09e_slice072.png,1,369,367,0.8858695640137642
Standard U-Net (Base),RET_Cirrus_6a96f7c246314e625bacfb78d18ad09e_slice073.png,1,264,260,0.8511450365436164
Standard U-Net (Base),RET_Cirrus_6a96f7c246314e625bacfb78d18ad09e_slice075.png,1,215,226,0.8344671182891902
Standard U-Net (Base),RET_Cirrus_6a96f7c246314e625bacfb78d18ad09e_slice076.png,1,289,266,0.8972972956805454
Standard U-Net (Base),RET_Cirrus_6a96f7c246314e625bacfb78d18ad09e_slice077.png,1,212,206,0.8947368399647444
Standard U-Net (Base),RET_Cirrus_6a96f7c246314e625bacfb78d18ad09e_slice078.png,1,202,217,0.8735083511372116
Standard U-Net (Base),RET_Cirrus_6a96f7c246314e625bacfb78d18ad09e_slice079.png,1,181,171,0.9034090883425878
Standard U-Net (Base),RET_Cirrus_6a96f7c246314e625bacfb78d18ad09e_slice080.png,1,160,143,0.8976897660142252
Standard U-Net (Base),RET_Cirrus_6a96f7c246314e625bacfb78d18ad09e_slice081.png,1,106,99,0.8097560936109459
Standard U-Net (Base),RET_Cirrus_6a96f7c246314e625bacfb78d18ad09e_slice082.png,1,40,40,0.6999999912500001
Standard U-Net (Base),RET_Cirrus_6a96f7c246314e625bacfb78d18ad09e_slice083.png,1,24,27,0.7450980246059211
Standard U-Net (Base),RET_Cirrus_6a96f7c246314e625bacfb78d18ad09e_slice086.png,0,0,6,
Standard U-Net (Base),RET_Cirrus_6a96f7c246314e625bacfb78d18ad09e_slice087.png,0,0,0,
Standard U-Net (Base),RET_Cirrus_6a96f7c246314e625bacfb78d18ad09e_slice111.png,0,0,0,
Standard U-Net (Base),RET_Cirrus_6a96f7c246314e625bacfb78d18ad09e_slice112.png,0,0,2,
Standard U-Net (Base),RET_Cirrus_6a96f7c246314e625bacfb78d18ad09e_slice125.png,0,0,0,
Standard U-Net (Base),RET_Cirrus_6af50661914d9c03417adbe6eb91ebae_slice000.png,0,0,0,
Standard U-Net (Base),RET_Cirrus_6af50661914d9c03417adbe6eb91ebae_slice005.png,0,0,0,
Standard U-Net (Base),RET_Cirrus_6af50661914d9c03417adbe6eb91ebae_slice010.png,0,0,0,
Standard U-Net (Base),RET_Cirrus_6af50661914d9c03417adbe6eb91ebae_slice026.png,0,0,0,
Standard U-Net (Base),RET_Cirrus_6af50661914d9c03417adbe6eb91ebae_slice054.png,1,56,58,0.9649122722376117
Standard U-Net (Base),RET_Cirrus_6af50661914d9c03417adbe6eb91ebae_slice057.png,1,233,233,0.8068669510582255
Standard U-Net (Base),RET_Cirrus_6af50661914d9c03417adbe6eb91ebae_slice058.png,1,48,71,0.7731092372007627
Standard U-Net (Base),RET_Cirrus_6af50661914d9c03417adbe6eb91ebae_slice061.png,1,60,54,0.9473684127423824
Standard U-Net (Base),RET_Cirrus_6af50661914d9c03417adbe6eb91ebae_slice063.png,1,77,73,0.8266666611555556
Standard U-Net (Base),RET_Cirrus_6af50661914d9c03417adbe6eb91ebae_slice064.png,1,104,102,0.8349514522575172
Standard U-Net (Base),RET_Cirrus_6af50661914d9c03417adbe6eb91ebae_slice065.png,1,150,137,0.7735191610678775
Standard U-Net (Base),RET_Cirrus_6af50661914d9c03417adbe6eb91ebae_slice066.png,1,250,247,0.8797402464709414
Standard U-Net (Base),RET_Cirrus_6af50661914d9c03417adbe6eb91ebae_slice069.png,1,203,193,0.8939393916819712
Standard U-Net (Base),RET_Cirrus_6af50661914d9c03417adbe6eb91ebae_slice070.png,1,275,282,0.8865630484002436
Standard U-Net (Base),RET_Cirrus_6af50661914d9c03417adbe6eb91ebae_slice071.png,1,278,298,0.8680555516493056
Standard U-Net (Base),RET_Cirrus_6af50661914d9c03417adbe6eb91ebae_slice072.png,1,278,288,0.8493965759115281
Standard U-Net (Base),RET_Cirrus_6af50661914d9c03417adbe6eb91ebae_slice073.png,1,390,412,0.84588601103312
Standard U-Net (Base),RET_Cirrus_6af50661914d9c03417adbe6eb91ebae_slice074.png,1,211,231,0.9095127589106432
Standard U-Net (Base),RET_Cirrus_6af50661914d9c03417adbe6eb91ebae_slice075.png,1,197,234,0.8529411743800461
Standard U-Net (Base),RET_Cirrus_6af50661914d9c03417adbe6eb91ebae_slice076.png,1,337,262,0.7525918152626395
Standard U-Net (Base),RET_Cirrus_6af50661914d9c03417adbe6eb91ebae_slice077.png,1,181,195,0.8590477825307872
Standard U-Net (Base),RET_Cirrus_6af50661914d9c03417adbe6eb91ebae_slice079.png,1,486,473,0.8548571372679185
Standard U-Net (Base),RET_Cirrus_6af50661914d9c03417adbe6eb91ebae_slice080.png,1,397,379,0.8092783494725795
Standard U-Net (Base),RET_Cirrus_6af50661914d9c03417adbe6eb91ebae_slice081.png,1,419,483,0.8288288278954631
Standard U-Net (Base),RET_Cirrus_6af50661914d9c03417adbe6eb91ebae_slice082.png,1,393,380,0.7589880149680586
Standard U-Net (Base),RET_Cirrus_6af50661914d9c03417adbe6eb91ebae_slice083.png,1,400,429,0.7864897457340293
Standard U-Net (Base),RET_Cirrus_6af50661914d9c03417adbe6eb91ebae_slice084.png,1,207,301,0.6574803136663774
Standard U-Net (Base),RET_Cirrus_6af50661914d9c03417adbe6eb91ebae_slice085.png,1,344,351,0.7683453226354744
Standard U-Net (Base),RET_Cirrus_6af50661914d9c03417adbe6eb91ebae_slice086.png,1,365,381,0.8069705083016481
Standard U-Net (Base),RET_Cirrus_6af50661914d9c03417adbe6eb91ebae_slice088.png,1,221,253,0.827004217664548
Standard U-Net (Base),RET_Cirrus_6af50661914d9c03417adbe6eb91ebae_slice089.png,1,164,145,0.6601941726207309
Standard U-Net (Base),RET_Cirrus_6af50661914d9c03417adbe6eb91ebae_slice090.png,1,84,89,0.8208092438103513
Standard U-Net (Base),RET_Cirrus_6af50661914d9c03417adbe6eb91ebae_slice093.png,1,263,257,0.8615384598816568
Standard U-Net (Base),RET_Cirrus_6af50661914d9c03417adbe6eb91ebae_slice104.png,0,0,0,
Standard U-Net (Base),RET_Cirrus_6af50661914d9c03417adbe6eb91ebae_slice113.png,0,0,0,
Standard U-Net (Base),RET_Cirrus_70f44050a581f94509fd63bcbd797971_slice020.png,0,0,0,
Standard U-Net (Base),RET_Cirrus_70f44050a581f94509fd63bcbd797971_slice029.png,0,0,17,
Standard U-Net (Base),RET_Cirrus_70f44050a581f94509fd63bcbd797971_slice037.png,0,0,13,
Standard U-Net (Base),RET_Cirrus_70f44050a581f94509fd63bcbd797971_slice046.png,1,128,123,0.9003984027872574
Standard U-Net (Base),RET_Cirrus_70f44050a581f94509fd63bcbd797971_slice047.png,1,118,129,0.8728813522335536
Standard U-Net (Base),RET_Cirrus_70f44050a581f94509fd63bcbd797971_slice048.png,1,128,126,0.8691983085687836
Standard U-Net (Base),RET_Cirrus_70f44050a581f94509fd63bcbd797971_slice049.png,1,86,72,0.8481012604550553
Standard U-Net (Base),RET_Cirrus_70f44050a581f94509fd63bcbd797971_slice050.png,1,82,64,0.7832167777397429
Standard U-Net (Base),RET_Cirrus_70f44050a581f94509fd63bcbd797971_slice051.png,1,199,204,0.8191489339916251
Standard U-Net (Base),RET_Cirrus_70f44050a581f94509fd63bcbd797971_slice052.png,1,198,181,0.7934782587133743
Standard U-Net (Base),RET_Cirrus_70f44050a581f94509fd63bcbd797971_slice053.png,1,140,171,0.8409893963215922
Standard U-Net (Base),RET_Cirrus_70f44050a581f94509fd63bcbd797971_slice055.png,1,387,417,0.8407960188547313
Standard U-Net (Base),RET_Cirrus_70f44050a581f94509fd63bcbd797971_slice057.png,1,246,232,0.8075313790637418
Standard U-Net (Base),RET_Cirrus_70f44050a581f94509fd63bcbd797971_slice059.png,1,194,185,0.8865435332808878
Standard U-Net (Base),RET_Cirrus_70f44050a581f94509fd63bcbd797971_slice062.png,1,404,422,0.9225181586894453
Standard U-Net (Base),RET_Cirrus_70f44050a581f94509fd63bcbd797971_slice063.png,1,412,428,0.9238095227097506
Standard U-Net (Base),RET_Cirrus_70f44050a581f94509fd63bcbd797971_slice064.png,1,353,404,0.8956406857389159
Standard U-Net (Base),RET_Cirrus_70f44050a581f94509fd63bcbd797971_slice065.png,1,392,394,0.880407123561823
Standard U-Net (Base),RET_Cirrus_70f44050a581f94509fd63bcbd797971_slice068.png,1,392,437,0.8974668264204261
Standard U-Net (Base),RET_Cirrus_70f44050a581f94509fd63bcbd797971_slice069.png,1,443,392,0.87664670553695
Standard U-Net (Base),RET_Cirrus_70f44050a581f94509fd63bcbd797971_slice070.png,1,344,361,0.8482269491514511
Standard U-Net (Base),RET_Cirrus_70f44050a581f94509fd63bcbd797971_slice072.png,1,259,214,0.7864693429461536
Standard U-Net (Base),RET_Cirrus_70f44050a581f94509fd63bcbd797971_slice073.png,1,127,104,0.8311688275706978
Standard U-Net (Base),RET_Cirrus_70f44050a581f94509fd63bcbd797971_slice074.png,1,102,131,0.7811158764758975
Standard U-Net (Base),RET_Cirrus_70f44050a581f94509fd63bcbd797971_slice075.png,0,0,123,
Standard U-Net (Base),RET_Cirrus_70f44050a581f94509fd63bcbd797971_slice093.png,0,0,67,
Standard U-Net (Base),RET_Cirrus_70f44050a581f94509fd63bcbd797971_slice097.png,0,0,11,
Standard U-Net (Base),RET_Cirrus_70f44050a581f94509fd63bcbd797971_slice120.png,0,0,0,
Standard U-Net (Base),RET_Cirrus_70f44050a581f94509fd63bcbd797971_slice124.png,0,0,0,
Standard U-Net (Base),RET_Cirrus_7291fbbae825c6a9230b8787ee7645d2_slice025.png,0,0,0,
Standard U-Net (Base),RET_Cirrus_7291fbbae825c6a9230b8787ee7645d2_slice053.png,1,216,226,0.918552034120923
Standard U-Net (Base),RET_Cirrus_7291fbbae825c6a9230b8787ee7645d2_slice054.png,1,456,461,0.9683751352580424
Standard U-Net (Base),RET_Cirrus_7291fbbae825c6a9230b8787ee7645d2_slice056.png,1,1124,1143,0.960741067066281
Standard U-Net (Base),RET_Cirrus_7291fbbae825c6a9230b8787ee7645d2_slice057.png,1,1260,1332,0.9405864193902059
Standard U-Net (Base),RET_Cirrus_7291fbbae825c6a9230b8787ee7645d2_slice058.png,1,1672,1692,0.9268727702357691
Standard U-Net (Base),RET_Cirrus_7291fbbae825c6a9230b8787ee7645d2_slice059.png,1,1999,2004,0.9422932798045732
Standard U-Net (Base),RET_Cirrus_7291fbbae825c6a9230b8787ee7645d2_slice060.png,1,2078,2184,0.9497888313116403
Standard U-Net (Base),RET_Cirrus_7291fbbae825c6a9230b8787ee7645d2_slice061.png,1,2510,2481,0.9505109194649346
Standard U-Net (Base),RET_Cirrus_7291fbbae825c6a9230b8787ee7645d2_slice062.png,1,3026,3111,0.9529085871023449
Standard U-Net (Base),RET_Cirrus_7291fbbae825c6a9230b8787ee7645d2_slice063.png,1,3448,3362,0.9359765050020592
Standard U-Net (Base),RET_Cirrus_7291fbbae825c6a9230b8787ee7645d2_slice065.png,1,2979,2971,0.9226890754751782
Standard U-Net (Base),RET_Cirrus_7291fbbae825c6a9230b8787ee7645d2_slice067.png,1,3191,3301,0.919593345514542
Standard U-Net (Base),RET_Cirrus_7291fbbae825c6a9230b8787ee7645d2_slice068.png,1,2863,2916,0.9313029934363553
Standard U-Net (Base),RET_Cirrus_7291fbbae825c6a9230b8787ee7645d2_slice069.png,1,2734,2909,0.8867623602894271
Standard U-Net (Base),RET_Cirrus_7291fbbae825c6a9230b8787ee7645d2_slice070.png,1,2828,2947,0.8997402595844605
Standard U-Net (Base),RET_Cirrus_7291fbbae825c6a9230b8787ee7645d2_slice071.png,1,2336,2518,0.8811737960567939
Standard U-Net (Base),RET_Cirrus_7291fbbae825c6a9230b8787ee7645d2_slice074.png,1,1495,1529,0.7629139070321478
Standard U-Net (Base),RET_Cirrus_7291fbbae825c6a9230b8787ee7645d2_slice075.png,1,1708,1690,0.8128310768649702
Standard U-Net (Base),RET_Cirrus_7291fbbae825c6a9230b8787ee7645d2_slice076.png,1,1368,1768,0.819515305861124
Standard U-Net (Base),RET_Cirrus_7291fbbae825c6a9230b8787ee7645d2_slice078.png,1,1404,1440,0.786919830946934
Standard U-Net (Base),RET_Cirrus_7291fbbae825c6a9230b8787ee7645d2_slice080.png,1,1201,1162,0.8125264490848386
Standard U-Net (Base),RET_Cirrus_7291fbbae825c6a9230b8787ee7645d2_slice081.png,1,1120,1118,0.7944593383402774
Standard U-Net (Base),RET_Cirrus_7291fbbae825c6a9230b8787ee7645d2_slice083.png,1,883,869,0.8036529675778236
Standard U-Net (Base),RET_Cirrus_7291fbbae825c6a9230b8787ee7645d2_slice084.png,1,676,665,0.7337807600792089
Standard U-Net (Base),RET_Cirrus_7291fbbae825c6a9230b8787ee7645d2_slice085.png,1,748,753,0.7181878742716936
Standard U-Net (Base),RET_Cirrus_7291fbbae825c6a9230b8787ee7645d2_slice087.png,1,751,711,0.8002735972638347
Standard U-Net (Base),RET_Cirrus_7291fbbae825c6a9230b8787ee7645d2_slice088.png,1,562,668,0.7711651292781515
Standard U-Net (Base),RET_Cirrus_7291fbbae825c6a9230b8787ee7645d2_slice089.png,1,501,520,0.832517139243372
Standard U-Net (Base),RET_Cirrus_7291fbbae825c6a9230b8787ee7645d2_slice090.png,1,429,392,0.8306942742622482
Standard U-Net (Base),RET_Cirrus_7291fbbae825c6a9230b8787ee7645d2_slice091.png,1,482,499,0.815494392644756
Standard U-Net (Base),RET_Cirrus_7291fbbae825c6a9230b8787ee7645d2_slice092.png,1,514,445,0.7716371211974586
Standard U-Net (Base),RET_Cirrus_7291fbbae825c6a9230b8787ee7645d2_slice093.png,1,527,580,0.780487804173001
Standard U-Net (Base),RET_Cirrus_7291fbbae825c6a9230b8787ee7645d2_slice094.png,1,470,395,0.7953757216238431
Standard U-Net (Base),RET_Cirrus_7291fbbae825c6a9230b8787ee7645d2_slice095.png,1,475,506,0.7645259931044587
Standard U-Net (Base),RET_Cirrus_7291fbbae825c6a9230b8787ee7645d2_slice096.png,1,525,501,0.8421052623371292
Standard U-Net (Base),RET_Cirrus_7291fbbae825c6a9230b8787ee7645d2_slice097.png,1,375,401,0.7680412361236582
Standard U-Net (Base),RET_Cirrus_7291fbbae825c6a9230b8787ee7645d2_slice098.png,1,304,281,0.6735042723529842
Standard U-Net (Base),RET_Cirrus_7291fbbae825c6a9230b8787ee7645d2_slice102.png,1,638,582,0.7491803272547701
Standard U-Net (Base),RET_Cirrus_7291fbbae825c6a9230b8787ee7645d2_slice103.png,1,308,265,0.8167539252761712
Standard U-Net (Base),RET_Cirrus_7291fbbae825c6a9230b8787ee7645d2_slice105.png,1,401,271,0.6309523800134638
Standard U-Net (Base),RET_Cirrus_7291fbbae825c6a9230b8787ee7645d2_slice106.png,1,360,370,0.7972602728804654
Standard U-Net (Base),RET_Cirrus_7291fbbae825c6a9230b8787ee7645d2_slice107.png,1,383,260,0.6251944002718595
Standard U-Net (Base),RET_Cirrus_7291fbbae825c6a9230b8787ee7645d2_slice108.png,1,495,401,0.7566964277269013
Standard U-Net (Base),RET_Cirrus_7291fbbae825c6a9230b8787ee7645d2_slice109.png,1,598,594,0.8154362409266473
Standard U-Net (Base),RET_Cirrus_7291fbbae825c6a9230b8787ee7645d2_slice110.png,1,545,434,0.6496424916755439
Standard U-Net (Base),RET_Cirrus_7291fbbae825c6a9230b8787ee7645d2_slice111.png,1,439,420,0.7823050049100058
Standard U-Net (Base),RET_Cirrus_7291fbbae825c6a9230b8787ee7645d2_slice112.png,1,505,482,0.7619047611328219
Standard U-Net (Base),RET_Cirrus_7291fbbae825c6a9230b8787ee7645d2_slice113.png,1,520,454,0.7392197117667149
Standard U-Net (Base),RET_Cirrus_7291fbbae825c6a9230b8787ee7645d2_slice117.png,1,225,207,0.7685185167395405
Standard U-Net (Base),RET_Cirrus_7291fbbae825c6a9230b8787ee7645d2_slice118.png,1,318,269,0.7086882441078565
Standard U-Net (Base),RET_Cirrus_7291fbbae825c6a9230b8787ee7645d2_slice119.png,1,113,154,0.7041198475501129
Standard U-Net (Base),RET_Cirrus_7291fbbae825c6a9230b8787ee7645d2_slice120.png,1,126,126,0.8253968221214412
Standard U-Net (Base),RET_Cirrus_7291fbbae825c6a9230b8787ee7645d2_slice121.png,1,235,245,0.7666666650694445
Standard U-Net (Base),RET_Cirrus_7291fbbae825c6a9230b8787ee7645d2_slice122.png,1,267,273,0.7962962948216735
Standard U-Net (Base),RET_Cirrus_7291fbbae825c6a9230b8787ee7645d2_slice124.png,1,222,167,0.7557840597537685
Standard U-Net (Base),RET_Cirrus_7291fbbae825c6a9230b8787ee7645d2_slice125.png,1,196,167,0.6942148741206202
Standard U-Net (Base),RET_Cirrus_7291fbbae825c6a9230b8787ee7645d2_slice127.png,1,251,279,0.8037735833891064
Standard U-Net (Base),RET_Cirrus_80293194ec21abbfd3da95f83cdbd5ab_slice000.png,0,0,0,
Standard U-Net (Base),RET_Cirrus_80293194ec21abbfd3da95f83cdbd5ab_slice007.png,1,88,88,0.9318181765237604
Standard U-Net (Base),RET_Cirrus_80293194ec21abbfd3da95f83cdbd5ab_slice008.png,1,61,70,0.8615384549112427
Standard U-Net (Base),RET_Cirrus_80293194ec21abbfd3da95f83cdbd5ab_slice023.png,1,29,15,0.5454545330578515
Standard U-Net (Base),RET_Cirrus_80293194ec21abbfd3da95f83cdbd5ab_slice024.png,1,20,40,0.633333322777778
Standard U-Net (Base),RET_Cirrus_80293194ec21abbfd3da95f83cdbd5ab_slice026.png,1,68,67,0.8740740675994514
Standard U-Net (Base),RET_Cirrus_80293194ec21abbfd3da95f83cdbd5ab_slice027.png,1,18,21,0.8717948494411578
Standard U-Net (Base),RET_Cirrus_80293194ec21abbfd3da95f83cdbd5ab_slice028.png,1,76,91,0.8742514917709492
Standard U-Net (Base),RET_Cirrus_80293194ec21abbfd3da95f83cdbd5ab_slice029.png,1,72,82,0.9220779160904031
Standard U-Net (Base),RET_Cirrus_80293194ec21abbfd3da95f83cdbd5ab_slice030.png,1,78,82,0.8124999949218751
Standard U-Net (Base),RET_Cirrus_80293194ec21abbfd3da95f83cdbd5ab_slice033.png,1,45,42,0.8965517138327389
Standard U-Net (Base),RET_Cirrus_80293194ec21abbfd3da95f83cdbd5ab_slice036.png,1,70,63,0.8872180384419697
Standard U-Net (Base),RET_Cirrus_80293194ec21abbfd3da95f83cdbd5ab_slice038.png,1,52,49,0.9108910800901874
Standard U-Net (Base),RET_Cirrus_80293194ec21abbfd3da95f83cdbd5ab_slice039.png,1,89,106,0.7692307652859961
Standard U-Net (Base),RET_Cirrus_80293194ec21abbfd3da95f83cdbd5ab_slice040.png,1,48,42,0.9111111009876545
Standard U-Net (Base),RET_Cirrus_80293194ec21abbfd3da95f83cdbd5ab_slice041.png,1,17,15,0.874999972656251
Standard U-Net (Base),RET_Cirrus_80293194ec21abbfd3da95f83cdbd5ab_slice045.png,1,168,165,0.9249249221473727
Standard U-Net (Base),RET_Cirrus_80293194ec21abbfd3da95f83cdbd5ab_slice046.png,1,512,537,0.8827454710364675
Standard U-Net (Base),RET_Cirrus_80293194ec21abbfd3da95f83cdbd5ab_slice048.png,1,1031,993,0.8666007900856715
Standard U-Net (Base),RET_Cirrus_80293194ec21abbfd3da95f83cdbd5ab_slice049.png,1,1214,1183,0.8802670000499513
Standard U-Net (Base),RET_Cirrus_80293194ec21abbfd3da95f83cdbd5ab_slice050.png,1,1432,1431,0.8690185117467627
Standard U-Net (Base),RET_Cirrus_80293194ec21abbfd3da95f83cdbd5ab_slice051.png,1,2154,2105,0.8936370037817241
Standard U-Net (Base),RET_Cirrus_80293194ec21abbfd3da95f83cdbd5ab_slice052.png,1,2657,2638,0.9136921622448173
Standard U-Net (Base),RET_Cirrus_80293194ec21abbfd3da95f83cdbd5ab_slice053.png,1,2831,2716,0.897422029764301
Standard U-Net (Base),RET_Cirrus_80293194ec21abbfd3da95f83cdbd5ab_slice054.png,1,3196,3093,0.9127047223862769
Standard U-Net (Base),RET_Cirrus_80293194ec21abbfd3da95f83cdbd5ab_slice055.png,1,3383,3326,0.9104188402279894
Standard U-Net (Base),RET_Cirrus_80293194ec21abbfd3da95f83cdbd5ab_slice057.png,1,3815,3748,0.8795369826913144
Standard U-Net (Base),RET_Cirrus_80293194ec21abbfd3da95f83cdbd5ab_slice059.png,1,4255,4128,0.9277312326662948
Standard U-Net (Base),RET_Cirrus_80293194ec21abbfd3da95f83cdbd5ab_slice061.png,1,4610,4526,0.948410709829633
Standard U-Net (Base),RET_Cirrus_80293194ec21abbfd3da95f83cdbd5ab_slice062.png,1,3975,3976,0.9288921806840689
Standard U-Net (Base),RET_Cirrus_80293194ec21abbfd3da95f83cdbd5ab_slice063.png,1,3793,3884,0.9275227858395482
Standard U-Net (Base),RET_Cirrus_80293194ec21abbfd3da95f83cdbd5ab_slice064.png,1,3990,3993,0.9112727495834088
Standard U-Net (Base),RET_Cirrus_80293194ec21abbfd3da95f83cdbd5ab_slice066.png,1,3250,3332,0.913764723540139
Standard U-Net (Base),RET_Cirrus_80293194ec21abbfd3da95f83cdbd5ab_slice067.png,1,3783,3517,0.9057578842466438
Standard U-Net (Base),RET_Cirrus_80293194ec21abbfd3da95f83cdbd5ab_slice070.png,1,3595,3466,0.4519012485170401
Standard U-Net (Base),RET_Cirrus_80293194ec21abbfd3da95f83cdbd5ab_slice072.png,1,3073,3220,0.8714444619622684
Standard U-Net (Base),RET_Cirrus_80293194ec21abbfd3da95f83cdbd5ab_slice074.png,1,2645,2652,0.8820086839943347
Standard U-Net (Base),RET_Cirrus_80293194ec21abbfd3da95f83cdbd5ab_slice075.png,1,2096,2262,0.8742542448659352
Standard U-Net (Base),RET_Cirrus_80293194ec21abbfd3da95f83cdbd5ab_slice077.png,1,2090,1904,0.8848272406397528
Standard U-Net (Base),RET_Cirrus_80293194ec21abbfd3da95f83cdbd5ab_slice078.png,1,2021,1911,0.8921668359887673
Standard U-Net (Base),RET_Cirrus_80293194ec21abbfd3da95f83cdbd5ab_slice079.png,1,1315,1329,0.8434190617082379
Standard U-Net (Base),RET_Cirrus_80293194ec21abbfd3da95f83cdbd5ab_slice082.png,1,782,642,0.7556179769974593
Standard U-Net (Base),RET_Cirrus_80293194ec21abbfd3da95f83cdbd5ab_slice084.png,1,581,549,0.8761061939149501
Standard U-Net (Base),RET_Cirrus_80293194ec21abbfd3da95f83cdbd5ab_slice085.png,1,497,465,0.8004157995837674
Standard U-Net (Base),RET_Cirrus_80293194ec21abbfd3da95f83cdbd5ab_slice086.png,1,401,388,0.8897338391765097
Standard U-Net (Base),RET_Cirrus_80293194ec21abbfd3da95f83cdbd5ab_slice088.png,1,287,247,0.8314606726002609
Standard U-Net (Base),RET_Cirrus_80293194ec21abbfd3da95f83cdbd5ab_slice089.png,1,297,299,0.83892617308905
Standard U-Net (Base),RET_Cirrus_80293194ec21abbfd3da95f83cdbd5ab_slice090.png,1,238,246,0.871900824644833
Standard U-Net (Base),RET_Cirrus_80293194ec21abbfd3da95f83cdbd5ab_slice091.png,1,96,98,0.845360820384738
Standard U-Net (Base),RET_Cirrus_80293194ec21abbfd3da95f83cdbd5ab_slice092.png,1,125,86,0.6350710870375778
Standard U-Net (Base),RET_Cirrus_80293194ec21abbfd3da95f83cdbd5ab_slice094.png,1,19,20,0.9743589493754116
Standard U-Net (Base),RET_Cirrus_80293194ec21abbfd3da95f83cdbd5ab_slice095.png,1,27,28,0.9818181639669425
Standard U-Net (Base),RET_Cirrus_80293194ec21abbfd3da95f83cdbd5ab_slice114.png,0,0,0,
Standard U-Net (Base),RET_Cirrus_80293194ec21abbfd3da95f83cdbd5ab_slice116.png,0,0,0,
Standard U-Net (Base),RET_Cirrus_80293194ec21abbfd3da95f83cdbd5ab_slice118.png,0,0,0,
Standard U-Net (Base),RET_Cirrus_8248fbc73c9381d0bf3e909c7d732f84_slice034.png,0,0,0,
Standard U-Net (Base),RET_Cirrus_8248fbc73c9381d0bf3e909c7d732f84_slice050.png,1,27,35,0.8387096638917797
Standard U-Net (Base),RET_Cirrus_8248fbc73c9381d0bf3e909c7d732f84_slice051.png,1,93,104,0.8223350212064212
Standard U-Net (Base),RET_Cirrus_8248fbc73c9381d0bf3e909c7d732f84_slice052.png,1,331,312,0.7620528759532614
Standard U-Net (Base),RET_Cirrus_8248fbc73c9381d0bf3e909c7d732f84_slice053.png,1,409,473,0.8438228428393674
Standard U-Net (Base),RET_Cirrus_8248fbc73c9381d0bf3e909c7d732f84_slice055.png,1,845,973,0.783278327401937
Standard U-Net (Base),RET_Cirrus_8248fbc73c9381d0bf3e909c7d732f84_slice056.png,1,1100,1129,0.8254822786785634
Standard U-Net (Base),RET_Cirrus_8248fbc73c9381d0bf3e909c7d732f84_slice057.png,1,987,1172,0.8476146360131475
Standard U-Net (Base),RET_Cirrus_8248fbc73c9381d0bf3e909c7d732f84_slice058.png,1,1391,1431,0.8393062157212889
Standard U-Net (Base),RET_Cirrus_8248fbc73c9381d0bf3e909c7d732f84_slice059.png,1,1650,1735,0.8949559344029987
Standard U-Net (Base),RET_Cirrus_8248fbc73c9381d0bf3e909c7d732f84_slice060.png,1,1714,1796,0.8852806769971462
Standard U-Net (Base),RET_Cirrus_8248fbc73c9381d0bf3e909c7d732f84_slice061.png,1,1647,1647,0.9095812146524858
Standard U-Net (Base),RET_Cirrus_8248fbc73c9381d0bf3e909c7d732f84_slice063.png,1,2344,2422,0.8824487495723641
Standard U-Net (Base),RET_Cirrus_8248fbc73c9381d0bf3e909c7d732f84_slice064.png,1,2822,2857,0.875023547338597
Standard U-Net (Base),RET_Cirrus_8248fbc73c9381d0bf3e909c7d732f84_slice066.png,1,2436,2470,0.8918941970660772
Standard U-Net (Base),RET_Cirrus_8248fbc73c9381d0bf3e909c7d732f84_slice068.png,1,2088,2246,0.8835230807207943
Standard U-Net (Base),RET_Cirrus_8248fbc73c9381d0bf3e909c7d732f84_slice070.png,1,2545,2656,0.8480706956765138
Standard U-Net (Base),RET_Cirrus_8248fbc73c9381d0bf3e909c7d732f84_slice071.png,1,2278,2409,0.8797848777692927
Standard U-Net (Base),RET_Cirrus_8248fbc73c9381d0bf3e909c7d732f84_slice072.png,1,1522,1808,0.8617507637503505
Standard U-Net (Base),RET_Cirrus_8248fbc73c9381d0bf3e909c7d732f84_slice074.png,1,1509,1686,0.8487294278932184
Standard U-Net (Base),RET_Cirrus_8248fbc73c9381d0bf3e909c7d732f84_slice075.png,1,1694,2159,0.8505324779418151
Standard U-Net (Base),RET_Cirrus_8248fbc73c9381d0bf3e909c7d732f84_slice078.png,1,865,828,0.8082524266940215
Standard U-Net (Base),RET_Cirrus_8248fbc73c9381d0bf3e909c7d732f84_slice079.png,1,409,379,0.743654821391301
Standard U-Net (Base),RET_Cirrus_8248fbc73c9381d0bf3e909c7d732f84_slice082.png,1,667,732,0.7448177264154269
Standard U-Net (Base),RET_Cirrus_8248fbc73c9381d0bf3e909c7d732f84_slice083.png,1,998,1032,0.7605911326302506
Standard U-Net (Base),RET_Cirrus_8248fbc73c9381d0bf3e909c7d732f84_slice084.png,1,760,877,0.7623701889050885
Standard U-Net (Base),RET_Cirrus_8248fbc73c9381d0bf3e909c7d732f84_slice085.png,1,649,630,0.8146989829439413
Standard U-Net (Base),RET_Cirrus_8248fbc73c9381d0bf3e909c7d732f84_slice086.png,1,177,173,0.7885714263183674
Standard U-Net (Base),RET_Cirrus_8248fbc73c9381d0bf3e909c7d732f84_slice088.png,1,186,201,0.8010335896614119
Standard U-Net (Base),RET_Cirrus_8248fbc73c9381d0bf3e909c7d732f84_slice089.png,1,182,161,0.7988338169130209
Standard U-Net (Base),RET_Cirrus_8248fbc73c9381d0bf3e909c7d732f84_slice090.png,1,291,244,0.7999999985046728
Standard U-Net (Base),RET_Cirrus_8248fbc73c9381d0bf3e909c7d732f84_slice092.png,1,171,131,0.8344370833296786
Standard U-Net (Base),RET_Cirrus_8248fbc73c9381d0bf3e909c7d732f84_slice093.png,1,85,79,0.8536585313801309
Standard U-Net (Base),RET_Cirrus_8248fbc73c9381d0bf3e909c7d732f84_slice094.png,1,24,15,0.769230749506904
Standard U-Net (Base),RET_Cirrus_8248fbc73c9381d0bf3e909c7d732f84_slice095.png,1,42,42,0.7619047528344672
Standard U-Net (Base),RET_Cirrus_8248fbc73c9381d0bf3e909c7d732f84_slice099.png,0,0,0,
Standard U-Net (Base),RET_Cirrus_8248fbc73c9381d0bf3e909c7d732f84_slice113.png,0,0,0,
Standard U-Net (Base),RET_Cirrus_8482e2f4d2aae33a5eac5178801df9fb_slice007.png,0,0,0,
Standard U-Net (Base),RET_Cirrus_8482e2f4d2aae33a5eac5178801df9fb_slice018.png,0,0,0,
Standard U-Net (Base),RET_Cirrus_8482e2f4d2aae33a5eac5178801df9fb_slice025.png,0,0,0,
Standard U-Net (Base),RET_Cirrus_8482e2f4d2aae33a5eac5178801df9fb_slice038.png,0,0,0,
Standard U-Net (Base),RET_Cirrus_8482e2f4d2aae33a5eac5178801df9fb_slice052.png,0,0,0,
Standard U-Net (Base),RET_Cirrus_8482e2f4d2aae33a5eac5178801df9fb_slice054.png,1,45,39,0.7380952293083901
Standard U-Net (Base),RET_Cirrus_8482e2f4d2aae33a5eac5178801df9fb_slice055.png,1,41,24,0.7384615271005919
Standard U-Net (Base),RET_Cirrus_8482e2f4d2aae33a5eac5178801df9fb_slice056.png,1,59,43,0.8039215607458671
Standard U-Net (Base),RET_Cirrus_8482e2f4d2aae33a5eac5178801df9fb_slice057.png,1,11,11,0.7272726942148775
Standard U-Net (Base),RET_Cirrus_8482e2f4d2aae33a5eac5178801df9fb_slice059.png,1,97,64,0.720496889934802
Standard U-Net (Base),RET_Cirrus_8482e2f4d2aae33a5eac5178801df9fb_slice060.png,1,149,153,0.8741721825358537
Standard U-Net (Base),RET_Cirrus_8482e2f4d2aae33a5eac5178801df9fb_slice063.png,1,73,79,0.8947368362188366
Standard U-Net (Base),RET_Cirrus_8482e2f4d2aae33a5eac5178801df9fb_slice064.png,1,94,77,0.7882352894809689
Standard U-Net (Base),RET_Cirrus_8482e2f4d2aae33a5eac5178801df9fb_slice065.png,1,83,69,0.7631578897160666
Standard U-Net (Base),RET_Cirrus_8482e2f4d2aae33a5eac5178801df9fb_slice068.png,1,197,164,0.8365650946355537
Standard U-Net (Base),RET_Cirrus_8482e2f4d2aae33a5eac5178801df9fb_slice069.png,1,143,125,0.8880596981788818
Standard U-Net (Base),RET_Cirrus_8482e2f4d2aae33a5eac5178801df9fb_slice070.png,1,117,132,0.8273092336252641
Standard U-Net (Base),RET_Cirrus_8482e2f4d2aae33a5eac5178801df9fb_slice071.png,1,119,109,0.8421052594644506
Standard U-Net (Base),RET_Cirrus_8482e2f4d2aae33a5eac5178801df9fb_slice072.png,1,94,106,0.8299999958500001
Standard U-Net (Base),RET_Cirrus_8482e2f4d2aae33a5eac5178801df9fb_slice074.png,1,12,9,0.8571428163265326
Standard U-Net (Base),RET_Cirrus_8482e2f4d2aae33a5eac5178801df9fb_slice075.png,1,40,33,0.8767123167573656
Standard U-Net (Base),RET_Cirrus_8482e2f4d2aae33a5eac5178801df9fb_slice076.png,1,37,45,0.780487795359905
Standard U-Net (Base),RET_Cirrus_8482e2f4d2aae33a5eac5178801df9fb_slice078.png,1,76,84,0.8499999946875001
Standard U-Net (Base),RET_Cirrus_8482e2f4d2aae33a5eac5178801df9fb_slice079.png,1,66,61,0.7874015686031373
Standard U-Net (Base),RET_Cirrus_8482e2f4d2aae33a5eac5178801df9fb_slice082.png,1,48,48,0.8124999915364585
Standard U-Net (Base),RET_Cirrus_8482e2f4d2aae33a5eac5178801df9fb_slice083.png,1,66,62,0.6562499948730469
Standard U-Net (Base),RET_Cirrus_8482e2f4d2aae33a5eac5178801df9fb_slice084.png,1,65,46,0.7567567499391284
Standard U-Net (Base),RET_Cirrus_8482e2f4d2aae33a5eac5178801df9fb_slice085.png,1,18,20,0.8421052409972306
Standard U-Net (Base),RET_Cirrus_8482e2f4d2aae33a5eac5178801df9fb_slice092.png,0,0,105,
Standard U-Net (Base),RET_Cirrus_8482e2f4d2aae33a5eac5178801df9fb_slice106.png,1,19,18,0.8648648414901394
Standard U-Net (Base),RET_Cirrus_8482e2f4d2aae33a5eac5178801df9fb_slice111.png,1,27,25,0.8846153676035506
Standard U-Net (Base),RET_Cirrus_8482e2f4d2aae33a5eac5178801df9fb_slice112.png,1,15,14,0.8275861783590973
Standard U-Net (Base),RET_Cirrus_8482e2f4d2aae33a5eac5178801df9fb_slice116.png,1,28,21,0.6938775368596422
Standard U-Net (Base),RET_Cirrus_8482e2f4d2aae33a5eac5178801df9fb_slice125.png,1,41,42,0.9879517953258821
Standard U-Net (Base),RET_Cirrus_8e78a8e83df1029abbd2479ff1d5f92f_slice044.png,1,33,21,0.7037036906721539
Standard U-Net (Base),RET_Cirrus_8e78a8e83df1029abbd2479ff1d5f92f_slice046.png,1,108,96,0.9215686229334872
Standard U-Net (Base),RET_Cirrus_8e78a8e83df1029abbd2479ff1d5f92f_slice047.png,1,202,179,0.929133855829045
Standard U-Net (Base),RET_Cirrus_8e78a8e83df1029abbd2479ff1d5f92f_slice048.png,1,301,282,0.9193825027111793
Standard U-Net (Base),RET_Cirrus_8e78a8e83df1029abbd2479ff1d5f92f_slice049.png,1,465,397,0.8515081196618235
Standard U-Net (Base),RET_Cirrus_8e78a8e83df1029abbd2479ff1d5f92f_slice051.png,1,600,540,0.9403508763681132
Standard U-Net (Base),RET_Cirrus_8e78a8e83df1029abbd2479ff1d5f92f_slice053.png,1,602,550,0.9305555547477815
Standard U-Net (Base),RET_Cirrus_8e78a8e83df1029abbd2479ff1d5f92f_slice054.png,1,527,546,0.8760484614389109
Standard U-Net (Base),RET_Cirrus_8e78a8e83df1029abbd2479ff1d5f92f_slice055.png,1,552,571,0.9528049857944746
Standard U-Net (Base),RET_Cirrus_8e78a8e83df1029abbd2479ff1d5f92f_slice056.png,1,472,494,0.9523809513950507
Standard U-Net (Base),RET_Cirrus_8e78a8e83df1029abbd2479ff1d5f92f_slice058.png,1,587,593,0.9661016940965239
Standard U-Net (Base),RET_Cirrus_8e78a8e83df1029abbd2479ff1d5f92f_slice059.png,1,567,606,0.9497016189687112
Standard U-Net (Base),RET_Cirrus_8e78a8e83df1029abbd2479ff1d5f92f_slice060.png,1,597,609,0.9203980091870663
Standard U-Net (Base),RET_Cirrus_8e78a8e83df1029abbd2479ff1d5f92f_slice062.png,1,402,385,0.9326556531986586
Standard U-Net (Base),RET_Cirrus_8e78a8e83df1029abbd2479ff1d5f92f_slice063.png,1,286,303,0.9609507623752959
Standard U-Net (Base),RET_Cirrus_8e78a8e83df1029abbd2479ff1d5f92f_slice064.png,1,170,187,0.95294117366782
Standard U-Net (Base),RET_Cirrus_8e78a8e83df1029abbd2479ff1d5f92f_slice065.png,1,62,66,0.9062499929199219
Standard U-Net (Base),RET_Cirrus_8e78a8e83df1029abbd2479ff1d5f92f_slice093.png,0,0,0,
Standard U-Net (Base),RET_Cirrus_8e78a8e83df1029abbd2479ff1d5f92f_slice101.png,0,0,0,
Standard U-Net (Base),RET_Cirrus_92a0bdb6013c8d0b4770e4e907d3d8cf_slice003.png,0,0,0,
Standard U-Net (Base),RET_Cirrus_92a0bdb6013c8d0b4770e4e907d3d8cf_slice015.png,0,0,0,
Standard U-Net (Base),RET_Cirrus_92a0bdb6013c8d0b4770e4e907d3d8cf_slice031.png,1,9,12,0.7619047256235845
Standard U-Net (Base),RET_Cirrus_92a0bdb6013c8d0b4770e4e907d3d8cf_slice033.png,1,14,14,0.9999999642857155
Standard U-Net (Base),RET_Cirrus_92a0bdb6013c8d0b4770e4e907d3d8cf_slice034.png,1,47,44,0.7692307607776839
Standard U-Net (Base),RET_Cirrus_92a0bdb6013c8d0b4770e4e907d3d8cf_slice035.png,1,48,53,0.8118811800803843
Standard U-Net (Base),RET_Cirrus_92a0bdb6013c8d0b4770e4e907d3d8cf_slice036.png,1,130,121,0.81274900074602
Standard U-Net (Base),RET_Cirrus_92a0bdb6013c8d0b4770e4e907d3d8cf_slice038.png,1,484,464,0.8481012649281632
Standard U-Net (Base),RET_Cirrus_92a0bdb6013c8d0b4770e4e907d3d8cf_slice039.png,1,533,544,0.8727947995610075
Standard U-Net (Base),RET_Cirrus_92a0bdb6013c8d0b4770e4e907d3d8cf_slice040.png,1,501,503,0.8147410350450787
Standard U-Net (Base),RET_Cirrus_92a0bdb6013c8d0b4770e4e907d3d8cf_slice042.png,1,595,603,0.8747913181345648
Standard U-Net (Base),RET_Cirrus_92a0bdb6013c8d0b4770e4e907d3d8cf_slice043.png,1,747,849,0.8446115282928499
Standard U-Net (Base),RET_Cirrus_92a0bdb6013c8d0b4770e4e907d3d8cf_slice044.png,1,1018,995,0.8882265271295446
Standard U-Net (Base),RET_Cirrus_92a0bdb6013c8d0b4770e4e907d3d8cf_slice045.png,1,1002,976,0.8715874616422712
Standard U-Net (Base),RET_Cirrus_92a0bdb6013c8d0b4770e4e907d3d8cf_slice046.png,1,1084,1044,0.8881578943194747
Standard U-Net (Base),RET_Cirrus_92a0bdb6013c8d0b4770e4e907d3d8cf_slice047.png,1,1145,1171,0.8756476680156963
Standard U-Net (Base),RET_Cirrus_92a0bdb6013c8d0b4770e4e907d3d8cf_slice048.png,1,1210,1181,0.8858218314990289
Standard U-Net (Base),RET_Cirrus_92a0bdb6013c8d0b4770e4e907d3d8cf_slice049.png,1,1522,1515,0.8745472502882624
Standard U-Net (Base),RET_Cirrus_92a0bdb6013c8d0b4770e4e907d3d8cf_slice050.png,1,1461,1412,0.8868778277456046
Standard U-Net (Base),RET_Cirrus_92a0bdb6013c8d0b4770e4e907d3d8cf_slice051.png,1,1646,1641,0.9175540003293112
Standard U-Net (Base),RET_Cirrus_92a0bdb6013c8d0b4770e4e907d3d8cf_slice052.png,1,2384,2420,0.9296419648356282
Standard U-Net (Base),RET_Cirrus_92a0bdb6013c8d0b4770e4e907d3d8cf_slice053.png,1,2516,2595,0.906280571139448
Standard U-Net (Base),RET_Cirrus_92a0bdb6013c8d0b4770e4e907d3d8cf_slice055.png,1,2582,2440,0.9267224211615447
Standard U-Net (Base),RET_Cirrus_92a0bdb6013c8d0b4770e4e907d3d8cf_slice056.png,1,2382,2395,0.9424324888125534
Standard U-Net (Base),RET_Cirrus_92a0bdb6013c8d0b4770e4e907d3d8cf_slice058.png,1,2687,2694,0.92659356979621
Standard U-Net (Base),RET_Cirrus_92a0bdb6013c8d0b4770e4e907d3d8cf_slice061.png,1,2616,2807,0.8987645213168421
Standard U-Net (Base),RET_Cirrus_92a0bdb6013c8d0b4770e4e907d3d8cf_slice062.png,1,2706,2793,0.9041643933616722
Standard U-Net (Base),RET_Cirrus_92a0bdb6013c8d0b4770e4e907d3d8cf_slice064.png,1,2200,2264,0.8897849460372345
Standard U-Net (Base),RET_Cirrus_92a0bdb6013c8d0b4770e4e907d3d8cf_slice065.png,1,2379,2358,0.9107029763751946
Standard U-Net (Base),RET_Cirrus_92a0bdb6013c8d0b4770e4e907d3d8cf_slice066.png,1,2091,2142,0.8962910463273586
Standard U-Net (Base),RET_Cirrus_92a0bdb6013c8d0b4770e4e907d3d8cf_slice067.png,1,1955,2091,0.8589807024099504
Standard U-Net (Base),RET_Cirrus_92a0bdb6013c8d0b4770e4e907d3d8cf_slice069.png,1,1624,1758,0.8320520399668682
Standard U-Net (Base),RET_Cirrus_92a0bdb6013c8d0b4770e4e907d3d8cf_slice070.png,1,1675,1611,0.8563603162336092
Standard U-Net (Base),RET_Cirrus_92a0bdb6013c8d0b4770e4e907d3d8cf_slice071.png,1,1339,1338,0.8516996634846098
Standard U-Net (Base),RET_Cirrus_92a0bdb6013c8d0b4770e4e907d3d8cf_slice072.png,1,1611,1633,0.8532675706370939
Standard U-Net (Base),RET_Cirrus_92a0bdb6013c8d0b4770e4e907d3d8cf_slice073.png,1,1669,1672,0.8769829389772574
Standard U-Net (Base),RET_Cirrus_92a0bdb6013c8d0b4770e4e907d3d8cf_slice075.png,1,1558,1618,0.8664987402813291
Standard U-Net (Base),RET_Cirrus_92a0bdb6013c8d0b4770e4e907d3d8cf_slice076.png,1,1058,1188,0.8130008901099729
Standard U-Net (Base),RET_Cirrus_92a0bdb6013c8d0b4770e4e907d3d8cf_slice077.png,1,1006,1042,0.8583984370808602
Standard U-Net (Base),RET_Cirrus_92a0bdb6013c8d0b4770e4e907d3d8cf_slice080.png,1,716,740,0.8241758236097693
Standard U-Net (Base),RET_Cirrus_92a0bdb6013c8d0b4770e4e907d3d8cf_slice081.png,1,705,667,0.836734693267686
Standard U-Net (Base),RET_Cirrus_92a0bdb6013c8d0b4770e4e907d3d8cf_slice084.png,1,604,650,0.7288676230232315
Standard U-Net (Base),RET_Cirrus_92a0bdb6013c8d0b4770e4e907d3d8cf_slice085.png,1,422,419,0.822829963349786
Standard U-Net (Base),RET_Cirrus_92a0bdb6013c8d0b4770e4e907d3d8cf_slice086.png,1,454,382,0.7727272718029579
Standard U-Net (Base),RET_Cirrus_92a0bdb6013c8d0b4770e4e907d3d8cf_slice087.png,1,353,354,0.857142855930491
Standard U-Net (Base),RET_Cirrus_92a0bdb6013c8d0b4770e4e907d3d8cf_slice088.png,1,275,256,0.7683615804738954
Standard U-Net (Base),RET_Cirrus_92a0bdb6013c8d0b4770e4e907d3d8cf_slice090.png,1,616,571,0.8272957027571223
Standard U-Net (Base),RET_Cirrus_92a0bdb6013c8d0b4770e4e907d3d8cf_slice092.png,1,437,458,0.8044692728441684
Standard U-Net (Base),RET_Cirrus_92a0bdb6013c8d0b4770e4e907d3d8cf_slice093.png,1,545,518,0.8353715890542129
Standard U-Net (Base),RET_Cirrus_92a0bdb6013c8d0b4770e4e907d3d8cf_slice094.png,1,392,411,0.8443337473918633
Standard U-Net (Base),RET_Cirrus_92a0bdb6013c8d0b4770e4e907d3d8cf_slice096.png,1,633,613,0.836276082795926
Standard U-Net (Base),RET_Cirrus_92a0bdb6013c8d0b4770e4e907d3d8cf_slice097.png,1,571,575,0.8586387427062488
Standard U-Net (Base),RET_Cirrus_92a0bdb6013c8d0b4770e4e907d3d8cf_slice098.png,1,359,373,0.8224043704611962
Standard U-Net (Base),RET_Cirrus_92a0bdb6013c8d0b4770e4e907d3d8cf_slice099.png,1,559,522,0.8288621638955945
Standard U-Net (Base),RET_Cirrus_92a0bdb6013c8d0b4770e4e907d3d8cf_slice101.png,1,804,703,0.8360982078061723
Standard U-Net (Base),RET_Cirrus_92a0bdb6013c8d0b4770e4e907d3d8cf_slice102.png,1,536,537,0.7791239508116272
Standard U-Net (Base),RET_Cirrus_92a0bdb6013c8d0b4770e4e907d3d8cf_slice103.png,1,701,678,0.8440899196199493
Standard U-Net (Base),RET_Cirrus_92a0bdb6013c8d0b4770e4e907d3d8cf_slice104.png,1,586,548,0.8289241615265218
Standard U-Net (Base),RET_Cirrus_92a0bdb6013c8d0b4770e4e907d3d8cf_slice107.png,1,437,534,0.7394438715350733
Standard U-Net (Base),RET_Cirrus_92a0bdb6013c8d0b4770e4e907d3d8cf_slice108.png,1,270,345,0.7577235760037015
Standard U-Net (Base),RET_Cirrus_92a0bdb6013c8d0b4770e4e907d3d8cf_slice110.png,1,436,424,0.7372093014683613
Standard U-Net (Base),RET_Cirrus_92a0bdb6013c8d0b4770e4e907d3d8cf_slice111.png,1,381,418,0.8010012505619509
Standard U-Net (Base),RET_Cirrus_92a0bdb6013c8d0b4770e4e907d3d8cf_slice112.png,1,189,163,0.818181815857438
Standard U-Net (Base),RET_Cirrus_92a0bdb6013c8d0b4770e4e907d3d8cf_slice113.png,1,53,50,0.8349514482043549
Standard U-Net (Base),RET_Cirrus_92a0bdb6013c8d0b4770e4e907d3d8cf_slice114.png,1,19,23,0.8571428367346944
Standard U-Net (Base),RET_Cirrus_92a0bdb6013c8d0b4770e4e907d3d8cf_slice115.png,1,69,42,0.7567567499391284
Standard U-Net (Base),RET_Cirrus_92a0bdb6013c8d0b4770e4e907d3d8cf_slice117.png,1,119,127,0.7804878017053342
Standard U-Net (Base),RET_Cirrus_92a0bdb6013c8d0b4770e4e907d3d8cf_slice118.png,1,97,95,0.8854166620551216
Standard U-Net (Base),RET_Cirrus_92a0bdb6013c8d0b4770e4e907d3d8cf_slice119.png,1,108,113,0.8144796343236216
Standard U-Net (Base),RET_Cirrus_92a0bdb6013c8d0b4770e4e907d3d8cf_slice120.png,1,84,112,0.8469387711890879
Standard U-Net (Base),RET_Cirrus_92a0bdb6013c8d0b4770e4e907d3d8cf_slice121.png,1,96,76,0.767441856003245
Standard U-Net (Base),RET_Cirrus_92a0bdb6013c8d0b4770e4e907d3d8cf_slice122.png,1,84,91,0.8114285667918367
Standard U-Net (Base),RET_Cirrus_92a0bdb6013c8d0b4770e4e907d3d8cf_slice123.png,1,76,86,0.8518518465935071
Standard U-Net (Base),RET_Cirrus_92a0bdb6013c8d0b4770e4e907d3d8cf_slice124.png,1,205,199,0.8663366315189688
Standard U-Net (Base),RET_Cirrus_92a0bdb6013c8d0b4770e4e907d3d8cf_slice125.png,1,231,232,0.8898488101731127
Standard U-Net (Base),RET_Cirrus_92a0bdb6013c8d0b4770e4e907d3d8cf_slice127.png,1,254,232,0.8806584344019374
Standard U-Net (Base),RET_Cirrus_93ae688615be155f7207e4c1f45eb725_slice004.png,0,0,0,
Standard U-Net (Base),RET_Cirrus_93ae688615be155f7207e4c1f45eb725_slice013.png,0,0,0,
Standard U-Net (Base),RET_Cirrus_93ae688615be155f7207e4c1f45eb725_slice021.png,0,0,0,
Standard U-Net (Base),RET_Cirrus_93ae688615be155f7207e4c1f45eb725_slice032.png,1,44,21,0.6461538362130179
Standard U-Net (Base),RET_Cirrus_93ae688615be155f7207e4c1f45eb725_slice033.png,1,108,95,0.8374384195200077
Standard U-Net (Base),RET_Cirrus_93ae688615be155f7207e4c1f45eb725_slice034.png,1,185,164,0.8653295104145287
Standard U-Net (Base),RET_Cirrus_93ae688615be155f7207e4c1f45eb725_slice035.png,1,136,137,0.8278388248064512
Standard U-Net (Base),RET_Cirrus_93ae688615be155f7207e4c1f45eb725_slice036.png,1,190,181,0.8729281743841764
Standard U-Net (Base),RET_Cirrus_93ae688615be155f7207e4c1f45eb725_slice037.png,1,349,334,0.8833087136140196
Standard U-Net (Base),RET_Cirrus_93ae688615be155f7207e4c1f45eb725_slice038.png,1,281,310,0.8934010137167495
Standard U-Net (Base),RET_Cirrus_93ae688615be155f7207e4c1f45eb725_slice039.png,1,366,381,0.8942436400344798
Standard U-Net (Base),RET_Cirrus_93ae688615be155f7207e4c1f45eb725_slice040.png,1,429,385,0.8697788687103454
Standard U-Net (Base),RET_Cirrus_93ae688615be155f7207e4c1f45eb725_slice041.png,1,329,351,0.9235294104065744
Standard U-Net (Base),RET_Cirrus_93ae688615be155f7207e4c1f45eb725_slice042.png,1,387,392,0.8934531439108432
Standard U-Net (Base),RET_Cirrus_93ae688615be155f7207e4c1f45eb725_slice044.png,1,374,425,0.9230769218934911
Standard U-Net (Base),RET_Cirrus_93ae688615be155f7207e4c1f45eb725_slice046.png,1,413,398,0.9346485808450695
Standard U-Net (Base),RET_Cirrus_93ae688615be155f7207e4c1f45eb725_slice047.png,1,361,363,0.9273743003807622
Standard U-Net (Base),RET_Cirrus_93ae688615be155f7207e4c1f45eb725_slice048.png,1,466,471,0.900164976284555
Standard U-Net (Base),RET_Cirrus_93ae688615be155f7207e4c1f45eb725_slice049.png,1,422,407,0.8931419412904592
Standard U-Net (Base),RET_Cirrus_93ae688615be155f7207e4c1f45eb725_slice050.png,1,310,313,0.9277688588639345
Standard U-Net (Base),RET_Cirrus_93ae688615be155f7207e4c1f45eb725_slice051.png,1,281,309,0.908474574731399
Standard U-Net (Base),RET_Cirrus_93ae688615be155f7207e4c1f45eb725_slice052.png,1,260,295,0.8936936920834347
Standard U-Net (Base),RET_Cirrus_93ae688615be155f7207e4c1f45eb725_slice054.png,1,205,209,0.8888888867418143
Standard U-Net (Base),RET_Cirrus_93ae688615be155f7207e4c1f45eb725_slice055.png,1,252,211,0.8812095013364806
Standard U-Net (Base),RET_Cirrus_93ae688615be155f7207e4c1f45eb725_slice056.png,1,256,273,0.8614828160539831
Standard U-Net (Base),RET_Cirrus_93ae688615be155f7207e4c1f45eb725_slice057.png,1,400,379,0.8939067931358191
Standard U-Net (Base),RET_Cirrus_93ae688615be155f7207e4c1f45eb725_slice058.png,1,343,333,0.8337651937365207
Standard U-Net (Base),RET_Cirrus_93ae688615be155f7207e4c1f45eb725_slice059.png,1,253,244,0.8601861740444855
Standard U-Net (Base),RET_Cirrus_93ae688615be155f7207e4c1f45eb725_slice061.png,1,406,370,0.8553154031697141
Standard U-Net (Base),RET_Cirrus_93ae688615be155f7207e4c1f45eb725_slice062.png,1,487,517,0.8403575505481485
Standard U-Net (Base),RET_Cirrus_93ae688615be155f7207e4c1f45eb725_slice064.png,1,552,479,0.8251169809916385
Standard U-Net (Base),RET_Cirrus_93ae688615be155f7207e4c1f45eb725_slice065.png,1,785,751,0.8922514605841896
Standard U-Net (Base),RET_Cirrus_93ae688615be155f7207e4c1f45eb725_slice066.png,1,1007,989,0.8695096957494621
Standard U-Net (Base),RET_Cirrus_93ae688615be155f7207e4c1f45eb725_slice067.png,1,690,706,0.8868809421823367
Standard U-Net (Base),RET_Cirrus_93ae688615be155f7207e4c1f45eb725_slice068.png,1,1354,1321,0.838049964061273
Standard U-Net (Base),RET_Cirrus_93ae688615be155f7207e4c1f45eb725_slice070.png,1,1095,1166,0.8799599330561894
Standard U-Net (Base),RET_Cirrus_93ae688615be155f7207e4c1f45eb725_slice071.png,1,1043,1152,0.8663595369021968
Standard U-Net (Base),RET_Cirrus_93ae688615be155f7207e4c1f45eb725_slice073.png,1,657,696,0.8518727084374041
Standard U-Net (Base),RET_Cirrus_93ae688615be155f7207e4c1f45eb725_slice075.png,1,867,838,0.8633431079980391
Standard U-Net (Base),RET_Cirrus_93ae688615be155f7207e4c1f45eb725_slice076.png,1,933,976,0.9040377551630635
Standard U-Net (Base),RET_Cirrus_93ae688615be155f7207e4c1f45eb725_slice077.png,1,573,621,0.8462867004781633
Standard U-Net (Base),RET_Cirrus_93ae688615be155f7207e4c1f45eb725_slice078.png,1,658,705,0.8928007442885748
Standard U-Net (Base),RET_Cirrus_93ae688615be155f7207e4c1f45eb725_slice079.png,1,418,397,0.8789414368430427
Standard U-Net (Base),RET_Cirrus_93ae688615be155f7207e4c1f45eb725_slice080.png,1,198,209,0.8704954899168595
Standard U-Net (Base),RET_Cirrus_93ae688615be155f7207e4c1f45eb725_slice082.png,1,439,460,0.8606118858526219
Standard U-Net (Base),RET_Cirrus_93ae688615be155f7207e4c1f45eb725_slice083.png,1,262,289,0.8430217130362161
Standard U-Net (Base),RET_Cirrus_93ae688615be155f7207e4c1f45eb725_slice084.png,1,436,492,0.8730487396354869
Standard U-Net (Base),RET_Cirrus_93ae688615be155f7207e4c1f45eb725_slice086.png,1,354,340,0.768520032723691
Standard U-Net (Base),RET_Cirrus_93ae688615be155f7207e4c1f45eb725_slice088.png,1,292,366,0.907643310656619
Standard U-Net (Base),RET_Cirrus_93ae688615be155f7207e4c1f45eb725_slice089.png,0,0,277,
Standard U-Net (Base),RET_Cirrus_93ae688615be155f7207e4c1f45eb725_slice098.png,1,59,56,0.8596491152662359
Standard U-Net (Base),RET_Cirrus_93ae688615be155f7207e4c1f45eb725_slice100.png,1,81,87,0.8427672902970611
Standard U-Net (Base),RET_Cirrus_93ae688615be155f7207e4c1f45eb725_slice101.png,1,69,59,0.7968749937744142
Standard U-Net (Base),RET_Cirrus_93ae688615be155f7207e4c1f45eb725_slice102.png,1,58,88,0.9391304266162572
Standard U-Net (Base),RET_Cirrus_93ae688615be155f7207e4c1f45eb725_slice104.png,1,65,68,0.932330820057663
Standard U-Net (Base),RET_Cirrus_93ae688615be155f7207e4c1f45eb725_slice111.png,0,0,0,
Standard U-Net (Base),RET_Cirrus_a6be6cdf56b8354d72483606af62b8bb_slice000.png,1,3337,3610,0.9431409240041542
Standard U-Net (Base),RET_Cirrus_a6be6cdf56b8354d72483606af62b8bb_slice001.png,1,3615,3892,0.9396563206421131
Standard U-Net (Base),RET_Cirrus_a6be6cdf56b8354d72483606af62b8bb_slice002.png,1,4022,4239,0.9514586610638592
Standard U-Net (Base),RET_Cirrus_a6be6cdf56b8354d72483606af62b8bb_slice003.png,1,4002,4144,0.949668548864514
Standard U-Net (Base),RET_Cirrus_a6be6cdf56b8354d72483606af62b8bb_slice004.png,1,4282,4268,0.9599999998877192
Standard U-Net (Base),RET_Cirrus_a6be6cdf56b8354d72483606af62b8bb_slice005.png,1,4050,4320,0.9500119587479058
Standard U-Net (Base),RET_Cirrus_a6be6cdf56b8354d72483606af62b8bb_slice007.png,1,4430,4606,0.9562520765360225
Standard U-Net (Base),RET_Cirrus_a6be6cdf56b8354d72483606af62b8bb_slice008.png,1,4670,4745,0.9467870418537666
Standard U-Net (Base),RET_Cirrus_a6be6cdf56b8354d72483606af62b8bb_slice009.png,1,4565,4814,0.956475357269418
Standard U-Net (Base),RET_Cirrus_a6be6cdf56b8354d72483606af62b8bb_slice010.png,1,4749,4887,0.9661193098143712
Standard U-Net (Base),RET_Cirrus_a6be6cdf56b8354d72483606af62b8bb_slice013.png,1,5073,5272,0.9651039148414592
Standard U-Net (Base),RET_Cirrus_a6be6cdf56b8354d72483606af62b8bb_slice014.png,1,5402,5376,0.9732789013756468
Standard U-Net (Base),RET_Cirrus_a6be6cdf56b8354d72483606af62b8bb_slice015.png,1,5290,5394,0.9664919504898454
Standard U-Net (Base),RET_Cirrus_a6be6cdf56b8354d72483606af62b8bb_slice016.png,1,5290,5465,0.9653184564420904
Standard U-Net (Base),RET_Cirrus_a6be6cdf56b8354d72483606af62b8bb_slice017.png,1,5540,5543,0.9683298744953235
Standard U-Net (Base),RET_Cirrus_a6be6cdf56b8354d72483606af62b8bb_slice018.png,1,5704,5587,0.9628907978954131
Standard U-Net (Base),RET_Cirrus_a6be6cdf56b8354d72483606af62b8bb_slice019.png,1,5527,5708,0.9643079660912943
Standard U-Net (Base),RET_Cirrus_a6be6cdf56b8354d72483606af62b8bb_slice020.png,1,5492,5706,0.9558849793752558
Standard U-Net (Base),RET_Cirrus_a6be6cdf56b8354d72483606af62b8bb_slice021.png,1,5530,5795,0.9592576225400568
Standard U-Net (Base),RET_Cirrus_a6be6cdf56b8354d72483606af62b8bb_slice022.png,1,5685,5770,0.9674378000028426
Standard U-Net (Base),RET_Cirrus_a6be6cdf56b8354d72483606af62b8bb_slice023.png,1,5376,5707,0.9618334385128725
Standard U-Net (Base),RET_Cirrus_a6be6cdf56b8354d72483606af62b8bb_slice024.png,1,5438,5671,0.9578378377515461
Standard U-Net (Base),RET_Cirrus_a6be6cdf56b8354d72483606af62b8bb_slice025.png,1,5542,5711,0.9577890339502542
Standard U-Net (Base),RET_Cirrus_a6be6cdf56b8354d72483606af62b8bb_slice027.png,1,5728,5815,0.9694868237717158
Standard U-Net (Base),RET_Cirrus_a6be6cdf56b8354d72483606af62b8bb_slice031.png,1,5297,5628,0.9550572081505668
Standard U-Net (Base),RET_Cirrus_a6be6cdf56b8354d72483606af62b8bb_slice032.png,1,5406,5681,0.9584197708164138
Standard U-Net (Base),RET_Cirrus_a6be6cdf56b8354d72483606af62b8bb_slice033.png,1,5562,5633,0.9625725769573406
Standard U-Net (Base),RET_Cirrus_a6be6cdf56b8354d72483606af62b8bb_slice034.png,1,5579,5576,0.9720229554365115
Standard U-Net (Base),RET_Cirrus_a6be6cdf56b8354d72483606af62b8bb_slice035.png,1,5208,5509,0.9504525519314684
Standard U-Net (Base),RET_Cirrus_a6be6cdf56b8354d72483606af62b8bb_slice036.png,1,5425,5539,0.9726377233698797
Standard U-Net (Base),RET_Cirrus_a6be6cdf56b8354d72483606af62b8bb_slice037.png,1,5082,5438,0.9530418250044637
Standard U-Net (Base),RET_Cirrus_a6be6cdf56b8354d72483606af62b8bb_slice039.png,1,5056,5323,0.9623277771497901
Standard U-Net (Base),RET_Cirrus_a6be6cdf56b8354d72483606af62b8bb_slice041.png,1,4912,5382,0.9471536816643527
Standard U-Net (Base),RET_Cirrus_a6be6cdf56b8354d72483606af62b8bb_slice042.png,1,4725,5076,0.9446547313611606
Standard U-Net (Base),RET_Cirrus_a6be6cdf56b8354d72483606af62b8bb_slice043.png,1,4782,5130,0.9570217916710027
Standard U-Net (Base),RET_Cirrus_a6be6cdf56b8354d72483606af62b8bb_slice044.png,1,4476,4544,0.9523281595396531
Standard U-Net (Base),RET_Cirrus_a6be6cdf56b8354d72483606af62b8bb_slice045.png,1,4335,4528,0.9478437569487645
Standard U-Net (Base),RET_Cirrus_a6be6cdf56b8354d72483606af62b8bb_slice046.png,1,4212,4426,0.8305398884430164
Standard U-Net (Base),RET_Cirrus_a6be6cdf56b8354d72483606af62b8bb_slice049.png,1,3255,3391,0.9277723966144817
Standard U-Net (Base),RET_Cirrus_a6be6cdf56b8354d72483606af62b8bb_slice050.png,1,2739,2843,0.9424199583098779
Standard U-Net (Base),RET_Cirrus_a6be6cdf56b8354d72483606af62b8bb_slice052.png,1,3584,3985,0.8977532797851525
Standard U-Net (Base),RET_Cirrus_a6be6cdf56b8354d72483606af62b8bb_slice053.png,1,3001,3192,0.9046474585717982
Standard U-Net (Base),RET_Cirrus_a6be6cdf56b8354d72483606af62b8bb_slice055.png,1,3811,3976,0.8888353479068227
Standard U-Net (Base),RET_Cirrus_a6be6cdf56b8354d72483606af62b8bb_slice057.png,1,3549,4001,0.8805148688292256
Standard U-Net (Base),RET_Cirrus_a6be6cdf56b8354d72483606af62b8bb_slice060.png,1,3332,3568,0.914557846082027
Standard U-Net (Base),RET_Cirrus_a6be6cdf56b8354d72483606af62b8bb_slice061.png,1,2806,3143,0.8915050137995824
Standard U-Net (Base),RET_Cirrus_a6be6cdf56b8354d72483606af62b8bb_slice062.png,1,2274,2424,0.8718106420771251
Standard U-Net (Base),RET_Cirrus_a6be6cdf56b8354d72483606af62b8bb_slice063.png,1,2708,2656,0.8480455731251716
Standard U-Net (Base),RET_Cirrus_a6be6cdf56b8354d72483606af62b8bb_slice064.png,1,3281,3426,0.8212731716943105
Standard U-Net (Base),RET_Cirrus_a6be6cdf56b8354d72483606af62b8bb_slice065.png,1,3287,3424,0.7660574502569695
Standard U-Net (Base),RET_Cirrus_a6be6cdf56b8354d72483606af62b8bb_slice066.png,1,3707,4199,0.8646730865604824
Standard U-Net (Base),RET_Cirrus_a6be6cdf56b8354d72483606af62b8bb_slice067.png,1,3391,4090,0.872069658289073
Standard U-Net (Base),RET_Cirrus_a6be6cdf56b8354d72483606af62b8bb_slice068.png,1,3176,3667,0.895100779624084
Standard U-Net (Base),RET_Cirrus_a6be6cdf56b8354d72483606af62b8bb_slice069.png,1,4343,5319,0.8794760942598154
Standard U-Net (Base),RET_Cirrus_a6be6cdf56b8354d72483606af62b8bb_slice071.png,1,4041,4627,0.8779574821771083
Standard U-Net (Base),RET_Cirrus_a6be6cdf56b8354d72483606af62b8bb_slice072.png,1,4225,4764,0.8980716910635635
Standard U-Net (Base),RET_Cirrus_a6be6cdf56b8354d72483606af62b8bb_slice073.png,1,4449,5089,0.9053421929364815
Standard U-Net (Base),RET_Cirrus_a6be6cdf56b8354d72483606af62b8bb_slice074.png,1,4636,5211,0.8905929509416767
Standard U-Net (Base),RET_Cirrus_a6be6cdf56b8354d72483606af62b8bb_slice075.png,1,4692,5270,0.912072143579495
Standard U-Net (Base),RET_Cirrus_a6be6cdf56b8354d72483606af62b8bb_slice076.png,1,4427,5006,0.9143458327452598
Standard U-Net (Base),RET_Cirrus_a6be6cdf56b8354d72483606af62b8bb_slice077.png,1,4181,4653,0.9054559376856472
Standard U-Net (Base),RET_Cirrus_a6be6cdf56b8354d72483606af62b8bb_slice079.png,1,3968,4597,0.8883513834801787
Standard U-Net (Base),RET_Cirrus_a6be6cdf56b8354d72483606af62b8bb_slice080.png,1,3386,3672,0.9108126900822272
Standard U-Net (Base),RET_Cirrus_a6be6cdf56b8354d72483606af62b8bb_slice082.png,1,3748,4219,0.8943310325320772
Standard U-Net (Base),RET_Cirrus_a6be6cdf56b8354d72483606af62b8bb_slice084.png,1,3091,3253,0.9042535944621573
Standard U-Net (Base),RET_Cirrus_a6be6cdf56b8354d72483606af62b8bb_slice086.png,1,2655,3093,0.8867145825489751
Standard U-Net (Base),RET_Cirrus_a6be6cdf56b8354d72483606af62b8bb_slice087.png,1,2256,2596,0.8520725732028365
Standard U-Net (Base),RET_Cirrus_a6be6cdf56b8354d72483606af62b8bb_slice089.png,1,2516,2946,0.8589812374467507
Standard U-Net (Base),RET_Cirrus_a6be6cdf56b8354d72483606af62b8bb_slice090.png,1,4455,4782,0.896805449746532
Standard U-Net (Base),RET_Cirrus_a6be6cdf56b8354d72483606af62b8bb_slice093.png,1,2721,3068,0.8939646224517727
Standard U-Net (Base),RET_Cirrus_a6be6cdf56b8354d72483606af62b8bb_slice094.png,1,2565,2738,0.9071018993357131
Standard U-Net (Base),RET_Cirrus_a6be6cdf56b8354d72483606af62b8bb_slice095.png,1,1956,2032,0.8915113352972028
Standard U-Net (Base),RET_Cirrus_a6be6cdf56b8354d72483606af62b8bb_slice096.png,1,1613,1658,0.8724494624500294
Standard U-Net (Base),RET_Cirrus_a6be6cdf56b8354d72483606af62b8bb_slice097.png,1,1794,2090,0.8678314852966394
Standard U-Net (Base),RET_Cirrus_a6be6cdf56b8354d72483606af62b8bb_slice098.png,1,1066,1223,0.8144221278614219
Standard U-Net (Base),RET_Cirrus_a6be6cdf56b8354d72483606af62b8bb_slice099.png,1,1033,1344,0.7536458247424423
Standard U-Net (Base),RET_Cirrus_a6be6cdf56b8354d72483606af62b8bb_slice101.png,1,1116,1161,0.9097724408242436
Standard U-Net (Base),RET_Cirrus_a6be6cdf56b8354d72483606af62b8bb_slice104.png,1,1259,1222,0.9380538373866512
Standard U-Net (Base),RET_Cirrus_a6be6cdf56b8354d72483606af62b8bb_slice105.png,1,1215,1364,0.9058142664227387
Standard U-Net (Base),RET_Cirrus_a6be6cdf56b8354d72483606af62b8bb_slice107.png,1,1170,1156,0.9410133389311501
Standard U-Net (Base),RET_Cirrus_a6be6cdf56b8354d72483606af62b8bb_slice108.png,1,1166,1160,0.9282768503907369
Standard U-Net (Base),RET_Cirrus_a6be6cdf56b8354d72483606af62b8bb_slice109.png,1,1180,1205,0.9162394453804459
Standard U-Net (Base),RET_Cirrus_a6be6cdf56b8354d72483606af62b8bb_slice110.png,1,1205,1208,0.915924423881971
Standard U-Net (Base),RET_Cirrus_a6be6cdf56b8354d72483606af62b8bb_slice111.png,1,1252,1224,0.907220346524768
Standard U-Net (Base),RET_Cirrus_a6be6cdf56b8354d72483606af62b8bb_slice112.png,1,1376,1334,0.9155269311201577
Standard U-Net (Base),RET_Cirrus_a6be6cdf56b8354d72483606af62b8bb_slice113.png,1,1424,1419,0.8931565176864334
Standard U-Net (Base),RET_Cirrus_a6be6cdf56b8354d72483606af62b8bb_slice114.png,1,1374,1355,0.9106462342781452
Standard U-Net (Base),RET_Cirrus_a6be6cdf56b8354d72483606af62b8bb_slice115.png,1,1500,1496,0.9195635533781987
Standard U-Net (Base),RET_Cirrus_a6be6cdf56b8354d72483606af62b8bb_slice118.png,1,1102,1115,0.8360108002637965
Standard U-Net (Base),RET_Cirrus_a6be6cdf56b8354d72483606af62b8bb_slice119.png,1,909,856,0.9235127473521174
Standard U-Net (Base),RET_Cirrus_a6be6cdf56b8354d72483606af62b8bb_slice121.png,1,583,578,0.8534482751263376
Standard U-Net (Base),RET_Cirrus_a6be6cdf56b8354d72483606af62b8bb_slice123.png,1,256,288,0.8593448923712045
Standard U-Net (Base),RET_Cirrus_a6be6cdf56b8354d72483606af62b8bb_slice125.png,1,280,293,0.8780487788404339
Standard U-Net (Base),RET_Cirrus_a953b47afe290923d91a08610799ea42_slice000.png,1,94,88,0.9340659289337037
Standard U-Net (Base),RET_Cirrus_a953b47afe290923d91a08610799ea42_slice002.png,1,47,42,0.8764044845347811
Standard U-Net (Base),RET_Cirrus_a953b47afe290923d91a08610799ea42_slice014.png,1,17,12,0.8275861783590973
Standard U-Net (Base),RET_Cirrus_a953b47afe290923d91a08610799ea42_slice015.png,1,9,9,0.9999999444444475
Standard U-Net (Base),RET_Cirrus_a953b47afe290923d91a08610799ea42_slice026.png,1,19,18,0.9729729466764069
Standard U-Net (Base),RET_Cirrus_a953b47afe290923d91a08610799ea42_slice036.png,1,24,38,0.7419354719042666
Standard U-Net (Base),RET_Cirrus_a953b47afe290923d91a08610799ea42_slice039.png,1,43,39,0.853658526174896
Standard U-Net (Base),RET_Cirrus_a953b47afe290923d91a08610799ea42_slice040.png,1,82,74,0.8974358916831032
Standard U-Net (Base),RET_Cirrus_a953b47afe290923d91a08610799ea42_slice041.png,1,147,121,0.873134325100245
Standard U-Net (Base),RET_Cirrus_a953b47afe290923d91a08610799ea42_slice042.png,1,211,196,0.8894348872495458
Standard U-Net (Base),RET_Cirrus_a953b47afe290923d91a08610799ea42_slice043.png,1,218,229,0.9082774028897598
Standard U-Net (Base),RET_Cirrus_a953b47afe290923d91a08610799ea42_slice044.png,1,351,309,0.8272727260192837
Standard U-Net (Base),RET_Cirrus_a953b47afe290923d91a08610799ea42_slice045.png,1,231,274,0.8316831666699344
Standard U-Net (Base),RET_Cirrus_a953b47afe290923d91a08610799ea42_slice046.png,1,534,493,0.8510223944975438
Standard U-Net (Base),RET_Cirrus_a953b47afe290923d91a08610799ea42_slice047.png,1,532,575,0.7624209568541815
Standard U-Net (Base),RET_Cirrus_a953b47afe290923d91a08610799ea42_slice048.png,1,594,623,0.8759244035530612
Standard U-Net (Base),RET_Cirrus_a953b47afe290923d91a08610799ea42_slice050.png,1,1069,1171,0.814285713922194
Standard U-Net (Base),RET_Cirrus_a953b47afe290923d91a08610799ea42_slice051.png,1,1289,1345,0.885345481820294
Standard U-Net (Base),RET_Cirrus_a953b47afe290923d91a08610799ea42_slice052.png,1,1120,1300,0.8479338839471348
Standard U-Net (Base),RET_Cirrus_a953b47afe290923d91a08610799ea42_slice053.png,1,1071,1214,0.7824945291980331
Standard U-Net (Base),RET_Cirrus_a953b47afe290923d91a08610799ea42_slice054.png,1,1073,1311,0.8238255030101403
Standard U-Net (Base),RET_Cirrus_a953b47afe290923d91a08610799ea42_slice056.png,1,1601,1708,0.8812330006403043
Standard U-Net (Base),RET_Cirrus_a953b47afe290923d91a08610799ea42_slice058.png,1,1644,1802,0.9077190943390252
Standard U-Net (Base),RET_Cirrus_a953b47afe290923d91a08610799ea42_slice060.png,1,1677,1886,0.8925063146526786
Standard U-Net (Base),RET_Cirrus_a953b47afe290923d91a08610799ea42_slice061.png,1,1777,1935,0.8846982756237344
Standard U-Net (Base),RET_Cirrus_a953b47afe290923d91a08610799ea42_slice062.png,1,1403,1652,0.8661211126461142
Standard U-Net (Base),RET_Cirrus_a953b47afe290923d91a08610799ea42_slice063.png,1,1668,1723,0.8888233556800875
Standard U-Net (Base),RET_Cirrus_a953b47afe290923d91a08610799ea42_slice064.png,1,1710,1911,0.864402098628997
Standard U-Net (Base),RET_Cirrus_a953b47afe290923d91a08610799ea42_slice065.png,1,1318,1547,0.8712041881775902
Standard U-Net (Base),RET_Cirrus_a953b47afe290923d91a08610799ea42_slice066.png,1,1444,1447,0.8578346589907179
Standard U-Net (Base),RET_Cirrus_a953b47afe290923d91a08610799ea42_slice067.png,1,1201,1381,0.8450813319732451
Standard U-Net (Base),RET_Cirrus_a953b47afe290923d91a08610799ea42_slice068.png,1,1029,1110,0.8555399715495372
Standard U-Net (Base),RET_Cirrus_a953b47afe290923d91a08610799ea42_slice070.png,1,681,793,0.8141112613201416
Standard U-Net (Base),RET_Cirrus_a953b47afe290923d91a08610799ea42_slice071.png,1,419,539,0.7849686839405338
Standard U-Net (Base),RET_Cirrus_a953b47afe290923d91a08610799ea42_slice072.png,1,564,525,0.797061523602331
Standard U-Net (Base),RET_Cirrus_a953b47afe290923d91a08610799ea42_slice074.png,1,300,380,0.738235293032007
Standard U-Net (Base),RET_Cirrus_a953b47afe290923d91a08610799ea42_slice075.png,1,338,322,0.8121212108907254
Standard U-Net (Base),RET_Cirrus_a953b47afe290923d91a08610799ea42_slice077.png,1,111,89,0.7399999963
Standard U-Net (Base),RET_Cirrus_a953b47afe290923d91a08610799ea42_slice079.png,1,13,15,0.9285713954081645
Standard U-Net (Base),RET_Cirrus_a953b47afe290923d91a08610799ea42_slice090.png,0,0,0,
Standard U-Net (Base),RET_Cirrus_a953b47afe290923d91a08610799ea42_slice116.png,0,0,0,
Standard U-Net (Base),RET_Cirrus_b35010885c2127df56140ffbfc3db3e3_slice009.png,1,14,63,0.7567567363038721
Standard U-Net (Base),RET_Cirrus_b35010885c2127df56140ffbfc3db3e3_slice010.png,1,84,87,0.8771929773263568
Standard U-Net (Base),RET_Cirrus_b35010885c2127df56140ffbfc3db3e3_slice011.png,1,288,299,0.8670309638123298
Standard U-Net (Base),RET_Cirrus_b35010885c2127df56140ffbfc3db3e3_slice012.png,1,308,305,0.8481814724796543
Standard U-Net (Base),RET_Cirrus_b35010885c2127df56140ffbfc3db3e3_slice013.png,1,330,328,0.9052862892218265
Standard U-Net (Base),RET_Cirrus_b35010885c2127df56140ffbfc3db3e3_slice014.png,1,564,532,0.8824664806538917
Standard U-Net (Base),RET_Cirrus_b35010885c2127df56140ffbfc3db3e3_slice015.png,1,614,652,0.8225524461117071
Standard U-Net (Base),RET_Cirrus_b35010885c2127df56140ffbfc3db3e3_slice016.png,1,710,665,0.864691957926819
Standard U-Net (Base),RET_Cirrus_b35010885c2127df56140ffbfc3db3e3_slice017.png,1,822,783,0.8569999988818431
Standard U-Net (Base),RET_Cirrus_b35010885c2127df56140ffbfc3db3e3_slice018.png,1,808,795,0.8571814568906416
Standard U-Net (Base),RET_Cirrus_b35010885c2127df56140ffbfc3db3e3_slice019.png,1,777,785,0.8974502271547835
Standard U-Net (Base),RET_Cirrus_b35010885c2127df56140ffbfc3db3e3_slice021.png,1,812,753,0.8844235349113188
Standard U-Net (Base),RET_Cirrus_b35010885c2127df56140ffbfc3db3e3_slice023.png,1,830,839,0.8591264441866466
Standard U-Net (Base),RET_Cirrus_b35010885c2127df56140ffbfc3db3e3_slice025.png,1,823,863,0.8233660861089045
Standard U-Net (Base),RET_Cirrus_b35010885c2127df56140ffbfc3db3e3_slice026.png,1,977,904,0.8026531839287867
Standard U-Net (Base),RET_Cirrus_b35010885c2127df56140ffbfc3db3e3_slice027.png,1,1051,970,0.8505172357838718
Standard U-Net (Base),RET_Cirrus_b35010885c2127df56140ffbfc3db3e3_slice028.png,1,1133,1260,0.8598751201120324
Standard U-Net (Base),RET_Cirrus_b35010885c2127df56140ffbfc3db3e3_slice030.png,1,1321,1363,0.8939266992856952
Standard U-Net (Base),RET_Cirrus_b35010885c2127df56140ffbfc3db3e3_slice031.png,1,1426,1407,0.8454239015696215
Standard U-Net (Base),RET_Cirrus_b35010885c2127df56140ffbfc3db3e3_slice032.png,1,1420,1515,0.8729715931011358
Standard U-Net (Base),RET_Cirrus_b35010885c2127df56140ffbfc3db3e3_slice033.png,1,1491,1600,0.9073363345585129
Standard U-Net (Base),RET_Cirrus_b35010885c2127df56140ffbfc3db3e3_slice034.png,1,1787,1872,0.9084286529332338
Standard U-Net (Base),RET_Cirrus_b35010885c2127df56140ffbfc3db3e3_slice035.png,1,2041,2089,0.8995731636958695
Standard U-Net (Base),RET_Cirrus_b35010885c2127df56140ffbfc3db3e3_slice036.png,1,1959,2048,0.91525555965955
Standard U-Net (Base),RET_Cirrus_b35010885c2127df56140ffbfc3db3e3_slice038.png,1,2332,2193,0.8781118335892056
Standard U-Net (Base),RET_Cirrus_b35010885c2127df56140ffbfc3db3e3_slice039.png,1,2279,2222,0.8393204192694522
Standard U-Net (Base),RET_Cirrus_b35010885c2127df56140ffbfc3db3e3_slice040.png,1,2284,2445,0.8814310262794135
Standard U-Net (Base),RET_Cirrus_b35010885c2127df56140ffbfc3db3e3_slice041.png,1,2552,2560,0.8776172810550255
Standard U-Net (Base),RET_Cirrus_b35010885c2127df56140ffbfc3db3e3_slice042.png,1,2510,2599,0.9149706132142597
Standard U-Net (Base),RET_Cirrus_b35010885c2127df56140ffbfc3db3e3_slice043.png,1,2538,2635,0.8663394437027495
Standard U-Net (Base),RET_Cirrus_b35010885c2127df56140ffbfc3db3e3_slice045.png,1,2547,2502,0.8767348193175956
Standard U-Net (Base),RET_Cirrus_b35010885c2127df56140ffbfc3db3e3_slice047.png,1,2337,2366,0.8661225723126963
Standard U-Net (Base),RET_Cirrus_b35010885c2127df56140ffbfc3db3e3_slice048.png,1,2182,2212,0.87943875562694
Standard U-Net (Base),RET_Cirrus_b35010885c2127df56140ffbfc3db3e3_slice049.png,1,2176,2102,0.8716007150694368
Standard U-Net (Base),RET_Cirrus_b35010885c2127df56140ffbfc3db3e3_slice050.png,1,2134,2155,0.9005290606720622
Standard U-Net (Base),RET_Cirrus_b35010885c2127df56140ffbfc3db3e3_slice052.png,1,2295,2274,0.8839091323996645
Standard U-Net (Base),RET_Cirrus_b35010885c2127df56140ffbfc3db3e3_slice053.png,1,2113,2159,0.8945513086508363
Standard U-Net (Base),RET_Cirrus_b35010885c2127df56140ffbfc3db3e3_slice054.png,1,2242,2263,0.9104568521968694
Standard U-Net (Base),RET_Cirrus_b35010885c2127df56140ffbfc3db3e3_slice055.png,1,2305,2388,0.9108481916857211
Standard U-Net (Base),RET_Cirrus_b35010885c2127df56140ffbfc3db3e3_slice056.png,1,2379,2452,0.9191500341773446
Standard U-Net (Base),RET_Cirrus_b35010885c2127df56140ffbfc3db3e3_slice057.png,1,2523,2509,0.9235862315228826
Standard U-Net (Base),RET_Cirrus_b35010885c2127df56140ffbfc3db3e3_slice058.png,1,2518,2468,0.918968525451738
Standard U-Net (Base),RET_Cirrus_b35010885c2127df56140ffbfc3db3e3_slice059.png,1,2459,2366,0.9248132298246436
Standard U-Net (Base),RET_Cirrus_b35010885c2127df56140ffbfc3db3e3_slice060.png,1,2589,2407,0.912894608847068
Standard U-Net (Base),RET_Cirrus_b35010885c2127df56140ffbfc3db3e3_slice062.png,1,2228,2337,0.9048846801074228
Standard U-Net (Base),RET_Cirrus_b35010885c2127df56140ffbfc3db3e3_slice063.png,1,2115,2043,0.8671641947651406
Standard U-Net (Base),RET_Cirrus_b35010885c2127df56140ffbfc3db3e3_slice066.png,1,1741,1731,0.9366946518802424
Standard U-Net (Base),RET_Cirrus_b35010885c2127df56140ffbfc3db3e3_slice067.png,1,1791,1776,0.9366873501219197
Standard U-Net (Base),RET_Cirrus_b35010885c2127df56140ffbfc3db3e3_slice068.png,1,1778,1725,0.6170536411803588
Standard U-Net (Base),RET_Cirrus_b35010885c2127df56140ffbfc3db3e3_slice069.png,1,1716,1770,0.9154284370756447
Standard U-Net (Base),RET_Cirrus_b35010885c2127df56140ffbfc3db3e3_slice070.png,1,1806,1846,0.9293674945895503
Standard U-Net (Base),RET_Cirrus_b35010885c2127df56140ffbfc3db3e3_slice071.png,1,2000,1954,0.899463457072239
Standard U-Net (Base),RET_Cirrus_b35010885c2127df56140ffbfc3db3e3_slice072.png,1,1821,1903,0.9194379305941582
Standard U-Net (Base),RET_Cirrus_b35010885c2127df56140ffbfc3db3e3_slice075.png,1,1956,1995,0.9286545752058378
Standard U-Net (Base),RET_Cirrus_b35010885c2127df56140ffbfc3db3e3_slice076.png,1,1892,1998,0.9132215892943798
Standard U-Net (Base),RET_Cirrus_b35010885c2127df56140ffbfc3db3e3_slice077.png,1,1999,2048,0.9137629255577391
Standard U-Net (Base),RET_Cirrus_b35010885c2127df56140ffbfc3db3e3_slice078.png,1,1945,1899,0.9362798109094623
Standard U-Net (Base),RET_Cirrus_b35010885c2127df56140ffbfc3db3e3_slice079.png,1,1779,1819,0.9278068985822916
Standard U-Net (Base),RET_Cirrus_b35010885c2127df56140ffbfc3db3e3_slice081.png,1,2170,2023,0.9223193285173525
Standard U-Net (Base),RET_Cirrus_b35010885c2127df56140ffbfc3db3e3_slice082.png,1,1893,1907,0.919032429068714
Standard U-Net (Base),RET_Cirrus_b35010885c2127df56140ffbfc3db3e3_slice083.png,1,1696,1751,0.9110085403714812
Standard U-Net (Base),RET_Cirrus_b35010885c2127df56140ffbfc3db3e3_slice084.png,1,1859,1878,0.8939720645965705
Standard U-Net (Base),RET_Cirrus_b35010885c2127df56140ffbfc3db3e3_slice085.png,1,1998,2145,0.8907319684064177
Standard U-Net (Base),RET_Cirrus_b35010885c2127df56140ffbfc3db3e3_slice086.png,1,2054,2021,0.8617921382437244
Standard U-Net (Base),RET_Cirrus_b35010885c2127df56140ffbfc3db3e3_slice087.png,1,2202,2175,0.8952174581709231
Standard U-Net (Base),RET_Cirrus_b35010885c2127df56140ffbfc3db3e3_slice088.png,1,2326,2267,0.9086544233819613
Standard U-Net (Base),RET_Cirrus_b35010885c2127df56140ffbfc3db3e3_slice090.png,1,2287,2318,0.8983457125701833
Standard U-Net (Base),RET_Cirrus_b35010885c2127df56140ffbfc3db3e3_slice091.png,1,2233,2309,0.8842268552142203
Standard U-Net (Base),RET_Cirrus_b35010885c2127df56140ffbfc3db3e3_slice092.png,1,2335,2373,0.9019091079390034
Standard U-Net (Base),RET_Cirrus_b35010885c2127df56140ffbfc3db3e3_slice093.png,1,2498,2521,0.8973017979859669
Standard U-Net (Base),RET_Cirrus_b35010885c2127df56140ffbfc3db3e3_slice095.png,1,2756,2687,0.8909794603051215
Standard U-Net (Base),RET_Cirrus_b35010885c2127df56140ffbfc3db3e3_slice097.png,1,2657,2716,0.8976102844986582
Standard U-Net (Base),RET_Cirrus_b35010885c2127df56140ffbfc3db3e3_slice098.png,1,2664,2683,0.9136494200680292
Standard U-Net (Base),RET_Cirrus_b35010885c2127df56140ffbfc3db3e3_slice099.png,1,2659,2695,0.9160593592349462
Standard U-Net (Base),RET_Cirrus_b35010885c2127df56140ffbfc3db3e3_slice100.png,1,2763,2641,0.8910590624030569
Standard U-Net (Base),RET_Cirrus_b35010885c2127df56140ffbfc3db3e3_slice102.png,1,2746,2737,0.907076370088507
Standard U-Net (Base),RET_Cirrus_b35010885c2127df56140ffbfc3db3e3_slice104.png,1,2493,2631,0.8018775579677375
Standard U-Net (Base),RET_Cirrus_b35010885c2127df56140ffbfc3db3e3_slice106.png,1,2705,2664,0.9625628606886639
Standard U-Net (Base),RET_Cirrus_b35010885c2127df56140ffbfc3db3e3_slice107.png,1,2796,2739,0.9741644081347489
Standard U-Net (Base),RET_Cirrus_b35010885c2127df56140ffbfc3db3e3_slice108.png,1,2547,2673,0.9678160917686175
Standard U-Net (Base),RET_Cirrus_b35010885c2127df56140ffbfc3db3e3_slice109.png,1,2691,2711,0.9703813400647202
Standard U-Net (Base),RET_Cirrus_b35010885c2127df56140ffbfc3db3e3_slice111.png,1,2718,2743,0.9679545868947161
Standard U-Net (Base),RET_Cirrus_b35010885c2127df56140ffbfc3db3e3_slice113.png,1,2582,2601,0.9654640167923086
Standard U-Net (Base),RET_Cirrus_b35010885c2127df56140ffbfc3db3e3_slice114.png,1,2582,2593,0.9750724635796961
Standard U-Net (Base),RET_Cirrus_b35010885c2127df56140ffbfc3db3e3_slice116.png,1,2293,2434,0.9532473025273435
Standard U-Net (Base),RET_Cirrus_b35010885c2127df56140ffbfc3db3e3_slice117.png,1,2518,2430,0.9620048502502011
Standard U-Net (Base),RET_Cirrus_b35010885c2127df56140ffbfc3db3e3_slice118.png,1,2171,2274,0.9574803147452237
Standard U-Net (Base),RET_Cirrus_b35010885c2127df56140ffbfc3db3e3_slice119.png,1,2152,2184,0.964483394611512
Standard U-Net (Base),RET_Cirrus_b35010885c2127df56140ffbfc3db3e3_slice121.png,1,1763,1976,0.9355442629217587
Standard U-Net (Base),RET_Cirrus_b35010885c2127df56140ffbfc3db3e3_slice122.png,1,1912,1930,0.9573138987617611
Standard U-Net (Base),RET_Cirrus_b35010885c2127df56140ffbfc3db3e3_slice123.png,1,1778,1836,0.956834532109343
Standard U-Net (Base),RET_Cirrus_b35010885c2127df56140ffbfc3db3e3_slice124.png,1,1715,1726,0.9491426908023416
Standard U-Net (Base),RET_Cirrus_b35010885c2127df56140ffbfc3db3e3_slice126.png,1,1473,1461,0.9516019083327873
Standard U-Net (Base),RET_Cirrus_b35010885c2127df56140ffbfc3db3e3_slice127.png,1,1260,1342,0.950038431610285
Standard U-Net (Base),RET_Cirrus_d40ef678ef3dff06eb3aa3a4f4ae99e6_slice000.png,0,0,1,
Standard U-Net (Base),RET_Cirrus_d40ef678ef3dff06eb3aa3a4f4ae99e6_slice017.png,0,0,0,
Standard U-Net (Base),RET_Cirrus_d40ef678ef3dff06eb3aa3a4f4ae99e6_slice028.png,0,0,0,
Standard U-Net (Base),RET_Cirrus_d40ef678ef3dff06eb3aa3a4f4ae99e6_slice045.png,1,34,34,0.8529411639273359
Standard U-Net (Base),RET_Cirrus_d40ef678ef3dff06eb3aa3a4f4ae99e6_slice046.png,1,71,67,0.898550718126444
Standard U-Net (Base),RET_Cirrus_d40ef678ef3dff06eb3aa3a4f4ae99e6_slice047.png,1,69,63,0.8939393871671258
Standard U-Net (Base),RET_Cirrus_d40ef678ef3dff06eb3aa3a4f4ae99e6_slice048.png,1,99,98,0.9543147159679456
Standard U-Net (Base),RET_Cirrus_d40ef678ef3dff06eb3aa3a4f4ae99e6_slice049.png,1,90,88,0.9550561744097967
Standard U-Net (Base),RET_Cirrus_d40ef678ef3dff06eb3aa3a4f4ae99e6_slice050.png,1,109,97,0.932038830426996
Standard U-Net (Base),RET_Cirrus_d40ef678ef3dff06eb3aa3a4f4ae99e6_slice051.png,1,106,102,0.9423076877773668
Standard U-Net (Base),RET_Cirrus_d40ef678ef3dff06eb3aa3a4f4ae99e6_slice053.png,1,134,114,0.9032258028095734
Standard U-Net (Base),RET_Cirrus_d40ef678ef3dff06eb3aa3a4f4ae99e6_slice054.png,1,174,150,0.919753083581009
Standard U-Net (Base),RET_Cirrus_d40ef678ef3dff06eb3aa3a4f4ae99e6_slice055.png,1,144,147,0.8041237085768945
Standard U-Net (Base),RET_Cirrus_d40ef678ef3dff06eb3aa3a4f4ae99e6_slice056.png,1,258,262,0.892307690591716
Standard U-Net (Base),RET_Cirrus_d40ef678ef3dff06eb3aa3a4f4ae99e6_slice057.png,1,362,342,0.9062499987127131
Standard U-Net (Base),RET_Cirrus_d40ef678ef3dff06eb3aa3a4f4ae99e6_slice059.png,1,549,584,0.9052258627943083
Standard U-Net (Base),RET_Cirrus_d40ef678ef3dff06eb3aa3a4f4ae99e6_slice060.png,1,619,638,0.9323786786536367
Standard U-Net (Base),RET_Cirrus_d40ef678ef3dff06eb3aa3a4f4ae99e6_slice061.png,1,720,750,0.9449035806164575
Standard U-Net (Base),RET_Cirrus_d40ef678ef3dff06eb3aa3a4f4ae99e6_slice062.png,1,846,855,0.9535567307739231
Standard U-Net (Base),RET_Cirrus_d40ef678ef3dff06eb3aa3a4f4ae99e6_slice063.png,1,828,910,0.9397163115013496
Standard U-Net (Base),RET_Cirrus_d40ef678ef3dff06eb3aa3a4f4ae99e6_slice064.png,1,958,963,0.9598749343617118
Standard U-Net (Base),RET_Cirrus_d40ef678ef3dff06eb3aa3a4f4ae99e6_slice066.png,1,767,819,0.9192938203535347
Standard U-Net (Base),RET_Cirrus_d40ef678ef3dff06eb3aa3a4f4ae99e6_slice067.png,1,396,392,0.8604060902786724
Standard U-Net (Base),RET_Cirrus_d40ef678ef3dff06eb3aa3a4f4ae99e6_slice068.png,1,517,513,0.9495145621849372
Standard U-Net (Base),RET_Cirrus_d40ef678ef3dff06eb3aa3a4f4ae99e6_slice069.png,1,822,825,0.8925318755965197
Standard U-Net (Base),RET_Cirrus_d40ef678ef3dff06eb3aa3a4f4ae99e6_slice070.png,1,714,694,0.8735795448341054
Standard U-Net (Base),RET_Cirrus_d40ef678ef3dff06eb3aa3a4f4ae99e6_slice071.png,1,688,707,0.8616487449020438
Standard U-Net (Base),RET_Cirrus_d40ef678ef3dff06eb3aa3a4f4ae99e6_slice072.png,1,615,623,0.912762519456573
Standard U-Net (Base),RET_Cirrus_d40ef678ef3dff06eb3aa3a4f4ae99e6_slice073.png,1,480,427,0.8754134499719808
Standard U-Net (Base),RET_Cirrus_d40ef678ef3dff06eb3aa3a4f4ae99e6_slice074.png,1,360,336,0.8448275849930638
Standard U-Net (Base),RET_Cirrus_d40ef678ef3dff06eb3aa3a4f4ae99e6_slice075.png,1,189,188,0.8328912444750896
Standard U-Net (Base),RET_Cirrus_d40ef678ef3dff06eb3aa3a4f4ae99e6_slice076.png,1,153,160,0.9073482399126255
Standard U-Net (Base),RET_Cirrus_e6747bd39c2fc8a907a7193731724eab_slice010.png,0,0,0,
Standard U-Net (Base),RET_Cirrus_e6747bd39c2fc8a907a7193731724eab_slice015.png,1,7,5,0.8333332638888947
Standard U-Net (Base),RET_Cirrus_e6747bd39c2fc8a907a7193731724eab_slice016.png,1,5,6,0.9090908264462886
Standard U-Net (Base),RET_Cirrus_e6747bd39c2fc8a907a7193731724eab_slice017.png,1,35,34,0.9855072320940981
Standard U-Net (Base),RET_Cirrus_e6747bd39c2fc8a907a7193731724eab_slice022.png,1,62,66,0.6562499948730469
Standard U-Net (Base),RET_Cirrus_e6747bd39c2fc8a907a7193731724eab_slice023.png,1,154,128,0.8368794296564559
Standard U-Net (Base),RET_Cirrus_e6747bd39c2fc8a907a7193731724eab_slice024.png,1,291,213,0.8015872999968506
Standard U-Net (Base),RET_Cirrus_e6747bd39c2fc8a907a7193731724eab_slice025.png,1,78,54,0.6515151465794308
Standard U-Net (Base),RET_Cirrus_e6747bd39c2fc8a907a7193731724eab_slice026.png,1,145,149,0.7823129225091398
Standard U-Net (Base),RET_Cirrus_e6747bd39c2fc8a907a7193731724eab_slice027.png,1,29,30,0.9152542217753522
Standard U-Net (Base),RET_Cirrus_e6747bd39c2fc8a907a7193731724eab_slice028.png,1,122,99,0.6968325760324318
Standard U-Net (Base),RET_Cirrus_e6747bd39c2fc8a907a7193731724eab_slice030.png,1,291,231,0.777777776287782
Standard U-Net (Base),RET_Cirrus_e6747bd39c2fc8a907a7193731724eab_slice031.png,1,186,193,0.8496042193941841
Standard U-Net (Base),RET_Cirrus_e6747bd39c2fc8a907a7193731724eab_slice033.png,1,271,261,0.9248120283368195
Standard U-Net (Base),RET_Cirrus_e6747bd39c2fc8a907a7193731724eab_slice034.png,1,481,462,0.8271474010316571
Standard U-Net (Base),RET_Cirrus_e6747bd39c2fc8a907a7193731724eab_slice037.png,1,774,813,0.8443604279493633
Standard U-Net (Base),RET_Cirrus_e6747bd39c2fc8a907a7193731724eab_slice038.png,1,1005,1006,0.8393833909301922
Standard U-Net (Base),RET_Cirrus_e6747bd39c2fc8a907a7193731724eab_slice039.png,1,1145,1276,0.8748451049670198
Standard U-Net (Base),RET_Cirrus_e6747bd39c2fc8a907a7193731724eab_slice041.png,1,1705,1730,0.8885007275433768
Standard U-Net (Base),RET_Cirrus_e6747bd39c2fc8a907a7193731724eab_slice042.png,1,1864,1840,0.8785097189852836
Standard U-Net (Base),RET_Cirrus_e6747bd39c2fc8a907a7193731724eab_slice043.png,1,1859,1923,0.8609201478421682
Standard U-Net (Base),RET_Cirrus_e6747bd39c2fc8a907a7193731724eab_slice044.png,1,1312,1506,0.8885734560367021
Standard U-Net (Base),RET_Cirrus_e6747bd39c2fc8a907a7193731724eab_slice045.png,1,1455,1738,0.8311932349416871
Standard U-Net (Base),RET_Cirrus_e6747bd39c2fc8a907a7193731724eab_slice046.png,1,3010,2903,0.902756637763782
Standard U-Net (Base),RET_Cirrus_e6747bd39c2fc8a907a7193731724eab_slice047.png,1,2199,2686,0.8380757418959927
Standard U-Net (Base),RET_Cirrus_e6747bd39c2fc8a907a7193731724eab_slice048.png,1,2562,2942,0.8749999998410246
Standard U-Net (Base),RET_Cirrus_e6747bd39c2fc8a907a7193731724eab_slice051.png,1,2131,2370,0.8615863139609894
Standard U-Net (Base),RET_Cirrus_e6747bd39c2fc8a907a7193731724eab_slice052.png,1,3341,3746,0.8711725693705132
Standard U-Net (Base),RET_Cirrus_e6747bd39c2fc8a907a7193731724eab_slice054.png,1,4246,4633,0.898524608525901
Standard U-Net (Base),RET_Cirrus_e6747bd39c2fc8a907a7193731724eab_slice055.png,1,4859,4883,0.8969410797683287
Standard U-Net (Base),RET_Cirrus_e6747bd39c2fc8a907a7193731724eab_slice056.png,1,4124,4446,0.9159467661783858
Standard U-Net (Base),RET_Cirrus_e6747bd39c2fc8a907a7193731724eab_slice057.png,1,4682,4936,0.913200165285958
Standard U-Net (Base),RET_Cirrus_e6747bd39c2fc8a907a7193731724eab_slice058.png,1,4782,5089,0.9233450677272546
Standard U-Net (Base),RET_Cirrus_e6747bd39c2fc8a907a7193731724eab_slice061.png,1,3606,3734,0.9172560865866057
Standard U-Net (Base),RET_Cirrus_e6747bd39c2fc8a907a7193731724eab_slice063.png,1,4633,4683,0.9107083215111189
Standard U-Net (Base),RET_Cirrus_e6747bd39c2fc8a907a7193731724eab_slice065.png,1,4639,4780,0.8508499303982227
Standard U-Net (Base),RET_Cirrus_e6747bd39c2fc8a907a7193731724eab_slice066.png,1,4117,4576,0.7676623125815607
Standard U-Net (Base),RET_Cirrus_e6747bd39c2fc8a907a7193731724eab_slice069.png,1,3231,3359,0.8773899846923535
Standard U-Net (Base),RET_Cirrus_e6747bd39c2fc8a907a7193731724eab_slice070.png,1,1890,2125,0.8244084680387526
Standard U-Net (Base),RET_Cirrus_e6747bd39c2fc8a907a7193731724eab_slice073.png,1,1860,1952,0.8338590954695428
Standard U-Net (Base),RET_Cirrus_e6747bd39c2fc8a907a7193731724eab_slice074.png,1,2017,2362,0.8367207123003606
Standard U-Net (Base),RET_Cirrus_e6747bd39c2fc8a907a7193731724eab_slice076.png,1,1926,1986,0.873210633723617
Standard U-Net (Base),RET_Cirrus_e6747bd39c2fc8a907a7193731724eab_slice077.png,1,1290,1393,0.8624673869316186
Standard U-Net (Base),RET_Cirrus_e6747bd39c2fc8a907a7193731724eab_slice078.png,1,871,955,0.8269441397442803
Standard U-Net (Base),RET_Cirrus_e6747bd39c2fc8a907a7193731724eab_slice079.png,1,245,349,0.7979797966363976
Standard U-Net (Base),RET_Cirrus_e6747bd39c2fc8a907a7193731724eab_slice080.png,1,663,708,0.818380743385572
Standard U-Net (Base),RET_Cirrus_e6747bd39c2fc8a907a7193731724eab_slice082.png,1,1076,1169,0.7216035631529606
Standard U-Net (Base),RET_Cirrus_e6747bd39c2fc8a907a7193731724eab_slice083.png,1,1361,1580,0.8289697379024245
Standard U-Net (Base),RET_Cirrus_e6747bd39c2fc8a907a7193731724eab_slice084.png,1,1542,1479,0.8970539553468871
Standard U-Net (Base),RET_Cirrus_e6747bd39c2fc8a907a7193731724eab_slice085.png,1,1049,970,0.8618127781764175
Standard U-Net (Base),RET_Cirrus_e6747bd39c2fc8a907a7193731724eab_slice086.png,1,762,829,0.8309239466807518
Standard U-Net (Base),RET_Cirrus_e6747bd39c2fc8a907a7193731724eab_slice087.png,1,898,781,0.7278141746707479
Standard U-Net (Base),RET_Cirrus_e6747bd39c2fc8a907a7193731724eab_slice088.png,1,756,659,0.8310954057730774
Standard U-Net (Base),RET_Cirrus_e6747bd39c2fc8a907a7193731724eab_slice089.png,1,414,432,0.8595438164951454
Standard U-Net (Base),RET_Cirrus_e6747bd39c2fc8a907a7193731724eab_slice090.png,1,521,441,0.8503118494279502
Standard U-Net (Base),RET_Cirrus_e6747bd39c2fc8a907a7193731724eab_slice091.png,1,186,166,0.9147727246739411
Standard U-Net (Base),RET_Cirrus_e6747bd39c2fc8a907a7193731724eab_slice092.png,1,212,183,0.7037974665726646
Standard U-Net (Base),RET_Cirrus_e6747bd39c2fc8a907a7193731724eab_slice093.png,1,68,68,0.852941170198962
Standard U-Net (Base),RET_Cirrus_e6747bd39c2fc8a907a7193731724eab_slice094.png,1,90,75,0.8606060553902664
Standard U-Net (Base),RET_Cirrus_e6747bd39c2fc8a907a7193731724eab_slice095.png,1,142,100,0.7603305753705348
Standard U-Net (Base),RET_Cirrus_e6747bd39c2fc8a907a7193731724eab_slice096.png,1,14,32,0.6086956389413992
Standard U-Net (Base),RET_Cirrus_e6747bd39c2fc8a907a7193731724eab_slice097.png,0,0,7,
Standard U-Net (Base),RET_Cirrus_e6747bd39c2fc8a907a7193731724eab_slice098.png,1,12,15,0.8148147846364894
Standard U-Net (Base),RET_Cirrus_e6747bd39c2fc8a907a7193731724eab_slice099.png,1,45,36,0.8641975201950923
Standard U-Net (Base),RET_Cirrus_e6747bd39c2fc8a907a7193731724eab_slice100.png,1,34,25,0.7118643947141629
Standard U-Net (Base),RET_Cirrus_e6747bd39c2fc8a907a7193731724eab_slice104.png,1,64,56,0.9333333255555556
Standard U-Net (Base),RET_Cirrus_e6747bd39c2fc8a907a7193731724eab_slice105.png,1,72,60,0.8636363570936639
Standard U-Net (Base),RET_Cirrus_e6747bd39c2fc8a907a7193731724eab_slice107.png,0,0,0,
Standard U-Net (Base),RET_Cirrus_e6747bd39c2fc8a907a7193731724eab_slice112.png,0,0,0,
Standard U-Net (Base),RET_Cirrus_e6747bd39c2fc8a907a7193731724eab_slice113.png,0,0,0,
Standard U-Net (Base),RET_Spectralis_11f08e45fcac03ea64b7138754117435_slice007.png,0,0,0,
Standard U-Net (Base),RET_Spectralis_11f08e45fcac03ea64b7138754117435_slice013.png,0,0,105,
Standard U-Net (Base),RET_Spectralis_11f08e45fcac03ea64b7138754117435_slice020.png,1,401,600,0.4775858741665414
Standard U-Net (Base),RET_Spectralis_11f08e45fcac03ea64b7138754117435_slice021.png,1,632,787,0.7409559500841065
Standard U-Net (Base),RET_Spectralis_11f08e45fcac03ea64b7138754117435_slice022.png,1,851,1014,0.734295076258454
Standard U-Net (Base),RET_Spectralis_11f08e45fcac03ea64b7138754117435_slice023.png,1,899,1103,0.8137133190034864
Standard U-Net (Base),RET_Spectralis_11f08e45fcac03ea64b7138754117435_slice024.png,1,962,1054,0.8148949356185724
Standard U-Net (Base),RET_Spectralis_11f08e45fcac03ea64b7138754117435_slice025.png,1,1075,1013,0.8334564030416575
Standard U-Net (Base),RET_Spectralis_11f08e45fcac03ea64b7138754117435_slice026.png,1,1134,1101,0.7990277277271369
Standard U-Net (Base),RET_Spectralis_11f08e45fcac03ea64b7138754117435_slice027.png,1,1029,1183,0.8029221677161513
Standard U-Net (Base),RET_Spectralis_11f08e45fcac03ea64b7138754117435_slice028.png,1,980,1057,0.8279239730397925
Standard U-Net (Base),RET_Spectralis_11f08e45fcac03ea64b7138754117435_slice029.png,1,829,1066,0.830853254199635
Standard U-Net (Base),RET_Spectralis_11f08e45fcac03ea64b7138754117435_slice031.png,1,360,576,0.5662393156343597
Standard U-Net (Base),RET_Spectralis_11f08e45fcac03ea64b7138754117435_slice032.png,1,77,473,0.0378250590122339
Standard U-Net (Base),RET_Spectralis_4223bd8c7002828a266d03b666b5c492_slice001.png,1,472,309,0.37089871559072934
Standard U-Net (Base),RET_Spectralis_4223bd8c7002828a266d03b666b5c492_slice002.png,1,459,335,0.48866498679009446
Standard U-Net (Base),RET_Spectralis_4223bd8c7002828a266d03b666b5c492_slice003.png,1,483,320,0.48669201459227884
Standard U-Net (Base),RET_Spectralis_4223bd8c7002828a266d03b666b5c492_slice004.png,1,486,222,0.4745762705161352
Standard U-Net (Base),RET_Spectralis_4223bd8c7002828a266d03b666b5c492_slice005.png,1,636,394,0.5126213587256103
Standard U-Net (Base),RET_Spectralis_4223bd8c7002828a266d03b666b5c492_slice006.png,1,456,477,0.5886287618855867
Standard U-Net (Base),RET_Spectralis_4223bd8c7002828a266d03b666b5c492_slice007.png,1,956,736,0.6536643022141464
Standard U-Net (Base),RET_Spectralis_4223bd8c7002828a266d03b666b5c492_slice009.png,1,1194,839,0.6000983764879004
Standard U-Net (Base),RET_Spectralis_4223bd8c7002828a266d03b666b5c492_slice010.png,1,1237,856,0.7204968940656967
Standard U-Net (Base),RET_Spectralis_4223bd8c7002828a266d03b666b5c492_slice011.png,1,888,650,0.5019505848491869
Standard U-Net (Base),RET_Spectralis_4223bd8c7002828a266d03b666b5c492_slice012.png,1,589,508,0.483135824536795
Standard U-Net (Base),RET_Spectralis_4223bd8c7002828a266d03b666b5c492_slice014.png,1,585,487,0.5071283090558775
Standard U-Net (Base),RET_Spectralis_4223bd8c7002828a266d03b666b5c492_slice015.png,1,909,584,0.5720026787863344
Standard U-Net (Base),RET_Spectralis_4223bd8c7002828a266d03b666b5c492_slice016.png,1,742,670,0.6857962692354402
Standard U-Net (Base),RET_Spectralis_4223bd8c7002828a266d03b666b5c492_slice017.png,1,798,803,0.4184884444606568
Standard U-Net (Base),RET_Spectralis_4223bd8c7002828a266d03b666b5c492_slice018.png,1,964,870,0.5504794131130968
Standard U-Net (Base),RET_Spectralis_4223bd8c7002828a266d03b666b5c492_slice020.png,1,1745,1124,0.6559776923471671
Standard U-Net (Base),RET_Spectralis_4223bd8c7002828a266d03b666b5c492_slice021.png,1,2008,1361,0.6773523298672152
Standard U-Net (Base),RET_Spectralis_4223bd8c7002828a266d03b666b5c492_slice022.png,1,1818,1961,0.781159036575507
Standard U-Net (Base),RET_Spectralis_4223bd8c7002828a266d03b666b5c492_slice023.png,1,1873,1787,0.698360655546896
Standard U-Net (Base),RET_Spectralis_4223bd8c7002828a266d03b666b5c492_slice024.png,1,1978,1678,0.7850109407043186
Standard U-Net (Base),RET_Spectralis_4223bd8c7002828a266d03b666b5c492_slice025.png,1,1127,886,0.761954807797186
Standard U-Net (Base),RET_Spectralis_4223bd8c7002828a266d03b666b5c492_slice027.png,1,1387,1091,0.7288135590279203
Standard U-Net (Base),RET_Spectralis_4223bd8c7002828a266d03b666b5c492_slice029.png,1,571,418,0.6289180984540768
Standard U-Net (Base),RET_Spectralis_4223bd8c7002828a266d03b666b5c492_slice030.png,1,100,224,0.012345678974241731
Standard U-Net (Base),RET_Spectralis_4223bd8c7002828a266d03b666b5c492_slice031.png,1,16,192,0.10576923026072485
Standard U-Net (Base),RET_Spectralis_4223bd8c7002828a266d03b666b5c492_slice046.png,0,0,0,
Standard U-Net (Base),RET_Spectralis_4a8a81b1c06072385738775dccdc7942_slice006.png,1,66,237,0.4444444429479985
Standard U-Net (Base),RET_Spectralis_4a8a81b1c06072385738775dccdc7942_slice007.png,1,186,361,0.6069469824370256
Standard U-Net (Base),RET_Spectralis_4a8a81b1c06072385738775dccdc7942_slice008.png,1,436,544,0.8874316930192003
Standard U-Net (Base),RET_Spectralis_4a8a81b1c06072385738775dccdc7942_slice009.png,1,629,711,0.8157248150567363
Standard U-Net (Base),RET_Spectralis_4a8a81b1c06072385738775dccdc7942_slice011.png,1,587,524,0.7223880589826984
Standard U-Net (Base),RET_Spectralis_4a8a81b1c06072385738775dccdc7942_slice012.png,1,546,700,0.7917414714616323
Standard U-Net (Base),RET_Spectralis_4a8a81b1c06072385738775dccdc7942_slice013.png,1,831,631,0.7408782303827406
Standard U-Net (Base),RET_Spectralis_4a8a81b1c06072385738775dccdc7942_slice014.png,1,1117,1275,0.8035587361644325
Standard U-Net (Base),RET_Spectralis_4a8a81b1c06072385738775dccdc7942_slice015.png,1,1290,1597,0.8137090913853234
Standard U-Net (Base),RET_Spectralis_4a8a81b1c06072385738775dccdc7942_slice017.png,1,1779,1792,0.797213939967248
Standard U-Net (Base),RET_Spectralis_4a8a81b1c06072385738775dccdc7942_slice021.png,1,2957,3113,0.891812600721707
Standard U-Net (Base),RET_Spectralis_4a8a81b1c06072385738775dccdc7942_slice023.png,1,3466,3562,0.8804829907523268
Standard U-Net (Base),RET_Spectralis_4a8a81b1c06072385738775dccdc7942_slice024.png,1,3571,3766,0.8681421008209744
Standard U-Net (Base),RET_Spectralis_4a8a81b1c06072385738775dccdc7942_slice025.png,1,3720,3889,0.8473729345407339
Standard U-Net (Base),RET_Spectralis_4a8a81b1c06072385738775dccdc7942_slice026.png,1,3988,4018,0.898811026482528
Standard U-Net (Base),RET_Spectralis_4a8a81b1c06072385738775dccdc7942_slice027.png,1,3936,4166,0.8671520155847994
Standard U-Net (Base),RET_Spectralis_4a8a81b1c06072385738775dccdc7942_slice028.png,1,4115,4075,0.8658845602823461
Standard U-Net (Base),RET_Spectralis_4a8a81b1c06072385738775dccdc7942_slice029.png,1,4052,4029,0.8846544134640598
Standard U-Net (Base),RET_Spectralis_4a8a81b1c06072385738775dccdc7942_slice031.png,1,4054,4108,0.876840516994057
Standard U-Net (Base),RET_Spectralis_4a8a81b1c06072385738775dccdc7942_slice032.png,1,4015,4000,0.8713304681194471
Standard U-Net (Base),RET_Spectralis_4a8a81b1c06072385738775dccdc7942_slice033.png,1,3730,3827,0.8767504192058864
Standard U-Net (Base),RET_Spectralis_4a8a81b1c06072385738775dccdc7942_slice034.png,1,3695,3974,0.8859825690411229
Standard U-Net (Base),RET_Spectralis_4a8a81b1c06072385738775dccdc7942_slice037.png,1,3273,3432,0.8990623515721515
Standard U-Net (Base),RET_Spectralis_4a8a81b1c06072385738775dccdc7942_slice038.png,1,3274,3476,0.8543655297953061
Standard U-Net (Base),RET_Spectralis_4a8a81b1c06072385738775dccdc7942_slice039.png,1,3103,3108,0.8854161966914431
Standard U-Net (Base),RET_Spectralis_4a8a81b1c06072385738775dccdc7942_slice043.png,1,2036,2205,0.8358542564172349
Standard U-Net (Base),RET_Spectralis_4a8a81b1c06072385738775dccdc7942_slice046.png,1,1448,1550,0.8509612698328922
Standard U-Net (Base),RET_Spectralis_4a8a81b1c06072385738775dccdc7942_slice047.png,1,994,1182,0.7008928563275787
Standard U-Net (Base),RET_Spectralis_4a8a81b1c06072385738775dccdc7942_slice048.png,1,856,846,0.8192714476119041
Standard U-Net (Base),RET_Spectralis_7096ef65c25c1c87068ed9cdf2b73a59_slice024.png,1,1200,1104,0.8680555551787954
Standard U-Net (Base),RET_Spectralis_7096ef65c25c1c87068ed9cdf2b73a59_slice025.png,1,1358,1651,0.6474136900277527
Standard U-Net (Base),RET_Spectralis_7096ef65c25c1c87068ed9cdf2b73a59_slice027.png,1,1833,1988,0.7586571811729619
Standard U-Net (Base),RET_Spectralis_7096ef65c25c1c87068ed9cdf2b73a59_slice028.png,1,1476,1552,0.7511126700263113
Standard U-Net (Base),RET_Spectralis_7096ef65c25c1c87068ed9cdf2b73a59_slice031.png,1,1219,1135,0.519861652172025
Standard U-Net (Base),RET_Spectralis_7096ef65c25c1c87068ed9cdf2b73a59_slice032.png,1,1162,1120,0.6098030206849838
Standard U-Net (Base),RET_Spectralis_7096ef65c25c1c87068ed9cdf2b73a59_slice033.png,1,1169,1355,0.8393742838916336
Standard U-Net (Base),RET_Spectralis_7096ef65c25c1c87068ed9cdf2b73a59_slice034.png,1,1072,968,0.7380952377291193
Standard U-Net (Base),RET_Spectralis_7096ef65c25c1c87068ed9cdf2b73a59_slice035.png,1,755,733,0.5956952418621098
Standard U-Net (Base),RET_Spectralis_7096ef65c25c1c87068ed9cdf2b73a59_slice036.png,1,1358,425,0.3462389376700897
Standard U-Net (Base),RET_Spectralis_7096ef65c25c1c87068ed9cdf2b73a59_slice038.png,1,353,433,0.4082446803081853
Standard U-Net (Base),RET_Spectralis_7096ef65c25c1c87068ed9cdf2b73a59_slice040.png,1,39,0,0.0
Standard U-Net (Base),RET_Spectralis_7456e703d778e17f29e42f97615f4a68_slice000.png,1,1307,1528,0.5227513225669308
Standard U-Net (Base),RET_Spectralis_7456e703d778e17f29e42f97615f4a68_slice001.png,1,1122,1846,0.5552560645029461
Standard U-Net (Base),RET_Spectralis_7456e703d778e17f29e42f97615f4a68_slice002.png,1,1312,1131,0.5231273022827969
Standard U-Net (Base),RET_Spectralis_7456e703d778e17f29e42f97615f4a68_slice004.png,1,1584,2415,0.5728180187937502
Standard U-Net (Base),RET_Spectralis_7456e703d778e17f29e42f97615f4a68_slice006.png,1,2248,2666,0.5897435896235768
Standard U-Net (Base),RET_Spectralis_7456e703d778e17f29e42f97615f4a68_slice009.png,1,1604,1292,0.7479516521630257
Standard U-Net (Base),RET_Spectralis_7456e703d778e17f29e42f97615f4a68_slice010.png,1,2355,1814,0.7398359373200731
Standard U-Net (Base),RET_Spectralis_7456e703d778e17f29e42f97615f4a68_slice011.png,1,2725,2852,0.7181648991761553
Standard U-Net (Base),RET_Spectralis_7456e703d778e17f29e42f97615f4a68_slice013.png,1,2703,3173,0.6876965019054425
Standard U-Net (Base),RET_Spectralis_7456e703d778e17f29e42f97615f4a68_slice014.png,1,2551,2536,0.7507796661754941
Standard U-Net (Base),RET_Spectralis_7456e703d778e17f29e42f97615f4a68_slice015.png,1,3209,3208,0.7105470815223174
Standard U-Net (Base),RET_Spectralis_7456e703d778e17f29e42f97615f4a68_slice016.png,1,3628,3652,0.7376895896950302
Standard U-Net (Base),RET_Spectralis_7456e703d778e17f29e42f97615f4a68_slice017.png,1,4012,4261,0.7438746492407762
Standard U-Net (Base),RET_Spectralis_7456e703d778e17f29e42f97615f4a68_slice018.png,1,4272,4398,0.7205332668064924
Standard U-Net (Base),RET_Spectralis_7456e703d778e17f29e42f97615f4a68_slice019.png,1,4866,4831,0.7263274555609172
Standard U-Net (Base),RET_Spectralis_7456e703d778e17f29e42f97615f4a68_slice020.png,1,5516,5920,0.7871004282807412
Standard U-Net (Base),RET_Spectralis_7456e703d778e17f29e42f97615f4a68_slice023.png,1,7049,6948,0.8159255471343991
Standard U-Net (Base),RET_Spectralis_7456e703d778e17f29e42f97615f4a68_slice025.png,1,6147,6376,0.8332549802000702
Standard U-Net (Base),RET_Spectralis_7456e703d778e17f29e42f97615f4a68_slice026.png,1,6364,6108,0.8137403277748936
Standard U-Net (Base),RET_Spectralis_7456e703d778e17f29e42f97615f4a68_slice027.png,1,6436,6312,0.8176360767476791
Standard U-Net (Base),RET_Spectralis_7456e703d778e17f29e42f97615f4a68_slice030.png,1,3934,4226,0.7425021540998905
Standard U-Net (Base),RET_Spectralis_7456e703d778e17f29e42f97615f4a68_slice031.png,1,4144,4147,0.7399401179839739
Standard U-Net (Base),RET_Spectralis_7456e703d778e17f29e42f97615f4a68_slice033.png,1,3115,3274,0.7415384853130037
Standard U-Net (Base),RET_Spectralis_7456e703d778e17f29e42f97615f4a68_slice034.png,1,2423,2939,0.6911429646619351
Standard U-Net (Base),RET_Spectralis_7456e703d778e17f29e42f97615f4a68_slice035.png,1,2093,2413,0.59930039192729
Standard U-Net (Base),RET_Spectralis_7456e703d778e17f29e42f97615f4a68_slice037.png,1,1463,1513,0.4967940452356374
Standard U-Net (Base),RET_Spectralis_7456e703d778e17f29e42f97615f4a68_slice038.png,1,1508,1446,0.5676300158865295
Standard U-Net (Base),RET_Spectralis_7456e703d778e17f29e42f97615f4a68_slice039.png,1,1435,1989,0.6291429134525968
Standard U-Net (Base),RET_Spectralis_7456e703d778e17f29e42f97615f4a68_slice040.png,1,1517,2225,0.6582484418068357
Standard U-Net (Base),RET_Spectralis_7456e703d778e17f29e42f97615f4a68_slice041.png,1,1900,1928,0.5752351095675979
Standard U-Net (Base),RET_Spectralis_7456e703d778e17f29e42f97615f4a68_slice042.png,1,1455,1869,0.6323706375955563
Standard U-Net (Base),RET_Spectralis_7456e703d778e17f29e42f97615f4a68_slice043.png,1,1124,1945,0.5500162917725591
Standard U-Net (Base),RET_Spectralis_7456e703d778e17f29e42f97615f4a68_slice045.png,1,603,1106,0.30895260368112776
Standard U-Net (Base),RET_Spectralis_7456e703d778e17f29e42f97615f4a68_slice046.png,1,621,1225,0.4803975701378257
Standard U-Net (Base),RET_Spectralis_7456e703d778e17f29e42f97615f4a68_slice047.png,1,927,1675,0.532855435869034
Standard U-Net (Base),RET_Spectralis_7456e703d778e17f29e42f97615f4a68_slice048.png,1,82,88,0.4941176441522492
Standard U-Net (Base),RET_Spectralis_7501081e3e7577af524c6f7703d8d538_slice001.png,0,0,0,
Standard U-Net (Base),RET_Spectralis_7501081e3e7577af524c6f7703d8d538_slice005.png,0,0,83,
Standard U-Net (Base),RET_Spectralis_7501081e3e7577af524c6f7703d8d538_slice017.png,1,101,378,0.18055555430169754
Standard U-Net (Base),RET_Spectralis_7501081e3e7577af524c6f7703d8d538_slice019.png,1,254,547,0.7056367417418857
Standard U-Net (Base),RET_Spectralis_7501081e3e7577af524c6f7703d8d538_slice021.png,1,464,386,0.545882352298962
Standard U-Net (Base),RET_Spectralis_7501081e3e7577af524c6f7703d8d538_slice022.png,1,1165,1010,0.39834227186819005
Standard U-Net (Base),RET_Spectralis_7501081e3e7577af524c6f7703d8d538_slice024.png,1,1464,1526,0.7552243495478594
Standard U-Net (Base),RET_Spectralis_7501081e3e7577af524c6f7703d8d538_slice026.png,1,982,964,0.6316557781742145
Standard U-Net (Base),RET_Spectralis_7501081e3e7577af524c6f7703d8d538_slice027.png,1,576,697,0.571232161167706
Standard U-Net (Base),RET_Spectralis_7501081e3e7577af524c6f7703d8d538_slice028.png,1,275,162,0.6727688771790186
Standard U-Net (Base),RET_Spectralis_7501081e3e7577af524c6f7703d8d538_slice029.png,1,318,215,0.5853658525602892
Standard U-Net (Base),RET_Spectralis_7501081e3e7577af524c6f7703d8d538_slice032.png,1,93,153,0.5447154449401811
Standard U-Net (Base),RET_Spectralis_7501081e3e7577af524c6f7703d8d538_slice033.png,1,8,3,0.0
Standard U-Net (Base),RET_Spectralis_76ebaa858a59427f392d97ed4b894f6d_slice003.png,0,0,72,
Standard U-Net (Base),RET_Spectralis_76ebaa858a59427f392d97ed4b894f6d_slice009.png,1,32,161,0.20547945064740103
Standard U-Net (Base),RET_Spectralis_76ebaa858a59427f392d97ed4b894f6d_slice010.png,1,72,180,0.5155555532641976
Standard U-Net (Base),RET_Spectralis_76ebaa858a59427f392d97ed4b894f6d_slice011.png,1,132,349,0.5411140569201218
Standard U-Net (Base),RET_Spectralis_76ebaa858a59427f392d97ed4b894f6d_slice012.png,1,263,322,0.7111984268935198
Standard U-Net (Base),RET_Spectralis_76ebaa858a59427f392d97ed4b894f6d_slice015.png,1,1177,1333,0.6395010374135329
Standard U-Net (Base),RET_Spectralis_76ebaa858a59427f392d97ed4b894f6d_slice017.png,1,2268,2233,0.6964787732881701
Standard U-Net (Base),RET_Spectralis_76ebaa858a59427f392d97ed4b894f6d_slice018.png,1,2467,3003,0.6136221073569789
Standard U-Net (Base),RET_Spectralis_76ebaa858a59427f392d97ed4b894f6d_slice019.png,1,3007,3179,0.7342569201288794
Standard U-Net (Base),RET_Spectralis_76ebaa858a59427f392d97ed4b894f6d_slice021.png,1,3043,3176,0.49839322137517744
Standard U-Net (Base),RET_Spectralis_76ebaa858a59427f392d97ed4b894f6d_slice023.png,1,2934,3376,0.5264858470219079
Standard U-Net (Base),RET_Spectralis_76ebaa858a59427f392d97ed4b894f6d_slice024.png,1,3224,3355,0.7975097720957709
Standard U-Net (Base),RET_Spectralis_76ebaa858a59427f392d97ed4b894f6d_slice025.png,1,3533,3809,0.8671122969354792
Standard U-Net (Base),RET_Spectralis_76ebaa858a59427f392d97ed4b894f6d_slice026.png,1,3546,3675,0.7121519516943746
Standard U-Net (Base),RET_Spectralis_76ebaa858a59427f392d97ed4b894f6d_slice027.png,1,3791,3661,0.6158125784863371
Standard U-Net (Base),RET_Spectralis_76ebaa858a59427f392d97ed4b894f6d_slice028.png,1,3869,3839,0.886067380318801
Standard U-Net (Base),RET_Spectralis_76ebaa858a59427f392d97ed4b894f6d_slice029.png,1,3737,3554,0.860244790502726
Standard U-Net (Base),RET_Spectralis_76ebaa858a59427f392d97ed4b894f6d_slice030.png,1,3145,3031,0.6946463359614993
Standard U-Net (Base),RET_Spectralis_76ebaa858a59427f392d97ed4b894f6d_slice031.png,1,2259,2935,0.7165961032409125
Standard U-Net (Base),RET_Spectralis_76ebaa858a59427f392d97ed4b894f6d_slice032.png,1,2084,2403,0.7219462444272298
Standard U-Net (Base),RET_Spectralis_76ebaa858a59427f392d97ed4b894f6d_slice033.png,1,1811,2277,0.7221750926462817
Standard U-Net (Base),RET_Spectralis_76ebaa858a59427f392d97ed4b894f6d_slice034.png,1,1515,1869,0.5802073463957138
Standard U-Net (Base),RET_Spectralis_76ebaa858a59427f392d97ed4b894f6d_slice035.png,1,1406,1147,0.32993799808240126
Standard U-Net (Base),RET_Spectralis_76ebaa858a59427f392d97ed4b894f6d_slice037.png,1,803,1120,0.45284943101366937
Standard U-Net (Base),RET_Spectralis_76ebaa858a59427f392d97ed4b894f6d_slice038.png,1,776,1008,0.629975576588547
Standard U-Net (Base),RET_Spectralis_76ebaa858a59427f392d97ed4b894f6d_slice039.png,1,663,907,0.61048531601737
Standard U-Net (Base),RET_Spectralis_76ebaa858a59427f392d97ed4b894f6d_slice041.png,1,198,565,0.459735972192721
Standard U-Net (Base),RET_Spectralis_76ebaa858a59427f392d97ed4b894f6d_slice042.png,1,149,437,0.4102936473447383
Standard U-Net (Base),RET_Spectralis_76ebaa858a59427f392d97ed4b894f6d_slice043.png,1,234,457,0.8009367662741528
Standard U-Net (Base),RET_Spectralis_76ebaa858a59427f392d97ed4b894f6d_slice044.png,1,214,392,0.6084788014751152
Standard U-Net (Base),RET_Spectralis_76ebaa858a59427f392d97ed4b894f6d_slice045.png,1,194,214,0.6715686258049789
Standard U-Net (Base),RET_Spectralis_76ebaa858a59427f392d97ed4b894f6d_slice046.png,1,210,651,0.7058823514033065
Standard U-Net (Base),RET_Spectralis_76ebaa858a59427f392d97ed4b894f6d_slice048.png,1,137,477,0.5819861418429881
Standard U-Net (Base),RET_Spectralis_7a05c267fdde4c819b19eb30da70d387_slice010.png,1,9,0,0.0
Standard U-Net (Base),RET_Spectralis_7a05c267fdde4c819b19eb30da70d387_slice011.png,1,14,0,0.0
Standard U-Net (Base),RET_Spectralis_7a05c267fdde4c819b19eb30da70d387_slice014.png,1,652,844,0.48896476310447645
Standard U-Net (Base),RET_Spectralis_7a05c267fdde4c819b19eb30da70d387_slice015.png,1,976,983,0.5185770298521476
Standard U-Net (Base),RET_Spectralis_7a05c267fdde4c819b19eb30da70d387_slice017.png,1,1463,1822,0.806288132363943
Standard U-Net (Base),RET_Spectralis_7a05c267fdde4c819b19eb30da70d387_slice018.png,1,1689,2098,0.7596152055530412
Standard U-Net (Base),RET_Spectralis_7a05c267fdde4c819b19eb30da70d387_slice019.png,1,1912,2119,0.7910692124438878
Standard U-Net (Base),RET_Spectralis_7a05c267fdde4c819b19eb30da70d387_slice020.png,1,1775,2133,0.7602422955104602
Standard U-Net (Base),RET_Spectralis_7a05c267fdde4c819b19eb30da70d387_slice021.png,1,1656,2051,0.5177312790853664
Standard U-Net (Base),RET_Spectralis_7a05c267fdde4c819b19eb30da70d387_slice022.png,1,1764,2435,0.6784798822219367
Standard U-Net (Base),RET_Spectralis_7a05c267fdde4c819b19eb30da70d387_slice024.png,1,2181,2557,0.8685988329668368
Standard U-Net (Base),RET_Spectralis_7a05c267fdde4c819b19eb30da70d387_slice025.png,1,2930,3035,0.8784501238296147
Standard U-Net (Base),RET_Spectralis_7a05c267fdde4c819b19eb30da70d387_slice028.png,1,3491,3850,0.8703896925824508
Standard U-Net (Base),RET_Spectralis_7a05c267fdde4c819b19eb30da70d387_slice030.png,1,3946,4059,0.8816660676885922
Standard U-Net (Base),RET_Spectralis_7a05c267fdde4c819b19eb30da70d387_slice031.png,1,3671,4256,0.8672019581498279
Standard U-Net (Base),RET_Spectralis_7a05c267fdde4c819b19eb30da70d387_slice032.png,1,3919,4420,0.8676592151579349
Standard U-Net (Base),RET_Spectralis_7a05c267fdde4c819b19eb30da70d387_slice033.png,1,4217,4888,0.8266120712011058
Standard U-Net (Base),RET_Spectralis_7a05c267fdde4c819b19eb30da70d387_slice035.png,1,4483,5199,0.8442840079722675
Standard U-Net (Base),RET_Spectralis_7a05c267fdde4c819b19eb30da70d387_slice037.png,1,4828,5166,0.8160367491920331
Standard U-Net (Base),RET_Spectralis_7a05c267fdde4c819b19eb30da70d387_slice039.png,1,4794,5111,0.7024090649784673
Standard U-Net (Base),RET_Spectralis_7a05c267fdde4c819b19eb30da70d387_slice040.png,1,4818,5105,0.8277952219864076
Standard U-Net (Base),RET_Spectralis_7a05c267fdde4c819b19eb30da70d387_slice041.png,1,4956,5087,0.8674338104662433
Standard U-Net (Base),RET_Spectralis_7a05c267fdde4c819b19eb30da70d387_slice042.png,1,4847,4946,0.9508832838812535
Standard U-Net (Base),RET_Spectralis_7a05c267fdde4c819b19eb30da70d387_slice043.png,1,4677,5094,0.9458601984499171
Standard U-Net (Base),RET_Spectralis_7a05c267fdde4c819b19eb30da70d387_slice044.png,1,4438,4298,0.9261095099796992
Standard U-Net (Base),RET_Spectralis_7a05c267fdde4c819b19eb30da70d387_slice046.png,1,3999,4325,0.9387313790318679
Standard U-Net (Base),RET_Spectralis_7a05c267fdde4c819b19eb30da70d387_slice047.png,1,3545,4257,0.9138576777845979
Standard U-Net (Base),RET_Spectralis_7a05c267fdde4c819b19eb30da70d387_slice048.png,1,3215,3289,0.9375768756246038
Standard U-Net (Base),RET_Spectralis_7b2607e057592d507c4ec4732bae64c2_slice011.png,1,115,211,0.6993865009221273
Standard U-Net (Base),RET_Spectralis_7b2607e057592d507c4ec4732bae64c2_slice012.png,1,171,298,0.7368421035770204
Standard U-Net (Base),RET_Spectralis_7b2607e057592d507c4ec4732bae64c2_slice013.png,1,266,484,0.6867176181364328
Standard U-Net (Base),RET_Spectralis_7b2607e057592d507c4ec4732bae64c2_slice014.png,1,634,700,0.7707102036221252
Standard U-Net (Base),RET_Spectralis_7b2607e057592d507c4ec4732bae64c2_slice015.png,1,815,990,0.8458578555928726
Standard U-Net (Base),RET_Spectralis_7b2607e057592d507c4ec4732bae64c2_slice017.png,1,1685,1721,0.8094608796872191
Standard U-Net (Base),RET_Spectralis_7b2607e057592d507c4ec4732bae64c2_slice018.png,1,1809,1914,0.5715062504829042
Standard U-Net (Base),RET_Spectralis_7b2607e057592d507c4ec4732bae64c2_slice019.png,1,2259,2395,0.7183072293419247
Standard U-Net (Base),RET_Spectralis_7b2607e057592d507c4ec4732bae64c2_slice020.png,1,2365,2713,0.7622819928173262
Standard U-Net (Base),RET_Spectralis_7b2607e057592d507c4ec4732bae64c2_slice021.png,1,3042,3775,0.7965612340916284
Standard U-Net (Base),RET_Spectralis_7b2607e057592d507c4ec4732bae64c2_slice022.png,1,3612,4199,0.7633759775097361
Standard U-Net (Base),RET_Spectralis_7b2607e057592d507c4ec4732bae64c2_slice025.png,1,4188,4189,0.8313836913658564
Standard U-Net (Base),RET_Spectralis_7b2607e057592d507c4ec4732bae64c2_slice030.png,1,2533,2371,0.7944819918065583
Standard U-Net (Base),RET_Spectralis_7b2607e057592d507c4ec4732bae64c2_slice034.png,1,1166,1565,0.5741633699686133
Standard U-Net (Base),RET_Spectralis_7b2607e057592d507c4ec4732bae64c2_slice036.png,1,850,870,0.5236888297929805
Standard U-Net (Base),RET_Spectralis_7b2607e057592d507c4ec4732bae64c2_slice037.png,1,528,492,0.6509803915186467
Standard U-Net (Base),RET_Spectralis_7b2607e057592d507c4ec4732bae64c2_slice038.png,1,419,373,0.7133421390840923
Standard U-Net (Base),RET_Spectralis_7b2607e057592d507c4ec4732bae64c2_slice039.png,1,269,510,0.7798960125131785
Standard U-Net (Base),RET_Spectralis_7b2607e057592d507c4ec4732bae64c2_slice040.png,1,201,309,0.723684208939289
Standard U-Net (Base),RET_Spectralis_7b2607e057592d507c4ec4732bae64c2_slice041.png,1,116,259,0.6406685218922883
Standard U-Net (Base),RET_Spectralis_7b2607e057592d507c4ec4732bae64c2_slice048.png,0,0,0,
Standard U-Net (Base),RET_Spectralis_83e7b9339019b549c87830f90c560fea_slice013.png,0,0,181,
Standard U-Net (Base),RET_Spectralis_83e7b9339019b549c87830f90c560fea_slice017.png,1,59,82,0.29787233831296217
Standard U-Net (Base),RET_Spectralis_83e7b9339019b549c87830f90c560fea_slice019.png,1,363,486,0.6524822687322904
Standard U-Net (Base),RET_Spectralis_83e7b9339019b549c87830f90c560fea_slice020.png,1,742,745,0.6065904501636916
Standard U-Net (Base),RET_Spectralis_83e7b9339019b549c87830f90c560fea_slice021.png,1,991,1040,0.7365829636944445
Standard U-Net (Base),RET_Spectralis_83e7b9339019b549c87830f90c560fea_slice024.png,1,1881,1829,0.9196765496173379
Standard U-Net (Base),RET_Spectralis_83e7b9339019b549c87830f90c560fea_slice025.png,1,2075,1765,0.8963541664332412
Standard U-Net (Base),RET_Spectralis_83e7b9339019b549c87830f90c560fea_slice026.png,1,1850,1750,0.937777777517284
Standard U-Net (Base),RET_Spectralis_83e7b9339019b549c87830f90c560fea_slice027.png,1,1364,1414,0.9517638585486812
Standard U-Net (Base),RET_Spectralis_83e7b9339019b549c87830f90c560fea_slice028.png,1,696,671,0.9085588874114419
Standard U-Net (Base),RET_Spectralis_83e7b9339019b549c87830f90c560fea_slice044.png,0,0,0,
Standard U-Net (Base),RET_Spectralis_8844486c9f1b8952d0988d0acbea86c8_slice020.png,1,159,143,0.49811320566749734
Standard U-Net (Base),RET_Spectralis_8844486c9f1b8952d0988d0acbea86c8_slice022.png,1,407,363,0.6393659172531494
Standard U-Net (Base),RET_Spectralis_8844486c9f1b8952d0988d0acbea86c8_slice023.png,1,660,589,0.8134507599572051
Standard U-Net (Base),RET_Spectralis_8844486c9f1b8952d0988d0acbea86c8_slice025.png,1,125,136,0.4827586188400053
Standard U-Net (Base),RET_Spectralis_8844486c9f1b8952d0988d0acbea86c8_slice026.png,1,461,462,0.8385698799148755
Standard U-Net (Base),RET_Spectralis_8844486c9f1b8952d0988d0acbea86c8_slice027.png,1,369,247,0.6558441547794738
Standard U-Net (Base),RET_Spectralis_8844486c9f1b8952d0988d0acbea86c8_slice029.png,1,138,91,0.558951962624664
Standard U-Net (Base),RET_Spectralis_8844486c9f1b8952d0988d0acbea86c8_slice031.png,1,294,187,0.5904365892090715
Standard U-Net (Base),RET_Spectralis_8844486c9f1b8952d0988d0acbea86c8_slice032.png,1,625,362,0.5106382973549763
Standard U-Net (Base),RET_Spectralis_8844486c9f1b8952d0988d0acbea86c8_slice033.png,1,596,584,0.6796610163731686
Standard U-Net (Base),RET_Spectralis_8844486c9f1b8952d0988d0acbea86c8_slice034.png,1,496,543,0.64677574528703
Standard U-Net (Base),RET_Spectralis_8844486c9f1b8952d0988d0acbea86c8_slice035.png,1,656,483,0.6303775235905377
Standard U-Net (Base),RET_Spectralis_8844486c9f1b8952d0988d0acbea86c8_slice036.png,1,685,719,0.6054131049818995
Standard U-Net (Base),RET_Spectralis_8844486c9f1b8952d0988d0acbea86c8_slice038.png,1,869,818,0.6710136332714797
Standard U-Net (Base),RET_Spectralis_8844486c9f1b8952d0988d0acbea86c8_slice039.png,1,658,516,0.5073086840005944
Standard U-Net (Base),RET_Spectralis_8844486c9f1b8952d0988d0acbea86c8_slice040.png,1,322,400,0.617728531000376
Standard U-Net (Base),RET_Spectralis_8844486c9f1b8952d0988d0acbea86c8_slice041.png,1,486,446,0.6072961366874505
Standard U-Net (Base),RET_Spectralis_8844486c9f1b8952d0988d0acbea86c8_slice042.png,1,768,907,0.58388059666634
Standard U-Net (Base),RET_Spectralis_8844486c9f1b8952d0988d0acbea86c8_slice044.png,1,976,1119,0.7723150354308759
Standard U-Net (Base),RET_Spectralis_8844486c9f1b8952d0988d0acbea86c8_slice045.png,1,882,821,0.6189078093840823
Standard U-Net (Base),RET_Spectralis_8844486c9f1b8952d0988d0acbea86c8_slice046.png,1,909,1216,0.698352940847834
Standard U-Net (Base),RET_Spectralis_8844486c9f1b8952d0988d0acbea86c8_slice048.png,1,592,633,0.6971428565737608
Standard U-Net (Base),RET_Spectralis_88bab0b300b19bdac3dc431cb3507a2a_slice001.png,1,1425,1593,0.8137839626196872
Standard U-Net (Base),RET_Spectralis_88bab0b300b19bdac3dc431cb3507a2a_slice002.png,1,1188,1431,0.7011098351698777
Standard U-Net (Base),RET_Spectralis_88bab0b300b19bdac3dc431cb3507a2a_slice003.png,1,1031,917,0.7722365034590043
Standard U-Net (Base),RET_Spectralis_88bab0b300b19bdac3dc431cb3507a2a_slice004.png,1,1363,1446,0.7803488783266825
Standard U-Net (Base),RET_Spectralis_88bab0b300b19bdac3dc431cb3507a2a_slice005.png,1,1734,1753,0.8219099510117838
Standard U-Net (Base),RET_Spectralis_88bab0b300b19bdac3dc431cb3507a2a_slice006.png,1,1313,1501,0.7810945270856097
Standard U-Net (Base),RET_Spectralis_88bab0b300b19bdac3dc431cb3507a2a_slice007.png,1,1050,1133,0.7567567564100978
Standard U-Net (Base),RET_Spectralis_88bab0b300b19bdac3dc431cb3507a2a_slice008.png,1,1435,1291,0.8451944237545141
Standard U-Net (Base),RET_Spectralis_88bab0b300b19bdac3dc431cb3507a2a_slice010.png,1,687,678,0.8805860799409625
Standard U-Net (Base),RET_Spectralis_88bab0b300b19bdac3dc431cb3507a2a_slice013.png,1,371,368,0.8335588622008676
Standard U-Net (Base),RET_Spectralis_88bab0b300b19bdac3dc431cb3507a2a_slice015.png,1,277,400,0.41949778372304614
Standard U-Net (Base),RET_Spectralis_88bab0b300b19bdac3dc431cb3507a2a_slice016.png,1,343,333,0.7071005906699696
Standard U-Net (Base),RET_Spectralis_88bab0b300b19bdac3dc431cb3507a2a_slice017.png,1,234,184,0.5741626780522424
Standard U-Net (Base),RET_Spectralis_88bab0b300b19bdac3dc431cb3507a2a_slice018.png,1,480,463,0.7359490978409872
Standard U-Net (Base),RET_Spectralis_88bab0b300b19bdac3dc431cb3507a2a_slice020.png,1,803,805,0.7202002909857335
Standard U-Net (Base),RET_Spectralis_88bab0b300b19bdac3dc431cb3507a2a_slice022.png,1,742,939,0.8009309369455488
Standard U-Net (Base),RET_Spectralis_88bab0b300b19bdac3dc431cb3507a2a_slice023.png,1,1294,1542,0.8168521599766094
Standard U-Net (Base),RET_Spectralis_88bab0b300b19bdac3dc431cb3507a2a_slice024.png,1,1281,1094,0.6311903654799014
Standard U-Net (Base),RET_Spectralis_88bab0b300b19bdac3dc431cb3507a2a_slice025.png,1,1011,869,0.45613048343299745
Standard U-Net (Base),RET_Spectralis_88bab0b300b19bdac3dc431cb3507a2a_slice026.png,1,380,175,0.2712550601796456
Standard U-Net (Base),RET_Spectralis_88bab0b300b19bdac3dc431cb3507a2a_slice037.png,0,0,612,
Standard U-Net (Base),RET_Spectralis_8945696b67c38140f30e99c0050aa925_slice003.png,1,43,209,0.48044692469024064
Standard U-Net (Base),RET_Spectralis_8945696b67c38140f30e99c0050aa925_slice004.png,1,45,170,0.5088757366338714
Standard U-Net (Base),RET_Spectralis_8945696b67c38140f30e99c0050aa925_slice005.png,1,93,186,0.7857142817055394
Standard U-Net (Base),RET_Spectralis_8945696b67c38140f30e99c0050aa925_slice006.png,1,410,566,0.848214284767618
Standard U-Net (Base),RET_Spectralis_8945696b67c38140f30e99c0050aa925_slice007.png,1,888,913,0.9061632421398316
Standard U-Net (Base),RET_Spectralis_8945696b67c38140f30e99c0050aa925_slice008.png,1,1131,1233,0.9172029168094368
Standard U-Net (Base),RET_Spectralis_8945696b67c38140f30e99c0050aa925_slice009.png,1,1351,1714,0.8604728601863227
Standard U-Net (Base),RET_Spectralis_8945696b67c38140f30e99c0050aa925_slice010.png,1,1397,1775,0.8562421182672629
Standard U-Net (Base),RET_Spectralis_8945696b67c38140f30e99c0050aa925_slice011.png,1,1438,2020,0.8561194027295166
Standard U-Net (Base),RET_Spectralis_8945696b67c38140f30e99c0050aa925_slice013.png,1,1480,2273,0.7867870750466173
Standard U-Net (Base),RET_Spectralis_8945696b67c38140f30e99c0050aa925_slice014.png,1,1536,1840,0.75375238169526
Standard U-Net (Base),RET_Spectralis_8945696b67c38140f30e99c0050aa925_slice015.png,1,1939,2410,0.5658793629091287
Standard U-Net (Base),RET_Spectralis_8945696b67c38140f30e99c0050aa925_slice017.png,1,2139,2652,0.4153529813992796
Standard U-Net (Base),RET_Spectralis_8945696b67c38140f30e99c0050aa925_slice018.png,1,2022,2550,0.4039515207342621
Standard U-Net (Base),RET_Spectralis_8945696b67c38140f30e99c0050aa925_slice019.png,1,2230,2569,0.7374824689401445
Standard U-Net (Base),RET_Spectralis_8945696b67c38140f30e99c0050aa925_slice021.png,1,1600,2160,0.668093415944011
Standard U-Net (Base),RET_Spectralis_8945696b67c38140f30e99c0050aa925_slice022.png,1,1673,1877,0.665769342388235
Standard U-Net (Base),RET_Spectralis_8945696b67c38140f30e99c0050aa925_slice023.png,1,1413,1814,0.5148690385444903
Standard U-Net (Base),RET_Spectralis_8945696b67c38140f30e99c0050aa925_slice024.png,1,1965,2045,0.7414679285720323
Standard U-Net (Base),RET_Spectralis_8945696b67c38140f30e99c0050aa925_slice025.png,1,1736,1913,0.7139040548168423
Standard U-Net (Base),RET_Spectralis_8945696b67c38140f30e99c0050aa925_slice029.png,1,1271,2150,0.42318450033168775
Standard U-Net (Base),RET_Spectralis_8945696b67c38140f30e99c0050aa925_slice030.png,1,1187,1460,0.4044723290631286
Standard U-Net (Base),RET_Spectralis_8945696b67c38140f30e99c0050aa925_slice031.png,1,1020,1487,0.6942031709886939
Standard U-Net (Base),RET_Spectralis_8945696b67c38140f30e99c0050aa925_slice033.png,1,989,938,0.7914426551484558
Standard U-Net (Base),RET_Spectralis_8945696b67c38140f30e99c0050aa925_slice034.png,1,615,713,0.7262771737099636
Standard U-Net (Base),RET_Spectralis_8945696b67c38140f30e99c0050aa925_slice035.png,1,446,577,0.7774193532486193
Standard U-Net (Base),RET_Spectralis_8945696b67c38140f30e99c0050aa925_slice036.png,1,114,311,0.531248584231433
Standard U-Net (Base),RET_Spectralis_8945696b67c38140f30e99c0050aa925_slice038.png,1,32,123,0.0
Standard U-Net (Base),RET_Spectralis_8945696b67c38140f30e99c0050aa925_slice039.png,0,0,59,
Standard U-Net (Base),RET_Spectralis_8945696b67c38140f30e99c0050aa925_slice040.png,0,0,0,
Standard U-Net (Base),RET_Spectralis_8945696b67c38140f30e99c0050aa925_slice043.png,0,0,0,
Standard U-Net (Base),RET_Spectralis_8945696b67c38140f30e99c0050aa925_slice045.png,0,0,88,
Standard U-Net (Base),RET_Spectralis_8945696b67c38140f30e99c0050aa925_slice047.png,0,0,0,
Standard U-Net (Base),RET_Spectralis_8945696b67c38140f30e99c0050aa925_slice048.png,0,0,8,
Standard U-Net (Base),RET_Spectralis_92a92b80b8a4c48dc4775dd60819cf3b_slice002.png,0,0,0,
Standard U-Net (Base),RET_Spectralis_92a92b80b8a4c48dc4775dd60819cf3b_slice005.png,1,28,192,0.45528454914402805
Standard U-Net (Base),RET_Spectralis_92a92b80b8a4c48dc4775dd60819cf3b_slice006.png,1,184,285,0.6352091964904129
Standard U-Net (Base),RET_Spectralis_92a92b80b8a4c48dc4775dd60819cf3b_slice009.png,1,434,585,0.6265323733286667
Standard U-Net (Base),RET_Spectralis_92a92b80b8a4c48dc4775dd60819cf3b_slice011.png,1,592,818,0.595619585550209
Standard U-Net (Base),RET_Spectralis_92a92b80b8a4c48dc4775dd60819cf3b_slice013.png,1,866,861,0.7123620356322116
Standard U-Net (Base),RET_Spectralis_92a92b80b8a4c48dc4775dd60819cf3b_slice014.png,1,920,823,0.7404506172023011
Standard U-Net (Base),RET_Spectralis_92a92b80b8a4c48dc4775dd60819cf3b_slice016.png,1,1358,1200,0.7238478995004325
Standard U-Net (Base),RET_Spectralis_92a92b80b8a4c48dc4775dd60819cf3b_slice017.png,1,1258,1341,0.7024352833564544
Standard U-Net (Base),RET_Spectralis_92a92b80b8a4c48dc4775dd60819cf3b_slice018.png,1,1696,1612,0.7004052896275648
Standard U-Net (Base),RET_Spectralis_92a92b80b8a4c48dc4775dd60819cf3b_slice019.png,1,2785,2524,0.8308485722479879
Standard U-Net (Base),RET_Spectralis_92a92b80b8a4c48dc4775dd60819cf3b_slice020.png,1,3238,3043,0.8394958121661628
Standard U-Net (Base),RET_Spectralis_92a92b80b8a4c48dc4775dd60819cf3b_slice023.png,1,2510,2312,0.7480635395498056
Standard U-Net (Base),RET_Spectralis_92a92b80b8a4c48dc4775dd60819cf3b_slice024.png,1,2694,2665,0.7675131166126488
Standard U-Net (Base),RET_Spectralis_92a92b80b8a4c48dc4775dd60819cf3b_slice025.png,1,2131,2035,0.776928265962026
Standard U-Net (Base),RET_Spectralis_92a92b80b8a4c48dc4775dd60819cf3b_slice026.png,1,2184,2029,0.7335861103911903
Standard U-Net (Base),RET_Spectralis_92a92b80b8a4c48dc4775dd60819cf3b_slice027.png,1,2111,1647,0.6322253485036893
Standard U-Net (Base),RET_Spectralis_92a92b80b8a4c48dc4775dd60819cf3b_slice030.png,1,1195,1059,0.6304101776213252
Standard U-Net (Base),RET_Spectralis_92a92b80b8a4c48dc4775dd60819cf3b_slice033.png,1,338,258,0.42746820671940977
Standard U-Net (Base),RET_Spectralis_92a92b80b8a4c48dc4775dd60819cf3b_slice034.png,1,178,173,0.10559006178388179
Standard U-Net (Base),RET_Spectralis_92a92b80b8a4c48dc4775dd60819cf3b_slice035.png,1,45,41,0.0
Standard U-Net (Base),RET_Spectralis_92a92b80b8a4c48dc4775dd60819cf3b_slice041.png,0,0,0,
Standard U-Net (Base),RET_Spectralis_af3868172d16615c9556cacabcc80d66_slice000.png,1,56,48,0.9230769142011835
Standard U-Net (Base),RET_Spectralis_af3868172d16615c9556cacabcc80d66_slice002.png,1,85,75,0.5249999967187501
Standard U-Net (Base),RET_Spectralis_af3868172d16615c9556cacabcc80d66_slice005.png,1,259,249,0.7125984237940975
Standard U-Net (Base),RET_Spectralis_af3868172d16615c9556cacabcc80d66_slice007.png,1,418,509,0.7918015093939574
Standard U-Net (Base),RET_Spectralis_af3868172d16615c9556cacabcc80d66_slice008.png,1,464,385,0.7420494690906366
Standard U-Net (Base),RET_Spectralis_af3868172d16615c9556cacabcc80d66_slice009.png,1,183,182,0.43835616318258586
Standard U-Net (Base),RET_Spectralis_af3868172d16615c9556cacabcc80d66_slice010.png,1,446,322,0.44791666608344183
Standard U-Net (Base),RET_Spectralis_af3868172d16615c9556cacabcc80d66_slice011.png,1,609,530,0.7673397710558912
Standard U-Net (Base),RET_Spectralis_af3868172d16615c9556cacabcc80d66_slice012.png,1,440,510,0.7389473676432133
Standard U-Net (Base),RET_Spectralis_af3868172d16615c9556cacabcc80d66_slice013.png,1,561,440,0.7052947045901152
Standard U-Net (Base),RET_Spectralis_af3868172d16615c9556cacabcc80d66_slice015.png,1,135,118,0.6311111083061729
Standard U-Net (Base),RET_Spectralis_af3868172d16615c9556cacabcc80d66_slice016.png,1,22,0,0.0
Standard U-Net (Base),RET_Spectralis_af3868172d16615c9556cacabcc80d66_slice017.png,1,261,175,0.38624338522157836
Standard U-Net (Base),RET_Spectralis_af3868172d16615c9556cacabcc80d66_slice018.png,1,135,315,0.0
Standard U-Net (Base),RET_Spectralis_af3868172d16615c9556cacabcc80d66_slice019.png,1,210,207,0.5885416651340061
Standard U-Net (Base),RET_Spectralis_af3868172d16615c9556cacabcc80d66_slice020.png,1,292,271,0.45665961848486336
Standard U-Net (Base),RET_Spectralis_af3868172d16615c9556cacabcc80d66_slice021.png,1,393,564,0.6870451227262807
Standard U-Net (Base),RET_Spectralis_af3868172d16615c9556cacabcc80d66_slice022.png,1,472,534,0.7940552008555677
Standard U-Net (Base),RET_Spectralis_af3868172d16615c9556cacabcc80d66_slice023.png,1,206,209,0.8144578293627522
Standard U-Net (Base),RET_Spectralis_af3868172d16615c9556cacabcc80d66_slice024.png,1,96,83,0.7150837948878
Standard U-Net (Base),RET_Spectralis_af3868172d16615c9556cacabcc80d66_slice028.png,0,0,131,
Standard U-Net (Base),RET_Spectralis_bd14b46237f99db413f29d4797f246e1_slice005.png,1,10,0,0.0
Standard U-Net (Base),RET_Spectralis_bd14b46237f99db413f29d4797f246e1_slice007.png,1,16,0,0.0
Standard U-Net (Base),RET_Spectralis_bd14b46237f99db413f29d4797f246e1_slice008.png,0,0,0,
Standard U-Net (Base),RET_Spectralis_bd14b46237f99db413f29d4797f246e1_slice012.png,0,0,0,
Standard U-Net (Base),RET_Spectralis_bd14b46237f99db413f29d4797f246e1_slice013.png,1,19,0,0.0
Standard U-Net (Base),RET_Spectralis_bd14b46237f99db413f29d4797f246e1_slice015.png,1,17,0,0.0
Standard U-Net (Base),RET_Spectralis_bd14b46237f99db413f29d4797f246e1_slice016.png,1,47,81,0.5937499953613282
Standard U-Net (Base),RET_Spectralis_bd14b46237f99db413f29d4797f246e1_slice017.png,1,84,125,0.5071770310661387
Standard U-Net (Base),RET_Spectralis_bd14b46237f99db413f29d4797f246e1_slice018.png,1,161,197,0.5786163503817096
Standard U-Net (Base),RET_Spectralis_bd14b46237f99db413f29d4797f246e1_slice019.png,1,195,293,0.3816425111554529
Standard U-Net (Base),RET_Spectralis_bd14b46237f99db413f29d4797f246e1_slice020.png,1,219,196,0.5560975596192742
Standard U-Net (Base),RET_Spectralis_bd14b46237f99db413f29d4797f246e1_slice021.png,1,303,272,0.5075187960384985
Standard U-Net (Base),RET_Spectralis_bd14b46237f99db413f29d4797f246e1_slice022.png,1,57,164,0.4072398171618108
Standard U-Net (Base),RET_Spectralis_bd14b46237f99db413f29d4797f246e1_slice023.png,1,210,212,0.5781990507625615
Standard U-Net (Base),RET_Spectralis_bd14b46237f99db413f29d4797f246e1_slice025.png,1,62,200,0.34351144907056697
Standard U-Net (Base),RET_Spectralis_bd14b46237f99db413f29d4797f246e1_slice026.png,1,193,294,0.7560975591314694
Standard U-Net (Base),RET_Spectralis_bd14b46237f99db413f29d4797f246e1_slice027.png,1,192,431,0.695652172321162
Standard U-Net (Base),RET_Spectralis_bd14b46237f99db413f29d4797f246e1_slice029.png,1,42,102,0.12499999913194446
Standard U-Net (Base),RET_Spectralis_bd14b46237f99db413f29d4797f246e1_slice030.png,1,35,82,0.19298245444752232
Standard U-Net (Base),RET_Spectralis_bd14b46237f99db413f29d4797f246e1_slice031.png,1,34,200,0.0
Standard U-Net (Base),RET_Spectralis_bd14b46237f99db413f29d4797f246e1_slice032.png,1,21,91,0.0
Standard U-Net (Base),RET_Spectralis_bd14b46237f99db413f29d4797f246e1_slice033.png,1,89,236,0.5230769214674557
Standard U-Net (Base),RET_Spectralis_bd14b46237f99db413f29d4797f246e1_slice035.png,1,41,67,0.7222222155349795
Standard U-Net (Base),RET_Spectralis_bd14b46237f99db413f29d4797f246e1_slice036.png,1,114,89,0.08866995030211847
Standard U-Net (Base),RET_Spectralis_bd14b46237f99db413f29d4797f246e1_slice037.png,1,84,140,0.49999999776785714
Standard U-Net (Base),RET_Spectralis_bd14b46237f99db413f29d4797f246e1_slice039.png,1,76,151,0.5991189400919871
Standard U-Net (Base),RET_Spectralis_bd14b46237f99db413f29d4797f246e1_slice041.png,1,56,20,0.0
Standard U-Net (Base),RET_Spectralis_be0a143d6181d7f4f366fe2c0cc23075_slice002.png,0,0,0,
Standard U-Net (Base),RET_Spectralis_be0a143d6181d7f4f366fe2c0cc23075_slice007.png,0,0,0,
Standard U-Net (Base),RET_Spectralis_be0a143d6181d7f4f366fe2c0cc23075_slice013.png,1,484,400,0.7004840020126266
Standard U-Net (Base),RET_Spectralis_be0a143d6181d7f4f366fe2c0cc23075_slice014.png,1,1124,1121,0.79677864272117
Standard U-Net (Base),RET_Spectralis_be0a143d6181d7f4f366fe2c0cc23075_slice016.png,1,2262,2161,0.7691956909363592
Standard U-Net (Base),RET_Spectralis_be0a143d6181d7f4f366fe2c0cc23075_slice018.png,1,3103,3178,0.8458232132787685
Standard U-Net (Base),RET_Spectralis_be0a143d6181d7f4f366fe2c0cc23075_slice019.png,1,3685,3535,0.8219696623887088
Standard U-Net (Base),RET_Spectralis_be0a143d6181d7f4f366fe2c0cc23075_slice022.png,1,4667,4553,0.8864985552696797
Standard U-Net (Base),RET_Spectralis_be0a143d6181d7f4f366fe2c0cc23075_slice023.png,1,4698,4480,0.860672545640713
Standard U-Net (Base),RET_Spectralis_be0a143d6181d7f4f366fe2c0cc23075_slice024.png,1,4578,4297,0.8556471534377108
Standard U-Net (Base),RET_Spectralis_be0a143d6181d7f4f366fe2c0cc23075_slice025.png,1,4583,4551,0.8529450471212457
Standard U-Net (Base),RET_Spectralis_be0a143d6181d7f4f366fe2c0cc23075_slice026.png,1,4750,4421,0.8059853498568152
Standard U-Net (Base),RET_Spectralis_be0a143d6181d7f4f366fe2c0cc23075_slice028.png,1,4227,4425,0.8632788742541826
Standard U-Net (Base),RET_Spectralis_be0a143d6181d7f4f366fe2c0cc23075_slice029.png,1,4011,3840,0.8913005087958691
Standard U-Net (Base),RET_Spectralis_be0a143d6181d7f4f366fe2c0cc23075_slice031.png,1,2611,2678,0.8188796356467577
Standard U-Net (Base),RET_Spectralis_be0a143d6181d7f4f366fe2c0cc23075_slice035.png,1,980,718,0.6838857472375599
Standard U-Net (Base),RET_Spectralis_be0a143d6181d7f4f366fe2c0cc23075_slice037.png,1,139,137,0.6181818153719009
Standard U-Net (Base),RET_Spectralis_be0a143d6181d7f4f366fe2c0cc23075_slice038.png,0,0,14,
Standard U-Net (Base),RET_Spectralis_be0a143d6181d7f4f366fe2c0cc23075_slice047.png,0,0,0,
Standard U-Net (Base),RET_Spectralis_c7e339f972f58b5388fbeb13adc670eb_slice022.png,1,243,313,0.7302158260247917
Standard U-Net (Base),RET_Spectralis_c7e339f972f58b5388fbeb13adc670eb_slice023.png,1,734,717,0.781529978785989
Standard U-Net (Base),RET_Spectralis_c7e339f972f58b5388fbeb13adc670eb_slice024.png,1,1350,1204,0.832419733425051
Standard U-Net (Base),RET_Spectralis_c7e339f972f58b5388fbeb13adc670eb_slice025.png,1,1797,1505,0.8291944273685057
Standard U-Net (Base),RET_Spectralis_c7e339f972f58b5388fbeb13adc670eb_slice026.png,1,1916,1865,0.8193599574664481
Standard U-Net (Base),RET_Spectralis_c7e339f972f58b5388fbeb13adc670eb_slice027.png,1,2098,1814,0.7888548055243214
Standard U-Net (Base),RET_Spectralis_c7e339f972f58b5388fbeb13adc670eb_slice029.png,1,1465,1269,0.7900512067337048
Standard U-Net (Base),RET_Spectralis_c7e339f972f58b5388fbeb13adc670eb_slice030.png,1,1188,1140,0.6778350512552255
Standard U-Net (Base),RET_Spectralis_c7e339f972f58b5388fbeb13adc670eb_slice031.png,1,750,678,0.6344537810683096
Standard U-Net (Base),RET_Spectralis_c7e339f972f58b5388fbeb13adc670eb_slice032.png,1,625,575,0.5883333328430556
Standard U-Net (Base),RET_Spectralis_c7e339f972f58b5388fbeb13adc670eb_slice034.png,1,577,610,0.5914069076736251
Standard U-Net (Base),RET_Spectralis_c7e339f972f58b5388fbeb13adc670eb_slice035.png,1,479,446,0.7567567559386413
Standard U-Net (Base),RET_Spectralis_c7e339f972f58b5388fbeb13adc670eb_slice037.png,1,219,189,0.3872549010116301
Standard U-Net (Base),RET_Spectralis_c7e339f972f58b5388fbeb13adc670eb_slice038.png,1,322,216,0.31970260163624054
Standard U-Net (Base),RET_Spectralis_c7e339f972f58b5388fbeb13adc670eb_slice039.png,1,144,1,0.0
Standard U-Net (Base),RET_Spectralis_c7e339f972f58b5388fbeb13adc670eb_slice040.png,1,77,35,0.5714285663265307
Standard U-Net (Base),RET_Spectralis_c7e339f972f58b5388fbeb13adc670eb_slice042.png,1,44,13,0.0
Standard U-Net (Base),RET_Spectralis_c7e339f972f58b5388fbeb13adc670eb_slice043.png,1,40,0,0.0
Standard U-Net (Base),RET_Spectralis_d1ad979857c1877496207f3d4e5f5c52_slice014.png,0,0,0,
Standard U-Net (Base),RET_Spectralis_d1ad979857c1877496207f3d4e5f5c52_slice021.png,1,101,200,0.4451827227734793
Standard U-Net (Base),RET_Spectralis_d1ad979857c1877496207f3d4e5f5c52_slice022.png,1,373,385,0.8126649065795978
Standard U-Net (Base),RET_Spectralis_d1ad979857c1877496207f3d4e5f5c52_slice023.png,1,815,760,0.8315041957188481
Standard U-Net (Base),RET_Spectralis_d1ad979857c1877496207f3d4e5f5c52_slice025.png,1,1012,910,0.8574401660471175
Standard U-Net (Base),RET_Spectralis_d1ad979857c1877496207f3d4e5f5c52_slice026.png,1,892,1012,0.8781512600429877
Standard U-Net (Base),RET_Spectralis_d1ad979857c1877496207f3d4e5f5c52_slice027.png,1,789,846,0.907244413739171
Standard U-Net (Base),RET_Spectralis_d1ad979857c1877496207f3d4e5f5c52_slice028.png,1,607,686,0.7965970604821367
Standard U-Net (Base),RET_Spectralis_d1ad979857c1877496207f3d4e5f5c52_slice029.png,1,689,841,0.8316291746205663
Standard U-Net (Base),RET_Spectralis_d1ad979857c1877496207f3d4e5f5c52_slice030.png,1,760,780,0.8323471394922108
Standard U-Net (Base),RET_Spectralis_d1ad979857c1877496207f3d4e5f5c52_slice031.png,1,893,738,0.8437102917130176
Standard U-Net (Base),RET_Spectralis_d1ad979857c1877496207f3d4e5f5c52_slice034.png,1,675,680,0.8024132723963701
Standard U-Net (Base),RET_Spectralis_d1ad979857c1877496207f3d4e5f5c52_slice035.png,1,440,476,0.6135371172341297
Standard U-Net (Base),RET_Spectralis_d1ad979857c1877496207f3d4e5f5c52_slice036.png,1,55,19,0.0
Standard U-Net (Base),RET_Spectralis_d1ad979857c1877496207f3d4e5f5c52_slice047.png,0,0,0,
Standard U-Net (Base),RET_Spectralis_dccf9863a1914de55b78a98f0791f605_slice011.png,0,0,0,
Standard U-Net (Base),RET_Spectralis_dccf9863a1914de55b78a98f0791f605_slice017.png,0,0,0,
Standard U-Net (Base),RET_Spectralis_dccf9863a1914de55b78a98f0791f605_slice018.png,1,52,0,0.0
Standard U-Net (Base),RET_Spectralis_dccf9863a1914de55b78a98f0791f605_slice023.png,1,11,0,0.0
Standard U-Net (Base),RET_Spectralis_dccf9863a1914de55b78a98f0791f605_slice032.png,1,30,0,0.0
Standard U-Net (Base),RET_Spectralis_ecf4cb44944f518c82a4f108b94b0dfd_slice004.png,0,0,478,
Standard U-Net (Base),RET_Spectralis_ecf4cb44944f518c82a4f108b94b0dfd_slice007.png,1,22,497,0.09999999977272728
Standard U-Net (Base),RET_Spectralis_ecf4cb44944f518c82a4f108b94b0dfd_slice011.png,1,18,14,0.0
Standard U-Net (Base),RET_Spectralis_ecf4cb44944f518c82a4f108b94b0dfd_slice012.png,1,152,349,0.721227619638804
Standard U-Net (Base),RET_Spectralis_ecf4cb44944f518c82a4f108b94b0dfd_slice013.png,1,325,304,0.5167464106590967
Standard U-Net (Base),RET_Spectralis_ecf4cb44944f518c82a4f108b94b0dfd_slice015.png,1,765,677,0.45293701312601764
Standard U-Net (Base),RET_Spectralis_ecf4cb44944f518c82a4f108b94b0dfd_slice016.png,1,1273,1038,0.5858935523211192
Standard U-Net (Base),RET_Spectralis_ecf4cb44944f518c82a4f108b94b0dfd_slice017.png,1,1826,1415,0.6139837396377289
Standard U-Net (Base),RET_Spectralis_ecf4cb44944f518c82a4f108b94b0dfd_slice018.png,1,2499,2054,0.6484304931281546
Standard U-Net (Base),RET_Spectralis_ecf4cb44944f518c82a4f108b94b0dfd_slice019.png,1,3168,2879,0.5151323463370909
Standard U-Net (Base),RET_Spectralis_ecf4cb44944f518c82a4f108b94b0dfd_slice020.png,1,3821,3214,0.7981664220517899
Standard U-Net (Base),RET_Spectralis_ecf4cb44944f518c82a4f108b94b0dfd_slice022.png,1,3575,3166,0.856912797323848
Standard U-Net (Base),RET_Spectralis_ecf4cb44944f518c82a4f108b94b0dfd_slice024.png,1,4092,3675,0.8711532101639015
Standard U-Net (Base),RET_Spectralis_ecf4cb44944f518c82a4f108b94b0dfd_slice025.png,1,4832,4454,0.8463088583616288
Standard U-Net (Base),RET_Spectralis_ecf4cb44944f518c82a4f108b94b0dfd_slice027.png,1,3051,2882,0.8231168770656568
Standard U-Net (Base),RET_Spectralis_ecf4cb44944f518c82a4f108b94b0dfd_slice028.png,1,2855,2698,0.7938635058937329
Standard U-Net (Base),RET_Spectralis_ecf4cb44944f518c82a4f108b94b0dfd_slice030.png,1,1835,1644,0.7004801918666026
Standard U-Net (Base),RET_Spectralis_ecf4cb44944f518c82a4f108b94b0dfd_slice031.png,1,1410,1326,0.683383233277177
Standard U-Net (Base),RET_Spectralis_ecf4cb44944f518c82a4f108b94b0dfd_slice032.png,1,816,913,0.5410628016056384
Standard U-Net (Base),RET_Spectralis_ecf4cb44944f518c82a4f108b94b0dfd_slice033.png,1,363,255,0.4498381869743719
Standard U-Net (Base),RET_Spectralis_ecf4cb44944f518c82a4f108b94b0dfd_slice034.png,1,227,216,0.4740406309841069
Standard U-Net (Base),RET_Spectralis_ecf4cb44944f518c82a4f108b94b0dfd_slice035.png,1,186,216,0.6565656549076625
Standard U-Net (Base),RET_Spectralis_ecf4cb44944f518c82a4f108b94b0dfd_slice036.png,1,42,140,0.0
Standard U-Net (Base),RET_Spectralis_ecf4cb44944f518c82a4f108b94b0dfd_slice037.png,1,32,109,0.4081632611411912
Standard U-Net (Base),RET_Spectralis_f4b90ca25b223e4598c32caab90dc4aa_slice002.png,0,0,9,
Standard U-Net (Base),RET_Spectralis_f4b90ca25b223e4598c32caab90dc4aa_slice003.png,1,45,168,0.4225352092838723
Standard U-Net (Base),RET_Spectralis_f4b90ca25b223e4598c32caab90dc4aa_slice005.png,1,710,750,0.8066953619910736
Standard U-Net (Base),RET_Spectralis_f4b90ca25b223e4598c32caab90dc4aa_slice006.png,1,852,906,0.8110062494256174
Standard U-Net (Base),RET_Spectralis_f4b90ca25b223e4598c32caab90dc4aa_slice007.png,1,963,899,0.7653109020505706
Standard U-Net (Base),RET_Spectralis_f4b90ca25b223e4598c32caab90dc4aa_slice008.png,1,971,1183,0.7992324422430552
Standard U-Net (Base),RET_Spectralis_f4b90ca25b223e4598c32caab90dc4aa_slice009.png,1,1287,1361,0.8178523695728677
Standard U-Net (Base),RET_Spectralis_f4b90ca25b223e4598c32caab90dc4aa_slice010.png,1,1332,1548,0.8340740729985063
Standard U-Net (Base),RET_Spectralis_f4b90ca25b223e4598c32caab90dc4aa_slice011.png,1,1628,1727,0.8697901977862655
Standard U-Net (Base),RET_Spectralis_f4b90ca25b223e4598c32caab90dc4aa_slice012.png,1,1806,1776,0.8632399560151789
Standard U-Net (Base),RET_Spectralis_f4b90ca25b223e4598c32caab90dc4aa_slice013.png,1,1936,2010,0.8643328282355571
Standard U-Net (Base),RET_Spectralis_f4b90ca25b223e4598c32caab90dc4aa_slice014.png,1,2095,2171,0.8518395542895699
Standard U-Net (Base),RET_Spectralis_f4b90ca25b223e4598c32caab90dc4aa_slice015.png,1,2507,2610,0.9056933837239545
Standard U-Net (Base),RET_Spectralis_f4b90ca25b223e4598c32caab90dc4aa_slice016.png,1,2917,2969,0.7444741933078383
Standard U-Net (Base),RET_Spectralis_f4b90ca25b223e4598c32caab90dc4aa_slice017.png,1,3321,3301,0.8297477271893383
Standard U-Net (Base),RET_Spectralis_f4b90ca25b223e4598c32caab90dc4aa_slice018.png,1,3388,3542,0.8331802867356071
Standard U-Net (Base),RET_Spectralis_f4b90ca25b223e4598c32caab90dc4aa_slice020.png,1,3775,3679,0.8957626031344832
Standard U-Net (Base),RET_Spectralis_f4b90ca25b223e4598c32caab90dc4aa_slice021.png,1,3939,3993,0.8966742750836427
Standard U-Net (Base),RET_Spectralis_f4b90ca25b223e4598c32caab90dc4aa_slice022.png,1,4571,4518,0.9009650984038365
Standard U-Net (Base),RET_Spectralis_f4b90ca25b223e4598c32caab90dc4aa_slice023.png,1,4709,4729,0.9232740941268953
Standard U-Net (Base),RET_Spectralis_f4b90ca25b223e4598c32caab90dc4aa_slice024.png,1,4524,4742,0.9131343904754131
Standard U-Net (Base),RET_Spectralis_f4b90ca25b223e4598c32caab90dc4aa_slice025.png,1,4395,4449,0.9213170875421198
Standard U-Net (Base),RET_Spectralis_f4b90ca25b223e4598c32caab90dc4aa_slice026.png,1,4106,4216,0.9243642684381634
Standard U-Net (Base),RET_Spectralis_f4b90ca25b223e4598c32caab90dc4aa_slice027.png,1,4215,4164,0.8840379036313274
Standard U-Net (Base),RET_Spectralis_f4b90ca25b223e4598c32caab90dc4aa_slice028.png,1,3692,3837,0.8778126022656847
Standard U-Net (Base),RET_Spectralis_f4b90ca25b223e4598c32caab90dc4aa_slice030.png,1,2684,2954,0.8491420129482172
Standard U-Net (Base),RET_Spectralis_f4b90ca25b223e4598c32caab90dc4aa_slice031.png,1,2348,2595,0.7800523580367656
Standard U-Net (Base),RET_Spectralis_f4b90ca25b223e4598c32caab90dc4aa_slice032.png,1,2127,2400,0.727523582069054
Standard U-Net (Base),RET_Spectralis_f4b90ca25b223e4598c32caab90dc4aa_slice034.png,1,1244,1578,0.6900724244074727
Standard U-Net (Base),RET_Spectralis_f4b90ca25b223e4598c32caab90dc4aa_slice035.png,1,1085,1298,0.8211115934925307
Standard U-Net (Base),RET_Spectralis_f4b90ca25b223e4598c32caab90dc4aa_slice036.png,1,863,878,0.7305873588742067
Standard U-Net (Base),RET_Spectralis_f4b90ca25b223e4598c32caab90dc4aa_slice037.png,1,481,607,0.8719851568905517
Standard U-Net (Base),RET_Spectralis_f4b90ca25b223e4598c32caab90dc4aa_slice038.png,1,326,358,0.8567251449463082
Standard U-Net (Base),RET_Spectralis_f4b90ca25b223e4598c32caab90dc4aa_slice039.png,1,231,316,0.7276051174998078
Standard U-Net (Base),RET_Spectralis_f4b90ca25b223e4598c32caab90dc4aa_slice041.png,1,90,259,0.4355300847119482
Standard U-Net (Base),RET_Spectralis_f4b90ca25b223e4598c32caab90dc4aa_slice042.png,1,39,203,0.3223140482549006
Standard U-Net (Base),RET_Spectralis_f520e52af71723efed0d6fecf934075b_slice003.png,1,57,340,0.746666661688889
Standard U-Net (Base),RET_Spectralis_f520e52af71723efed0d6fecf934075b_slice004.png,1,553,764,0.38826388739548495
Standard U-Net (Base),RET_Spectralis_f520e52af71723efed0d6fecf934075b_slice005.png,1,1045,1503,0.776973814601206
Standard U-Net (Base),RET_Spectralis_f520e52af71723efed0d6fecf934075b_slice008.png,1,2183,2383,0.730544979428929
Standard U-Net (Base),RET_Spectralis_f520e52af71723efed0d6fecf934075b_slice009.png,1,2350,2463,0.757708451165949
Standard U-Net (Base),RET_Spectralis_f520e52af71723efed0d6fecf934075b_slice010.png,1,2686,2923,0.7645796889672237
Standard U-Net (Base),RET_Spectralis_f520e52af71723efed0d6fecf934075b_slice012.png,1,2945,3569,0.7402831622944394
Standard U-Net (Base),RET_Spectralis_f520e52af71723efed0d6fecf934075b_slice013.png,1,4005,3533,0.7416521242449058
Standard U-Net (Base),RET_Spectralis_f520e52af71723efed0d6fecf934075b_slice016.png,1,4188,4466,0.5289491290767799
Standard U-Net (Base),RET_Spectralis_f520e52af71723efed0d6fecf934075b_slice018.png,1,3978,4060,0.7738771268940291
Standard U-Net (Base),RET_Spectralis_f520e52af71723efed0d6fecf934075b_slice019.png,1,4282,4833,0.7872056125018574
Standard U-Net (Base),RET_Spectralis_f520e52af71723efed0d6fecf934075b_slice020.png,1,4489,5251,0.8252083413694901
Standard U-Net (Base),RET_Spectralis_f520e52af71723efed0d6fecf934075b_slice021.png,1,4988,5410,0.8340295503348566
Standard U-Net (Base),RET_Spectralis_f520e52af71723efed0d6fecf934075b_slice023.png,1,4739,5241,0.8333943446700464
Standard U-Net (Base),RET_Spectralis_f520e52af71723efed0d6fecf934075b_slice024.png,1,4502,4619,0.785874176903937
Standard U-Net (Base),RET_Spectralis_f520e52af71723efed0d6fecf934075b_slice025.png,1,4511,4717,0.8387041417243295
Standard U-Net (Base),RET_Spectralis_f520e52af71723efed0d6fecf934075b_slice026.png,1,4489,4775,0.8495106729217189
Standard U-Net (Base),RET_Spectralis_f520e52af71723efed0d6fecf934075b_slice027.png,1,4221,4471,0.8335863826358684
Standard U-Net (Base),RET_Spectralis_f520e52af71723efed0d6fecf934075b_slice029.png,1,3775,3929,0.8073032096551068
Standard U-Net (Base),RET_Spectralis_f520e52af71723efed0d6fecf934075b_slice030.png,1,3107,3332,0.7725541438456492
Standard U-Net (Base),RET_Spectralis_f520e52af71723efed0d6fecf934075b_slice031.png,1,2841,3239,0.6816867430636394
Standard U-Net (Base),RET_Spectralis_f520e52af71723efed0d6fecf934075b_slice032.png,1,2922,2962,0.8324939304592458
Standard U-Net (Base),RET_Spectralis_f520e52af71723efed0d6fecf934075b_slice033.png,1,2690,2884,0.8130404637710738
Standard U-Net (Base),RET_Spectralis_f520e52af71723efed0d6fecf934075b_slice036.png,1,2263,2549,0.9095585081634036
Standard U-Net (Base),RET_Spectralis_f520e52af71723efed0d6fecf934075b_slice037.png,1,2234,2514,0.914566424409533
Standard U-Net (Base),RET_Spectralis_f520e52af71723efed0d6fecf934075b_slice038.png,1,2162,2195,0.9015448464603308
Standard U-Net (Base),RET_Spectralis_f520e52af71723efed0d6fecf934075b_slice040.png,1,1759,2134,0.8661700485830542
Standard U-Net (Base),RET_Spectralis_f520e52af71723efed0d6fecf934075b_slice041.png,1,1642,1956,0.8738187879728131
Standard U-Net (Base),RET_Spectralis_f520e52af71723efed0d6fecf934075b_slice042.png,1,1538,1796,0.8866226751989734
Standard U-Net (Base),RET_Spectralis_f520e52af71723efed0d6fecf934075b_slice044.png,1,1404,1668,0.859298130252772
Standard U-Net (Base),RET_Spectralis_f520e52af71723efed0d6fecf934075b_slice045.png,1,1248,1475,0.8101358792471041
Standard U-Net (Base),RET_Spectralis_fe02f982b78218ab05c755c01c7876b1_slice000.png,1,259,456,0.1214285712117347
Standard U-Net (Base),RET_Spectralis_fe02f982b78218ab05c755c01c7876b1_slice001.png,1,416,438,0.39011703460322883
Standard U-Net (Base),RET_Spectralis_fe02f982b78218ab05c755c01c7876b1_slice002.png,1,401,396,0.18067754055122015
Standard U-Net (Base),RET_Spectralis_fe02f982b78218ab05c755c01c7876b1_slice006.png,1,181,305,0.18925831153642375
Standard U-Net (Base),RET_Spectralis_fe02f982b78218ab05c755c01c7876b1_slice007.png,1,270,345,0.3869918692894441
Standard U-Net (Base),RET_Spectralis_fe02f982b78218ab05c755c01c7876b1_slice008.png,1,356,219,0.48695652089224956
Standard U-Net (Base),RET_Spectralis_fe02f982b78218ab05c755c01c7876b1_slice011.png,1,414,799,0.43006992969399477
Standard U-Net (Base),RET_Spectralis_fe02f982b78218ab05c755c01c7876b1_slice013.png,1,534,1070,0.3167082292289849
Standard U-Net (Base),RET_Spectralis_fe02f982b78218ab05c755c01c7876b1_slice014.png,1,864,1074,0.4324045405405549
Standard U-Net (Base),RET_Spectralis_fe02f982b78218ab05c755c01c7876b1_slice015.png,1,1065,1337,0.5220649456610887
Standard U-Net (Base),RET_Spectralis_fe02f982b78218ab05c755c01c7876b1_slice016.png,1,626,518,0.37937062903901164
Standard U-Net (Base),RET_Spectralis_fe02f982b78218ab05c755c01c7876b1_slice018.png,1,1952,1724,0.27704038399405806
Standard U-Net (Base),RET_Spectralis_fe02f982b78218ab05c755c01c7876b1_slice020.png,1,2781,2925,0.777264533137765
Standard U-Net (Base),RET_Spectralis_fe02f982b78218ab05c755c01c7876b1_slice021.png,1,3581,3077,0.7913092570060167
Standard U-Net (Base),RET_Spectralis_fe02f982b78218ab05c755c01c7876b1_slice023.png,1,3925,3102,0.7913352989762356
Standard U-Net (Base),RET_Spectralis_fe02f982b78218ab05c755c01c7876b1_slice026.png,1,4263,4145,0.7666584984598511
Standard U-Net (Base),RET_Spectralis_fe02f982b78218ab05c755c01c7876b1_slice027.png,1,3859,3434,0.7660214373874432
Standard U-Net (Base),RET_Spectralis_fe02f982b78218ab05c755c01c7876b1_slice028.png,1,3853,3493,0.7977549546818856
Standard U-Net (Base),RET_Spectralis_fe02f982b78218ab05c755c01c7876b1_slice033.png,1,1870,2090,0.715218737607258
Standard U-Net (Base),RET_Spectralis_fe02f982b78218ab05c755c01c7876b1_slice034.png,1,1241,1468,0.35054508285747477
Standard U-Net (Base),RET_Spectralis_fe02f982b78218ab05c755c01c7876b1_slice035.png,1,1243,2104,0.5681947536708519
Standard U-Net (Base),RET_Spectralis_fe02f982b78218ab05c755c01c7876b1_slice037.png,1,946,1127,0.6300048236227667
Standard U-Net (Base),RET_Spectralis_fe02f982b78218ab05c755c01c7876b1_slice038.png,1,546,1048,0.4755332493879967
Standard U-Net (Base),RET_Spectralis_fe02f982b78218ab05c755c01c7876b1_slice039.png,1,913,1130,0.5345080760966676
Standard U-Net (Base),RET_Spectralis_fe02f982b78218ab05c755c01c7876b1_slice040.png,1,789,1047,0.471677559655949
Standard U-Net (Base),RET_Spectralis_fe02f982b78218ab05c755c01c7876b1_slice041.png,1,775,1169,0.5681818178883358
Standard U-Net (Base),RET_Spectralis_fe02f982b78218ab05c755c01c7876b1_slice042.png,1,785,1401,0.4620311068334716
Standard U-Net (Base),RET_Spectralis_fe02f982b78218ab05c755c01c7876b1_slice043.png,1,591,1161,0.4851598170746804
Standard U-Net (Base),RET_Spectralis_fe02f982b78218ab05c755c01c7876b1_slice046.png,1,359,574,0.4394426576211761
Standard U-Net (Base),RET_Spectralis_fe02f982b78218ab05c755c01c7876b1_slice047.png,1,130,473,0.27692307644970415
Standard U-Net (Base),RET_Spectralis_fe02f982b78218ab05c755c01c7876b1_slice048.png,1,116,366,0.36099584987345257
Standard U-Net (Base),RET_Topcon_08c25a5049562b54521bfa36f95c4a4c_slice014.png,0,0,0,
Standard U-Net (Base),RET_Topcon_08c25a5049562b54521bfa36f95c4a4c_slice015.png,0,0,0,
Standard U-Net (Base),RET_Topcon_08c25a5049562b54521bfa36f95c4a4c_slice027.png,0,0,0,
Standard U-Net (Base),RET_Topcon_08c25a5049562b54521bfa36f95c4a4c_slice030.png,0,0,0,
Standard U-Net (Base),RET_Topcon_08c25a5049562b54521bfa36f95c4a4c_slice044.png,1,69,75,0.8489208572020083
Standard U-Net (Base),RET_Topcon_08c25a5049562b54521bfa36f95c4a4c_slice045.png,1,86,91,0.7909604475086981
Standard U-Net (Base),RET_Topcon_08c25a5049562b54521bfa36f95c4a4c_slice048.png,1,362,318,0.9028003168652543
Standard U-Net (Base),RET_Topcon_08c25a5049562b54521bfa36f95c4a4c_slice049.png,1,342,344,0.8899224792404302
Standard U-Net (Base),RET_Topcon_08c25a5049562b54521bfa36f95c4a4c_slice050.png,1,398,425,0.7892915327179306
Standard U-Net (Base),RET_Topcon_08c25a5049562b54521bfa36f95c4a4c_slice051.png,1,606,534,0.8166996013769334
Standard U-Net (Base),RET_Topcon_08c25a5049562b54521bfa36f95c4a4c_slice052.png,1,685,603,0.8187105892931532
Standard U-Net (Base),RET_Topcon_08c25a5049562b54521bfa36f95c4a4c_slice053.png,1,541,621,0.8602626932452702
Standard U-Net (Base),RET_Topcon_08c25a5049562b54521bfa36f95c4a4c_slice056.png,1,697,704,0.8575135546327036
Standard U-Net (Base),RET_Topcon_08c25a5049562b54521bfa36f95c4a4c_slice058.png,1,206,235,0.9158314477126077
Standard U-Net (Base),RET_Topcon_08c25a5049562b54521bfa36f95c4a4c_slice061.png,1,474,429,0.8714626068829223
Standard U-Net (Base),RET_Topcon_08c25a5049562b54521bfa36f95c4a4c_slice062.png,1,178,308,0.7723214268474968
Standard U-Net (Base),RET_Topcon_08c25a5049562b54521bfa36f95c4a4c_slice063.png,1,283,284,0.7336860657254214
Standard U-Net (Base),RET_Topcon_08c25a5049562b54521bfa36f95c4a4c_slice064.png,1,43,82,0.6559999947520001
Standard U-Net (Base),RET_Topcon_08c25a5049562b54521bfa36f95c4a4c_slice065.png,1,30,80,0.43636363239669423
Standard U-Net (Base),RET_Topcon_08c25a5049562b54521bfa36f95c4a4c_slice066.png,1,56,106,0.6131314705730955
Standard U-Net (Base),RET_Topcon_08c25a5049562b54521bfa36f95c4a4c_slice067.png,1,128,125,0.8644444373395788
Standard U-Net (Base),RET_Topcon_08c25a5049562b54521bfa36f95c4a4c_slice068.png,1,141,136,0.7035623173316126
Standard U-Net (Base),RET_Topcon_08c25a5049562b54521bfa36f95c4a4c_slice069.png,1,192,198,0.8717948695595004
Standard U-Net (Base),RET_Topcon_08c25a5049562b54521bfa36f95c4a4c_slice070.png,1,205,183,0.8608247400494208
Standard U-Net (Base),RET_Topcon_08c25a5049562b54521bfa36f95c4a4c_slice071.png,1,109,92,0.8656716374842207
Standard U-Net (Base),RET_Topcon_08c25a5049562b54521bfa36f95c4a4c_slice073.png,1,22,19,0.8780487590719815
Standard U-Net (Base),RET_Topcon_08c25a5049562b54521bfa36f95c4a4c_slice094.png,1,29,34,0.8571428435374152
Standard U-Net (Base),RET_Topcon_08c25a5049562b54521bfa36f95c4a4c_slice096.png,1,38,37,0.8799999882666668
Standard U-Net (Base),RET_Topcon_09f1bf8ee7be70fb53c9431bb1fe3817_slice022.png,0,0,0,
Standard U-Net (Base),RET_Topcon_09f1bf8ee7be70fb53c9431bb1fe3817_slice038.png,1,83,21,0.26923076664201184
Standard U-Net (Base),RET_Topcon_09f1bf8ee7be70fb53c9431bb1fe3817_slice044.png,1,25,45,0.7368420923361036
Standard U-Net (Base),RET_Topcon_09f1bf8ee7be70fb53c9431bb1fe3817_slice046.png,1,24,89,0.3716814126399875
Standard U-Net (Base),RET_Topcon_09f1bf8ee7be70fb53c9431bb1fe3817_slice048.png,1,59,56,0.6959706780967817
Standard U-Net (Base),RET_Topcon_09f1bf8ee7be70fb53c9431bb1fe3817_slice049.png,1,178,173,0.8247863194353131
Standard U-Net (Base),RET_Topcon_09f1bf8ee7be70fb53c9431bb1fe3817_slice051.png,1,294,283,0.8701738238148793
Standard U-Net (Base),RET_Topcon_09f1bf8ee7be70fb53c9431bb1fe3817_slice054.png,1,430,395,0.8105387086564944
Standard U-Net (Base),RET_Topcon_09f1bf8ee7be70fb53c9431bb1fe3817_slice057.png,1,899,775,0.8253800187459572
Standard U-Net (Base),RET_Topcon_09f1bf8ee7be70fb53c9431bb1fe3817_slice058.png,1,732,809,0.7778663551669245
Standard U-Net (Base),RET_Topcon_09f1bf8ee7be70fb53c9431bb1fe3817_slice061.png,1,961,1076,0.7921759836408604
Standard U-Net (Base),RET_Topcon_09f1bf8ee7be70fb53c9431bb1fe3817_slice066.png,1,555,653,0.8352963830990296
Standard U-Net (Base),RET_Topcon_09f1bf8ee7be70fb53c9431bb1fe3817_slice067.png,1,1038,1089,0.8739598139736208
Standard U-Net (Base),RET_Topcon_09f1bf8ee7be70fb53c9431bb1fe3817_slice068.png,1,1278,1397,0.8231211652348565
Standard U-Net (Base),RET_Topcon_09f1bf8ee7be70fb53c9431bb1fe3817_slice069.png,1,1250,1249,0.8804738218672176
Standard U-Net (Base),RET_Topcon_09f1bf8ee7be70fb53c9431bb1fe3817_slice070.png,1,1202,1093,0.8823939859331409
Standard U-Net (Base),RET_Topcon_09f1bf8ee7be70fb53c9431bb1fe3817_slice073.png,1,963,935,0.8303380133383049
Standard U-Net (Base),RET_Topcon_09f1bf8ee7be70fb53c9431bb1fe3817_slice074.png,1,574,616,0.7819789973056687
Standard U-Net (Base),RET_Topcon_09f1bf8ee7be70fb53c9431bb1fe3817_slice075.png,1,970,838,0.8833789147809171
Standard U-Net (Base),RET_Topcon_09f1bf8ee7be70fb53c9431bb1fe3817_slice076.png,1,785,836,0.8574673380567709
Standard U-Net (Base),RET_Topcon_09f1bf8ee7be70fb53c9431bb1fe3817_slice077.png,1,1028,1081,0.8696745859285916
Standard U-Net (Base),RET_Topcon_09f1bf8ee7be70fb53c9431bb1fe3817_slice078.png,1,685,734,0.8991014132262274
Standard U-Net (Base),RET_Topcon_09f1bf8ee7be70fb53c9431bb1fe3817_slice079.png,1,417,456,0.8596908941727904
Standard U-Net (Base),RET_Topcon_09f1bf8ee7be70fb53c9431bb1fe3817_slice080.png,1,556,611,0.7804875883214706
Standard U-Net (Base),RET_Topcon_09f1bf8ee7be70fb53c9431bb1fe3817_slice081.png,1,315,351,0.864864863566269
Standard U-Net (Base),RET_Topcon_09f1bf8ee7be70fb53c9431bb1fe3817_slice082.png,1,405,478,0.8787878776782981
Standard U-Net (Base),RET_Topcon_09f1bf8ee7be70fb53c9431bb1fe3817_slice083.png,1,225,245,0.8553191471163423
Standard U-Net (Base),RET_Topcon_09f1bf8ee7be70fb53c9431bb1fe3817_slice084.png,1,217,211,0.8377723950659264
Standard U-Net (Base),RET_Topcon_09f1bf8ee7be70fb53c9431bb1fe3817_slice085.png,1,229,208,0.8781609175214692
Standard U-Net (Base),RET_Topcon_09f1bf8ee7be70fb53c9431bb1fe3817_slice087.png,1,205,192,0.8967254385472911
Standard U-Net (Base),RET_Topcon_09f1bf8ee7be70fb53c9431bb1fe3817_slice088.png,1,22,30,0.8695651984877131
Standard U-Net (Base),RET_Topcon_09f1bf8ee7be70fb53c9431bb1fe3817_slice090.png,1,28,29,0.8571428418367351
Standard U-Net (Base),RET_Topcon_09f1bf8ee7be70fb53c9431bb1fe3817_slice101.png,0,0,0,
Standard U-Net (Base),RET_Topcon_09f1bf8ee7be70fb53c9431bb1fe3817_slice107.png,0,0,0,
Standard U-Net (Base),RET_Topcon_09f1bf8ee7be70fb53c9431bb1fe3817_slice109.png,0,0,0,
Standard U-Net (Base),RET_Topcon_09f1bf8ee7be70fb53c9431bb1fe3817_slice110.png,0,0,0,
Standard U-Net (Base),RET_Topcon_09f1bf8ee7be70fb53c9431bb1fe3817_slice116.png,0,0,0,
Standard U-Net (Base),RET_Topcon_09f1bf8ee7be70fb53c9431bb1fe3817_slice121.png,0,0,0,
Standard U-Net (Base),RET_Topcon_1527587b2f260832ae2bf685b2b9a9b0_slice014.png,0,0,0,
Standard U-Net (Base),RET_Topcon_1527587b2f260832ae2bf685b2b9a9b0_slice043.png,0,0,0,
Standard U-Net (Base),RET_Topcon_1527587b2f260832ae2bf685b2b9a9b0_slice044.png,1,19,25,0.7727272551652897
Standard U-Net (Base),RET_Topcon_1527587b2f260832ae2bf685b2b9a9b0_slice046.png,1,15,26,0.6341463259964311
Standard U-Net (Base),RET_Topcon_1527587b2f260832ae2bf685b2b9a9b0_slice048.png,1,202,214,0.7403846136048446
Standard U-Net (Base),RET_Topcon_1527587b2f260832ae2bf685b2b9a9b0_slice049.png,1,136,155,0.7835051519467177
Standard U-Net (Base),RET_Topcon_1527587b2f260832ae2bf685b2b9a9b0_slice051.png,1,560,516,0.7583643115628583
Standard U-Net (Base),RET_Topcon_1527587b2f260832ae2bf685b2b9a9b0_slice052.png,1,537,499,0.7722007714554046
Standard U-Net (Base),RET_Topcon_1527587b2f260832ae2bf685b2b9a9b0_slice053.png,1,698,644,0.7589043965870892
Standard U-Net (Base),RET_Topcon_1527587b2f260832ae2bf685b2b9a9b0_slice054.png,1,769,710,0.8458299896994768
Standard U-Net (Base),RET_Topcon_1527587b2f260832ae2bf685b2b9a9b0_slice055.png,1,1291,860,0.6952336028308439
Standard U-Net (Base),RET_Topcon_1527587b2f260832ae2bf685b2b9a9b0_slice058.png,1,1359,1294,0.8993506483760039
Standard U-Net (Base),RET_Topcon_1527587b2f260832ae2bf685b2b9a9b0_slice059.png,1,1482,1516,0.8664320611896386
Standard U-Net (Base),RET_Topcon_1527587b2f260832ae2bf685b2b9a9b0_slice061.png,1,1656,1820,0.8900293106118896
Standard U-Net (Base),RET_Topcon_1527587b2f260832ae2bf685b2b9a9b0_slice063.png,1,2203,2116,0.9125727596893835
Standard U-Net (Base),RET_Topcon_1527587b2f260832ae2bf685b2b9a9b0_slice064.png,1,2254,2146,0.897749526560738
Standard U-Net (Base),RET_Topcon_1527587b2f260832ae2bf685b2b9a9b0_slice066.png,1,2391,2263,0.8895587368557929
Standard U-Net (Base),RET_Topcon_1527587b2f260832ae2bf685b2b9a9b0_slice067.png,1,2195,2139,0.8816245528546749
Standard U-Net (Base),RET_Topcon_1527587b2f260832ae2bf685b2b9a9b0_slice069.png,1,2325,2178,0.8528681176276296
Standard U-Net (Base),RET_Topcon_1527587b2f260832ae2bf685b2b9a9b0_slice070.png,1,2180,2217,0.8506146762235977
Standard U-Net (Base),RET_Topcon_1527587b2f260832ae2bf685b2b9a9b0_slice071.png,1,2281,2136,0.8487912364688879
Standard U-Net (Base),RET_Topcon_1527587b2f260832ae2bf685b2b9a9b0_slice072.png,1,1300,1730,0.855474157786354
Standard U-Net (Base),RET_Topcon_1527587b2f260832ae2bf685b2b9a9b0_slice073.png,1,1788,1560,0.8163761607288023
Standard U-Net (Base),RET_Topcon_1527587b2f260832ae2bf685b2b9a9b0_slice074.png,1,1643,1771,0.8391266934663001
Standard U-Net (Base),RET_Topcon_1527587b2f260832ae2bf685b2b9a9b0_slice075.png,1,1651,1707,0.880119581201758
Standard U-Net (Base),RET_Topcon_1527587b2f260832ae2bf685b2b9a9b0_slice076.png,1,1221,1349,0.8225680930651487
Standard U-Net (Base),RET_Topcon_1527587b2f260832ae2bf685b2b9a9b0_slice077.png,1,1247,1130,0.8094236429072682
Standard U-Net (Base),RET_Topcon_1527587b2f260832ae2bf685b2b9a9b0_slice078.png,1,758,939,0.7896287561640373
Standard U-Net (Base),RET_Topcon_1527587b2f260832ae2bf685b2b9a9b0_slice079.png,1,956,1119,0.8240963851450138
Standard U-Net (Base),RET_Topcon_1527587b2f260832ae2bf685b2b9a9b0_slice080.png,1,447,421,0.7788018424207352
Standard U-Net (Base),RET_Topcon_1527587b2f260832ae2bf685b2b9a9b0_slice081.png,1,224,365,0.6383701177616806
Standard U-Net (Base),RET_Topcon_1527587b2f260832ae2bf685b2b9a9b0_slice083.png,1,614,554,0.7551369856548484
Standard U-Net (Base),RET_Topcon_1527587b2f260832ae2bf685b2b9a9b0_slice084.png,1,272,348,0.6709677408532778
Standard U-Net (Base),RET_Topcon_1527587b2f260832ae2bf685b2b9a9b0_slice085.png,1,458,526,0.7479674789146672
Standard U-Net (Base),RET_Topcon_1527587b2f260832ae2bf685b2b9a9b0_slice087.png,1,239,227,0.7253218868555324
Standard U-Net (Base),RET_Topcon_1527587b2f260832ae2bf685b2b9a9b0_slice088.png,1,48,86,0.686567159055469
Standard U-Net (Base),RET_Topcon_1527587b2f260832ae2bf685b2b9a9b0_slice090.png,1,36,57,0.666666659498208
Standard U-Net (Base),RET_Topcon_1527587b2f260832ae2bf685b2b9a9b0_slice092.png,1,40,43,0.8433734838147773
Standard U-Net (Base),RET_Topcon_1527587b2f260832ae2bf685b2b9a9b0_slice115.png,0,0,0,
Standard U-Net (Base),RET_Topcon_36f2dd01456a26450dc66ebadc676de7_slice021.png,0,0,0,
Standard U-Net (Base),RET_Topcon_36f2dd01456a26450dc66ebadc676de7_slice034.png,0,0,0,
Standard U-Net (Base),RET_Topcon_36f2dd01456a26450dc66ebadc676de7_slice049.png,0,0,0,
Standard U-Net (Base),RET_Topcon_36f2dd01456a26450dc66ebadc676de7_slice055.png,0,0,0,
Standard U-Net (Base),RET_Topcon_36f2dd01456a26450dc66ebadc676de7_slice058.png,1,30,32,0.8709677278876173
Standard U-Net (Base),RET_Topcon_36f2dd01456a26450dc66ebadc676de7_slice060.png,1,185,175,0.9222222196604939
Standard U-Net (Base),RET_Topcon_36f2dd01456a26450dc66ebadc676de7_slice061.png,1,200,167,0.8174386898707393
Standard U-Net (Base),RET_Topcon_36f2dd01456a26450dc66ebadc676de7_slice064.png,1,115,116,0.8725490153306421
Standard U-Net (Base),RET_Topcon_36f2dd01456a26450dc66ebadc676de7_slice065.png,1,189,194,0.9204568173016379
Standard U-Net (Base),RET_Topcon_36f2dd01456a26450dc66ebadc676de7_slice066.png,1,300,299,0.9065810557766791
Standard U-Net (Base),RET_Topcon_36f2dd01456a26450dc66ebadc676de7_slice068.png,1,290,289,0.9430051797184712
Standard U-Net (Base),RET_Topcon_36f2dd01456a26450dc66ebadc676de7_slice071.png,1,255,268,0.8642447402213294
Standard U-Net (Base),RET_Topcon_36f2dd01456a26450dc66ebadc676de7_slice072.png,1,342,355,0.8637015769530824
Standard U-Net (Base),RET_Topcon_36f2dd01456a26450dc66ebadc676de7_slice074.png,1,400,352,0.8882978711591784
Standard U-Net (Base),RET_Topcon_36f2dd01456a26450dc66ebadc676de7_slice075.png,1,251,255,0.8616600773484979
Standard U-Net (Base),RET_Topcon_36f2dd01456a26450dc66ebadc676de7_slice077.png,1,92,100,0.74999999609375
Standard U-Net (Base),RET_Topcon_36f2dd01456a26450dc66ebadc676de7_slice078.png,1,101,113,0.7943925196523715
Standard U-Net (Base),RET_Topcon_36f2dd01456a26450dc66ebadc676de7_slice079.png,1,71,88,0.8050314414777897
Standard U-Net (Base),RET_Topcon_36f2dd01456a26450dc66ebadc676de7_slice080.png,1,33,33,0.8787878654729112
Standard U-Net (Base),RET_Topcon_36f2dd01456a26450dc66ebadc676de7_slice082.png,1,56,43,0.767676759922457
Standard U-Net (Base),RET_Topcon_36f2dd01456a26450dc66ebadc676de7_slice083.png,1,20,19,0.769230749506904
Standard U-Net (Base),RET_Topcon_36f2dd01456a26450dc66ebadc676de7_slice084.png,1,10,11,0.7619047256235845
Standard U-Net (Base),RET_Topcon_36f2dd01456a26450dc66ebadc676de7_slice087.png,1,4,8,0.6666666111111158
Standard U-Net (Base),RET_Topcon_36f2dd01456a26450dc66ebadc676de7_slice088.png,1,7,8,0.7999999466666703
Standard U-Net (Base),RET_Topcon_36f2dd01456a26450dc66ebadc676de7_slice089.png,1,2,0,0.0
Standard U-Net (Base),RET_Topcon_36f2dd01456a26450dc66ebadc676de7_slice091.png,1,13,10,0.8695651795841226
Standard U-Net (Base),RET_Topcon_36f2dd01456a26450dc66ebadc676de7_slice106.png,1,40,48,0.8636363538223142
Standard U-Net (Base),RET_Topcon_36f2dd01456a26450dc66ebadc676de7_slice109.png,0,0,0,
Standard U-Net (Base),RET_Topcon_42cb4fb24bb11d6f79a2179e9a63251f_slice003.png,0,0,24,
Standard U-Net (Base),RET_Topcon_42cb4fb24bb11d6f79a2179e9a63251f_slice010.png,1,185,152,0.5103857551620601
Standard U-Net (Base),RET_Topcon_42cb4fb24bb11d6f79a2179e9a63251f_slice013.png,1,158,192,0.811145508324627
Standard U-Net (Base),RET_Topcon_42cb4fb24bb11d6f79a2179e9a63251f_slice015.png,1,46,39,0.8705882250519033
Standard U-Net (Base),RET_Topcon_42cb4fb24bb11d6f79a2179e9a63251f_slice016.png,1,69,74,0.8709677349115506
Standard U-Net (Base),RET_Topcon_42cb4fb24bb11d6f79a2179e9a63251f_slice017.png,1,1165,1234,0.924045320636154
Standard U-Net (Base),RET_Topcon_42cb4fb24bb11d6f79a2179e9a63251f_slice018.png,1,1890,1888,0.8619796768218957
Standard U-Net (Base),RET_Topcon_42cb4fb24bb11d6f79a2179e9a63251f_slice019.png,1,1659,1857,0.8865296094214627
Standard U-Net (Base),RET_Topcon_42cb4fb24bb11d6f79a2179e9a63251f_slice024.png,1,2000,2014,0.8655617812972243
Standard U-Net (Base),RET_Topcon_42cb4fb24bb11d6f79a2179e9a63251f_slice028.png,1,2096,2038,0.8987253058156925
Standard U-Net (Base),RET_Topcon_42cb4fb24bb11d6f79a2179e9a63251f_slice029.png,1,1870,1884,0.867156711483689
Standard U-Net (Base),RET_Topcon_42cb4fb24bb11d6f79a2179e9a63251f_slice030.png,1,2020,2052,0.882609695204666
Standard U-Net (Base),RET_Topcon_42cb4fb24bb11d6f79a2179e9a63251f_slice033.png,1,1958,1985,0.8391813095278476
Standard U-Net (Base),RET_Topcon_42cb4fb24bb11d6f79a2179e9a63251f_slice034.png,1,1947,1858,0.810497749753149
Standard U-Net (Base),RET_Topcon_42cb4fb24bb11d6f79a2179e9a63251f_slice035.png,1,1575,1711,0.908008856554311
Standard U-Net (Base),RET_Topcon_42cb4fb24bb11d6f79a2179e9a63251f_slice036.png,1,1807,1799,0.8759420216404562
Standard U-Net (Base),RET_Topcon_42cb4fb24bb11d6f79a2179e9a63251f_slice038.png,1,2275,2302,0.8434945221699299
Standard U-Net (Base),RET_Topcon_42cb4fb24bb11d6f79a2179e9a63251f_slice039.png,1,1971,1976,0.5870276275810037
Standard U-Net (Base),RET_Topcon_42cb4fb24bb11d6f79a2179e9a63251f_slice043.png,1,2505,2546,0.8803701449228664
Standard U-Net (Base),RET_Topcon_42cb4fb24bb11d6f79a2179e9a63251f_slice046.png,1,2344,2297,0.8761887012128028
Standard U-Net (Base),RET_Topcon_42cb4fb24bb11d6f79a2179e9a63251f_slice047.png,1,2315,2303,0.906197394165425
Standard U-Net (Base),RET_Topcon_42cb4fb24bb11d6f79a2179e9a63251f_slice048.png,1,2273,2362,0.8921920345569377
Standard U-Net (Base),RET_Topcon_42cb4fb24bb11d6f79a2179e9a63251f_slice050.png,1,2448,2490,0.8676843395298284
Standard U-Net (Base),RET_Topcon_42cb4fb24bb11d6f79a2179e9a63251f_slice051.png,1,2515,2555,0.8712389388904294
Standard U-Net (Base),RET_Topcon_42cb4fb24bb11d6f79a2179e9a63251f_slice052.png,1,2397,2451,0.8640810151945407
Standard U-Net (Base),RET_Topcon_42cb4fb24bb11d6f79a2179e9a63251f_slice054.png,1,2401,2475,0.8862862387454512
Standard U-Net (Base),RET_Topcon_42cb4fb24bb11d6f79a2179e9a63251f_slice055.png,1,2391,2380,0.8801150742456296
Standard U-Net (Base),RET_Topcon_42cb4fb24bb11d6f79a2179e9a63251f_slice057.png,1,2347,2371,0.8916586007827347
Standard U-Net (Base),RET_Topcon_42cb4fb24bb11d6f79a2179e9a63251f_slice058.png,1,2445,2453,0.8978721558391062
Standard U-Net (Base),RET_Topcon_42cb4fb24bb11d6f79a2179e9a63251f_slice059.png,1,1774,2084,0.8232954526947808
Standard U-Net (Base),RET_Topcon_42cb4fb24bb11d6f79a2179e9a63251f_slice062.png,1,2599,2612,0.8664046575062075
Standard U-Net (Base),RET_Topcon_42cb4fb24bb11d6f79a2179e9a63251f_slice063.png,1,2765,2774,0.8162497854015022
Standard U-Net (Base),RET_Topcon_42cb4fb24bb11d6f79a2179e9a63251f_slice064.png,1,2094,2054,0.8797050059923878
Standard U-Net (Base),RET_Topcon_42cb4fb24bb11d6f79a2179e9a63251f_slice065.png,1,1719,1770,0.9246890190739085
Standard U-Net (Base),RET_Topcon_42cb4fb24bb11d6f79a2179e9a63251f_slice066.png,1,2378,2341,0.9073975720400306
Standard U-Net (Base),RET_Topcon_42cb4fb24bb11d6f79a2179e9a63251f_slice067.png,1,2249,2303,0.8970098836387862
Standard U-Net (Base),RET_Topcon_42cb4fb24bb11d6f79a2179e9a63251f_slice069.png,1,1530,1594,0.8577671383926605
Standard U-Net (Base),RET_Topcon_42cb4fb24bb11d6f79a2179e9a63251f_slice072.png,1,2196,2197,0.9021351537148573
Standard U-Net (Base),RET_Topcon_42cb4fb24bb11d6f79a2179e9a63251f_slice073.png,1,2091,2178,0.8815101752947562
Standard U-Net (Base),RET_Topcon_42cb4fb24bb11d6f79a2179e9a63251f_slice075.png,1,2206,2221,0.8951763095524594
Standard U-Net (Base),RET_Topcon_42cb4fb24bb11d6f79a2179e9a63251f_slice076.png,1,2051,2121,0.8935619154272666
Standard U-Net (Base),RET_Topcon_42cb4fb24bb11d6f79a2179e9a63251f_slice077.png,1,1698,1887,0.8627238408450154
Standard U-Net (Base),RET_Topcon_42cb4fb24bb11d6f79a2179e9a63251f_slice078.png,1,2069,1985,0.8974682013757352
Standard U-Net (Base),RET_Topcon_42cb4fb24bb11d6f79a2179e9a63251f_slice080.png,1,2077,2120,0.8819482066997627
Standard U-Net (Base),RET_Topcon_42cb4fb24bb11d6f79a2179e9a63251f_slice082.png,1,1587,1754,0.8546598250310254
Standard U-Net (Base),RET_Topcon_42cb4fb24bb11d6f79a2179e9a63251f_slice083.png,1,2125,2174,0.8670900016730192
Standard U-Net (Base),RET_Topcon_42cb4fb24bb11d6f79a2179e9a63251f_slice084.png,1,1733,2041,0.8713796547341054
Standard U-Net (Base),RET_Topcon_42cb4fb24bb11d6f79a2179e9a63251f_slice085.png,1,1979,2125,0.8615249675586799
Standard U-Net (Base),RET_Topcon_42cb4fb24bb11d6f79a2179e9a63251f_slice086.png,1,1989,1998,0.9081631523091717
Standard U-Net (Base),RET_Topcon_42cb4fb24bb11d6f79a2179e9a63251f_slice087.png,1,2029,2089,0.880939270416262
Standard U-Net (Base),RET_Topcon_42cb4fb24bb11d6f79a2179e9a63251f_slice088.png,1,1889,1897,0.8984839120994076
Standard U-Net (Base),RET_Topcon_42cb4fb24bb11d6f79a2179e9a63251f_slice092.png,1,1858,1900,0.836983291625167
Standard U-Net (Base),RET_Topcon_42cb4fb24bb11d6f79a2179e9a63251f_slice093.png,1,1827,2055,0.8621886967505058
Standard U-Net (Base),RET_Topcon_42cb4fb24bb11d6f79a2179e9a63251f_slice096.png,1,1768,1826,0.8990076791668581
Standard U-Net (Base),RET_Topcon_42cb4fb24bb11d6f79a2179e9a63251f_slice097.png,1,1603,1635,0.8351766471681087
Standard U-Net (Base),RET_Topcon_42cb4fb24bb11d6f79a2179e9a63251f_slice098.png,1,1532,1566,0.8995800512695696
Standard U-Net (Base),RET_Topcon_42cb4fb24bb11d6f79a2179e9a63251f_slice099.png,1,1343,1430,0.9047831251005247
Standard U-Net (Base),RET_Topcon_42cb4fb24bb11d6f79a2179e9a63251f_slice100.png,1,1384,1558,0.9231093365977554
Standard U-Net (Base),RET_Topcon_42cb4fb24bb11d6f79a2179e9a63251f_slice101.png,1,1422,1551,0.8951903420047588
Standard U-Net (Base),RET_Topcon_42cb4fb24bb11d6f79a2179e9a63251f_slice102.png,1,1101,1247,0.8602497426354555
Standard U-Net (Base),RET_Topcon_42cb4fb24bb11d6f79a2179e9a63251f_slice103.png,1,882,831,0.8874723913314561
Standard U-Net (Base),RET_Topcon_42cb4fb24bb11d6f79a2179e9a63251f_slice104.png,1,804,1032,0.8282225875450352
Standard U-Net (Base),RET_Topcon_42cb4fb24bb11d6f79a2179e9a63251f_slice106.png,1,884,990,0.7814052952185208
Standard U-Net (Base),RET_Topcon_42cb4fb24bb11d6f79a2179e9a63251f_slice107.png,1,603,597,0.8364279583748134
Standard U-Net (Base),RET_Topcon_42cb4fb24bb11d6f79a2179e9a63251f_slice108.png,1,675,793,0.7762424203360792
Standard U-Net (Base),RET_Topcon_42cb4fb24bb11d6f79a2179e9a63251f_slice109.png,1,48,58,0.8867924444642222
Standard U-Net (Base),RET_Topcon_42cb4fb24bb11d6f79a2179e9a63251f_slice111.png,1,23,77,0.8510638116794934
Standard U-Net (Base),RET_Topcon_42cb4fb24bb11d6f79a2179e9a63251f_slice112.png,1,76,65,0.5040292918090948
Standard U-Net (Base),RET_Topcon_4a81402a272ad6cd3b2b53f05a65b384_slice034.png,1,106,79,0.6054054021329438
Standard U-Net (Base),RET_Topcon_4a81402a272ad6cd3b2b53f05a65b384_slice040.png,1,157,238,0.7139240488255088
Standard U-Net (Base),RET_Topcon_4a81402a272ad6cd3b2b53f05a65b384_slice041.png,1,336,350,0.7755102029511514
Standard U-Net (Base),RET_Topcon_4a81402a272ad6cd3b2b53f05a65b384_slice042.png,1,479,438,0.7745535705641143
Standard U-Net (Base),RET_Topcon_4a81402a272ad6cd3b2b53f05a65b384_slice043.png,1,422,451,0.724705881500346
Standard U-Net (Base),RET_Topcon_4a81402a272ad6cd3b2b53f05a65b384_slice044.png,1,566,576,0.7557117743798666
Standard U-Net (Base),RET_Topcon_4a81402a272ad6cd3b2b53f05a65b384_slice045.png,1,742,579,0.7232415896611302
Standard U-Net (Base),RET_Topcon_4a81402a272ad6cd3b2b53f05a65b384_slice046.png,1,344,517,0.6666666658786446
Standard U-Net (Base),RET_Topcon_4a81402a272ad6cd3b2b53f05a65b384_slice048.png,1,783,865,0.7829360095464641
Standard U-Net (Base),RET_Topcon_4a81402a272ad6cd3b2b53f05a65b384_slice049.png,1,1018,1065,0.6528599602303452
Standard U-Net (Base),RET_Topcon_4a81402a272ad6cd3b2b53f05a65b384_slice050.png,1,836,1072,0.7183324421601643
Standard U-Net (Base),RET_Topcon_4a81402a272ad6cd3b2b53f05a65b384_slice051.png,1,1407,1484,0.7607404817461613
Standard U-Net (Base),RET_Topcon_4a81402a272ad6cd3b2b53f05a65b384_slice052.png,1,977,1288,0.6815542649926064
Standard U-Net (Base),RET_Topcon_4a81402a272ad6cd3b2b53f05a65b384_slice053.png,1,1300,1295,0.8023121384191476
Standard U-Net (Base),RET_Topcon_4a81402a272ad6cd3b2b53f05a65b384_slice054.png,1,1116,1277,0.7941390462818181
Standard U-Net (Base),RET_Topcon_4a81402a272ad6cd3b2b53f05a65b384_slice055.png,1,1205,1348,0.8940656883898623
Standard U-Net (Base),RET_Topcon_4a81402a272ad6cd3b2b53f05a65b384_slice057.png,1,1052,1159,0.8492537288267618
Standard U-Net (Base),RET_Topcon_4a81402a272ad6cd3b2b53f05a65b384_slice058.png,1,1545,1341,0.8193844793878033
Standard U-Net (Base),RET_Topcon_4a81402a272ad6cd3b2b53f05a65b384_slice059.png,1,1008,1313,0.7747032044859581
Standard U-Net (Base),RET_Topcon_4a81402a272ad6cd3b2b53f05a65b384_slice060.png,1,1556,1623,0.8646994966865333
Standard U-Net (Base),RET_Topcon_4a81402a272ad6cd3b2b53f05a65b384_slice061.png,1,1416,1493,0.8511515981948603
Standard U-Net (Base),RET_Topcon_4a81402a272ad6cd3b2b53f05a65b384_slice062.png,1,1286,1379,0.8697936206867567
Standard U-Net (Base),RET_Topcon_4a81402a272ad6cd3b2b53f05a65b384_slice063.png,1,1335,1342,0.8694015804029351
Standard U-Net (Base),RET_Topcon_4a81402a272ad6cd3b2b53f05a65b384_slice067.png,1,648,650,0.8120184893589996
Standard U-Net (Base),RET_Topcon_4a81402a272ad6cd3b2b53f05a65b384_slice068.png,1,655,655,0.729770991809335
Standard U-Net (Base),RET_Topcon_4a81402a272ad6cd3b2b53f05a65b384_slice069.png,1,470,513,0.7676348539754825
Standard U-Net (Base),RET_Topcon_4a81402a272ad6cd3b2b53f05a65b384_slice070.png,1,346,429,0.7092391294711425
Standard U-Net (Base),RET_Topcon_4a81402a272ad6cd3b2b53f05a65b384_slice072.png,1,120,183,0.5346534635820017
Standard U-Net (Base),RET_Topcon_4a81402a272ad6cd3b2b53f05a65b384_slice080.png,0,0,0,
Standard U-Net (Base),RET_Topcon_4a81402a272ad6cd3b2b53f05a65b384_slice085.png,0,0,0,
Standard U-Net (Base),RET_Topcon_4a81402a272ad6cd3b2b53f05a65b384_slice100.png,0,0,0,
Standard U-Net (Base),RET_Topcon_4a81402a272ad6cd3b2b53f05a65b384_slice117.png,0,0,0,
Standard U-Net (Base),RET_Topcon_4a81402a272ad6cd3b2b53f05a65b384_slice127.png,0,0,0,
Standard U-Net (Base),RET_Topcon_5f00d030f20ae41591fc3ab521c21e29_slice013.png,0,0,0,
Standard U-Net (Base),RET_Topcon_5f00d030f20ae41591fc3ab521c21e29_slice028.png,0,0,0,
Standard U-Net (Base),RET_Topcon_5f00d030f20ae41591fc3ab521c21e29_slice030.png,0,0,0,
Standard U-Net (Base),RET_Topcon_5f00d030f20ae41591fc3ab521c21e29_slice031.png,0,0,0,
Standard U-Net (Base),RET_Topcon_5f00d030f20ae41591fc3ab521c21e29_slice034.png,1,30,35,0.8615384482840239
Standard U-Net (Base),RET_Topcon_5f00d030f20ae41591fc3ab521c21e29_slice035.png,1,14,17,0.8387096503642048
Standard U-Net (Base),RET_Topcon_5f00d030f20ae41591fc3ab521c21e29_slice037.png,1,69,68,0.817518242207896
Standard U-Net (Base),RET_Topcon_5f00d030f20ae41591fc3ab521c21e29_slice039.png,1,108,91,0.8844221061084316
Standard U-Net (Base),RET_Topcon_5f00d030f20ae41591fc3ab521c21e29_slice040.png,1,89,91,0.8333333287037037
Standard U-Net (Base),RET_Topcon_5f00d030f20ae41591fc3ab521c21e29_slice041.png,1,98,109,0.8309178703820392
Standard U-Net (Base),RET_Topcon_5f00d030f20ae41591fc3ab521c21e29_slice042.png,1,89,117,0.8349514522575172
Standard U-Net (Base),RET_Topcon_5f00d030f20ae41591fc3ab521c21e29_slice045.png,1,145,135,0.8714285683163265
Standard U-Net (Base),RET_Topcon_5f00d030f20ae41591fc3ab521c21e29_slice046.png,1,151,163,0.8280254750699826
Standard U-Net (Base),RET_Topcon_5f00d030f20ae41591fc3ab521c21e29_slice047.png,1,262,254,0.8643410835962382
Standard U-Net (Base),RET_Topcon_5f00d030f20ae41591fc3ab521c21e29_slice049.png,1,451,388,0.8963051240806852
Standard U-Net (Base),RET_Topcon_5f00d030f20ae41591fc3ab521c21e29_slice051.png,1,334,316,0.8676923063573965
Standard U-Net (Base),RET_Topcon_5f00d030f20ae41591fc3ab521c21e29_slice052.png,1,340,337,0.8862629233585482
Standard U-Net (Base),RET_Topcon_5f00d030f20ae41591fc3ab521c21e29_slice054.png,1,239,298,0.8342644304762301
Standard U-Net (Base),RET_Topcon_5f00d030f20ae41591fc3ab521c21e29_slice055.png,1,356,356,0.9297752795930122
Standard U-Net (Base),RET_Topcon_5f00d030f20ae41591fc3ab521c21e29_slice056.png,1,378,370,0.9171122982391546
Standard U-Net (Base),RET_Topcon_5f00d030f20ae41591fc3ab521c21e29_slice057.png,1,448,487,0.8919786086716807
Standard U-Net (Base),RET_Topcon_5f00d030f20ae41591fc3ab521c21e29_slice059.png,1,573,551,0.8861209956529171
Standard U-Net (Base),RET_Topcon_5f00d030f20ae41591fc3ab521c21e29_slice060.png,1,351,376,0.8665749644201169
Standard U-Net (Base),RET_Topcon_5f00d030f20ae41591fc3ab521c21e29_slice062.png,1,476,495,0.9062821823828195
Standard U-Net (Base),RET_Topcon_5f00d030f20ae41591fc3ab521c21e29_slice063.png,1,401,454,0.886549706565439
Standard U-Net (Base),RET_Topcon_5f00d030f20ae41591fc3ab521c21e29_slice064.png,1,314,383,0.843615493768127
Standard U-Net (Base),RET_Topcon_5f00d030f20ae41591fc3ab521c21e29_slice065.png,1,424,437,0.8943089420507445
Standard U-Net (Base),RET_Topcon_5f00d030f20ae41591fc3ab521c21e29_slice067.png,1,581,591,0.9180887364180129
Standard U-Net (Base),RET_Topcon_5f00d030f20ae41591fc3ab521c21e29_slice068.png,1,699,691,0.9079136684115728
Standard U-Net (Base),RET_Topcon_5f00d030f20ae41591fc3ab521c21e29_slice069.png,1,656,664,0.8969696962901744
Standard U-Net (Base),RET_Topcon_5f00d030f20ae41591fc3ab521c21e29_slice070.png,1,518,523,0.8876080683116155
Standard U-Net (Base),RET_Topcon_5f00d030f20ae41591fc3ab521c21e29_slice071.png,1,635,606,0.8928283635029586
Standard U-Net (Base),RET_Topcon_5f00d030f20ae41591fc3ab521c21e29_slice072.png,1,509,513,0.9060665353169604
Standard U-Net (Base),RET_Topcon_5f00d030f20ae41591fc3ab521c21e29_slice073.png,1,440,467,0.8754134499719808
Standard U-Net (Base),RET_Topcon_5f00d030f20ae41591fc3ab521c21e29_slice074.png,1,523,490,0.9220138194254552
Standard U-Net (Base),RET_Topcon_5f00d030f20ae41591fc3ab521c21e29_slice076.png,1,430,477,0.9239250265447354
Standard U-Net (Base),RET_Topcon_5f00d030f20ae41591fc3ab521c21e29_slice077.png,1,491,475,0.8881987568445148
Standard U-Net (Base),RET_Topcon_5f00d030f20ae41591fc3ab521c21e29_slice078.png,1,385,415,0.892499998884375
Standard U-Net (Base),RET_Topcon_5f00d030f20ae41591fc3ab521c21e29_slice080.png,1,417,399,0.9191176459324538
Standard U-Net (Base),RET_Topcon_5f00d030f20ae41591fc3ab521c21e29_slice081.png,1,492,442,0.9122055664751546
Standard U-Net (Base),RET_Topcon_5f00d030f20ae41591fc3ab521c21e29_slice083.png,1,490,478,0.9152892552528004
Standard U-Net (Base),RET_Topcon_5f00d030f20ae41591fc3ab521c21e29_slice084.png,1,468,469,0.9391675550275693
Standard U-Net (Base),RET_Topcon_5f00d030f20ae41591fc3ab521c21e29_slice085.png,1,444,480,0.900432899458406
Standard U-Net (Base),RET_Topcon_5f00d030f20ae41591fc3ab521c21e29_slice086.png,1,414,398,0.9187192106912325
Standard U-Net (Base),RET_Topcon_5f00d030f20ae41591fc3ab521c21e29_slice087.png,1,358,376,0.9155313339025458
Standard U-Net (Base),RET_Topcon_5f00d030f20ae41591fc3ab521c21e29_slice088.png,1,358,353,0.942334738477729
Standard U-Net (Base),RET_Topcon_5f00d030f20ae41591fc3ab521c21e29_slice089.png,1,329,319,0.9320987639936748
Standard U-Net (Base),RET_Topcon_5f00d030f20ae41591fc3ab521c21e29_slice090.png,1,299,323,0.9003215419608979
Standard U-Net (Base),RET_Topcon_5f00d030f20ae41591fc3ab521c21e29_slice091.png,1,393,323,0.8407821217307512
Standard U-Net (Base),RET_Topcon_5f00d030f20ae41591fc3ab521c21e29_slice094.png,1,98,97,0.8615384571203156
Standard U-Net (Base),RET_Topcon_5f00d030f20ae41591fc3ab521c21e29_slice098.png,1,31,31,0.7419354719042666
Standard U-Net (Base),RET_Topcon_5f00d030f20ae41591fc3ab521c21e29_slice101.png,0,0,0,
Standard U-Net (Base),RET_Topcon_5f00d030f20ae41591fc3ab521c21e29_slice107.png,1,13,20,0.7272727052341605
Standard U-Net (Base),RET_Topcon_5f00d030f20ae41591fc3ab521c21e29_slice111.png,0,0,0,
Standard U-Net (Base),RET_Topcon_628be4afa549cfc60031b1450215618b_slice001.png,1,1389,1408,0.9374329635547255
Standard U-Net (Base),RET_Topcon_628be4afa549cfc60031b1450215618b_slice002.png,1,1307,1330,0.953356086100358
Standard U-Net (Base),RET_Topcon_628be4afa549cfc60031b1450215618b_slice003.png,1,1271,1300,0.9397121738857596
Standard U-Net (Base),RET_Topcon_628be4afa549cfc60031b1450215618b_slice004.png,1,1140,1134,0.9481090585100664
Standard U-Net (Base),RET_Topcon_628be4afa549cfc60031b1450215618b_slice005.png,1,992,985,0.9468892256211991
Standard U-Net (Base),RET_Topcon_628be4afa549cfc60031b1450215618b_slice006.png,1,842,832,0.9414575860564769
Standard U-Net (Base),RET_Topcon_628be4afa549cfc60031b1450215618b_slice007.png,1,674,678,0.9230769223941738
Standard U-Net (Base),RET_Topcon_628be4afa549cfc60031b1450215618b_slice009.png,1,499,501,0.937999999062
Standard U-Net (Base),RET_Topcon_628be4afa549cfc60031b1450215618b_slice010.png,1,397,400,0.9134253438978353
Standard U-Net (Base),RET_Topcon_628be4afa549cfc60031b1450215618b_slice011.png,1,441,446,0.9154453202757099
Standard U-Net (Base),RET_Topcon_628be4afa549cfc60031b1450215618b_slice014.png,1,442,433,0.8891428561266939
Standard U-Net (Base),RET_Topcon_628be4afa549cfc60031b1450215618b_slice015.png,1,337,363,0.9171428558326531
Standard U-Net (Base),RET_Topcon_628be4afa549cfc60031b1450215618b_slice016.png,1,302,298,0.8966666651722223
Standard U-Net (Base),RET_Topcon_628be4afa549cfc60031b1450215618b_slice017.png,1,270,260,0.920754715243859
Standard U-Net (Base),RET_Topcon_628be4afa549cfc60031b1450215618b_slice020.png,1,80,80,0.899999994375
Standard U-Net (Base),RET_Topcon_628be4afa549cfc60031b1450215618b_slice022.png,1,29,29,0.8620689506539837
Standard U-Net (Base),RET_Topcon_628be4afa549cfc60031b1450215618b_slice023.png,1,47,44,0.9230769129332208
Standard U-Net (Base),RET_Topcon_628be4afa549cfc60031b1450215618b_slice024.png,1,33,36,0.8695652047889101
Standard U-Net (Base),RET_Topcon_628be4afa549cfc60031b1450215618b_slice025.png,1,19,28,0.7659574305115441
Standard U-Net (Base),RET_Topcon_628be4afa549cfc60031b1450215618b_slice030.png,0,0,0,
Standard U-Net (Base),RET_Topcon_628be4afa549cfc60031b1450215618b_slice039.png,0,0,0,
Standard U-Net (Base),RET_Topcon_628be4afa549cfc60031b1450215618b_slice047.png,0,0,0,
Standard U-Net (Base),RET_Topcon_6a415aca0a1cebc8412615b6ea906727_slice001.png,0,0,0,
Standard U-Net (Base),RET_Topcon_6a415aca0a1cebc8412615b6ea906727_slice006.png,0,0,0,
Standard U-Net (Base),RET_Topcon_6a415aca0a1cebc8412615b6ea906727_slice011.png,0,0,0,
Standard U-Net (Base),RET_Topcon_6a415aca0a1cebc8412615b6ea906727_slice021.png,1,213,280,0.8946135810430595
Standard U-Net (Base),RET_Topcon_6a415aca0a1cebc8412615b6ea906727_slice023.png,1,361,389,0.9201497110715491
Standard U-Net (Base),RET_Topcon_6a415aca0a1cebc8412615b6ea906727_slice024.png,1,421,474,0.8659436536912433
Standard U-Net (Base),RET_Topcon_6a415aca0a1cebc8412615b6ea906727_slice026.png,1,557,536,0.8770210563058386
Standard U-Net (Base),RET_Topcon_6a415aca0a1cebc8412615b6ea906727_slice028.png,1,877,804,0.8819502513425823
Standard U-Net (Base),RET_Topcon_6a415aca0a1cebc8412615b6ea906727_slice029.png,1,1305,1236,0.9138511661121549
Standard U-Net (Base),RET_Topcon_6a415aca0a1cebc8412615b6ea906727_slice031.png,1,1468,1605,0.8840008607665393
Standard U-Net (Base),RET_Topcon_6a415aca0a1cebc8412615b6ea906727_slice033.png,1,1875,1840,0.9121087415291378
Standard U-Net (Base),RET_Topcon_6a415aca0a1cebc8412615b6ea906727_slice034.png,1,1925,2023,0.8993798317918902
Standard U-Net (Base),RET_Topcon_6a415aca0a1cebc8412615b6ea906727_slice036.png,1,2400,2360,0.9172274643152711
Standard U-Net (Base),RET_Topcon_6a415aca0a1cebc8412615b6ea906727_slice037.png,1,2523,2620,0.9239314824810354
Standard U-Net (Base),RET_Topcon_6a415aca0a1cebc8412615b6ea906727_slice038.png,1,3199,2940,0.9160641668383211
Standard U-Net (Base),RET_Topcon_6a415aca0a1cebc8412615b6ea906727_slice039.png,1,2895,2810,0.9304906579036254
Standard U-Net (Base),RET_Topcon_6a415aca0a1cebc8412615b6ea906727_slice043.png,1,4183,4204,0.9416031891140295
Standard U-Net (Base),RET_Topcon_6a415aca0a1cebc8412615b6ea906727_slice045.png,1,4747,4852,0.9272030641155601
Standard U-Net (Base),RET_Topcon_6a415aca0a1cebc8412615b6ea906727_slice047.png,1,4990,5047,0.9331803651449275
Standard U-Net (Base),RET_Topcon_6a415aca0a1cebc8412615b6ea906727_slice048.png,1,5243,5179,0.9198149771648093
Standard U-Net (Base),RET_Topcon_6a415aca0a1cebc8412615b6ea906727_slice049.png,1,3929,4175,0.9183993020306587
Standard U-Net (Base),RET_Topcon_6a415aca0a1cebc8412615b6ea906727_slice050.png,1,4816,4776,0.8930133634843901
Standard U-Net (Base),RET_Topcon_6a415aca0a1cebc8412615b6ea906727_slice051.png,1,4856,5001,0.9595211523831265
Standard U-Net (Base),RET_Topcon_6a415aca0a1cebc8412615b6ea906727_slice052.png,1,5462,5608,0.9636856367693147
Standard U-Net (Base),RET_Topcon_6a415aca0a1cebc8412615b6ea906727_slice053.png,1,5274,5618,0.9513404332582317
Standard U-Net (Base),RET_Topcon_6a415aca0a1cebc8412615b6ea906727_slice056.png,1,6102,6346,0.9643316194598063
Standard U-Net (Base),RET_Topcon_6a415aca0a1cebc8412615b6ea906727_slice057.png,1,6250,6739,0.9510241798127965
Standard U-Net (Base),RET_Topcon_6a415aca0a1cebc8412615b6ea906727_slice058.png,1,6777,6969,0.889932838193942
Standard U-Net (Base),RET_Topcon_6a415aca0a1cebc8412615b6ea906727_slice059.png,1,5980,6522,0.8736351362645136
Standard U-Net (Base),RET_Topcon_6a415aca0a1cebc8412615b6ea906727_slice061.png,1,5945,6218,0.9125462366641919
Standard U-Net (Base),RET_Topcon_6a415aca0a1cebc8412615b6ea906727_slice062.png,1,6289,6367,0.93689582183851
Standard U-Net (Base),RET_Topcon_6a415aca0a1cebc8412615b6ea906727_slice063.png,1,6580,6824,0.9175369111715052
Standard U-Net (Base),RET_Topcon_6a415aca0a1cebc8412615b6ea906727_slice064.png,1,6505,6634,0.9230104148919424
Standard U-Net (Base),RET_Topcon_6a415aca0a1cebc8412615b6ea906727_slice065.png,1,6825,7035,0.9046988840245827
Standard U-Net (Base),RET_Topcon_6a415aca0a1cebc8412615b6ea906727_slice067.png,1,6307,6666,0.9623063284543045
Standard U-Net (Base),RET_Topcon_6a415aca0a1cebc8412615b6ea906727_slice068.png,1,6762,7010,0.9657026594269944
Standard U-Net (Base),RET_Topcon_6a415aca0a1cebc8412615b6ea906727_slice070.png,1,7015,7217,0.9667533562264178
Standard U-Net (Base),RET_Topcon_6a415aca0a1cebc8412615b6ea906727_slice071.png,1,6415,6596,0.9620292082273613
Standard U-Net (Base),RET_Topcon_6a415aca0a1cebc8412615b6ea906727_slice072.png,1,6194,6588,0.9633860115034121
Standard U-Net (Base),RET_Topcon_6a415aca0a1cebc8412615b6ea906727_slice073.png,1,7440,7643,0.9769793745191631
Standard U-Net (Base),RET_Topcon_6a415aca0a1cebc8412615b6ea906727_slice076.png,1,7884,8037,0.9027639868931913
Standard U-Net (Base),RET_Topcon_6a415aca0a1cebc8412615b6ea906727_slice077.png,1,7952,7910,0.8776233959580053
Standard U-Net (Base),RET_Topcon_6a415aca0a1cebc8412615b6ea906727_slice078.png,1,7280,7485,0.7645076653274281
Standard U-Net (Base),RET_Topcon_6a415aca0a1cebc8412615b6ea906727_slice079.png,1,6742,6899,0.8986393025553825
Standard U-Net (Base),RET_Topcon_6a415aca0a1cebc8412615b6ea906727_slice080.png,1,6470,6750,0.9285985125695837
Standard U-Net (Base),RET_Topcon_6a415aca0a1cebc8412615b6ea906727_slice081.png,1,6471,6537,0.8825326151335663
Standard U-Net (Base),RET_Topcon_6a415aca0a1cebc8412615b6ea906727_slice082.png,1,6101,6201,0.9069843127194517
Standard U-Net (Base),RET_Topcon_6a415aca0a1cebc8412615b6ea906727_slice083.png,1,6082,6127,0.9296978538701005
Standard U-Net (Base),RET_Topcon_6a415aca0a1cebc8412615b6ea906727_slice084.png,1,5106,5444,0.929462459999722
Standard U-Net (Base),RET_Topcon_6a415aca0a1cebc8412615b6ea906727_slice085.png,1,5286,5407,0.9164883650586754
Standard U-Net (Base),RET_Topcon_6a415aca0a1cebc8412615b6ea906727_slice087.png,1,5722,5809,0.9258545025618152
Standard U-Net (Base),RET_Topcon_6a415aca0a1cebc8412615b6ea906727_slice088.png,1,5486,5740,0.9285016278976751
Standard U-Net (Base),RET_Topcon_6a415aca0a1cebc8412615b6ea906727_slice089.png,1,6082,5668,0.9164704396302941
Standard U-Net (Base),RET_Topcon_6a415aca0a1cebc8412615b6ea906727_slice091.png,1,5030,5166,0.9321075985424251
Standard U-Net (Base),RET_Topcon_6a415aca0a1cebc8412615b6ea906727_slice092.png,1,4905,4984,0.9246771031872518
Standard U-Net (Base),RET_Topcon_6a415aca0a1cebc8412615b6ea906727_slice093.png,1,3176,3212,0.9156329418863286
Standard U-Net (Base),RET_Topcon_6a415aca0a1cebc8412615b6ea906727_slice094.png,1,2921,3240,0.9163047146940986
Standard U-Net (Base),RET_Topcon_6a415aca0a1cebc8412615b6ea906727_slice096.png,1,3913,3880,0.9236104826376572
Standard U-Net (Base),RET_Topcon_6a415aca0a1cebc8412615b6ea906727_slice098.png,1,3360,3523,0.9094351409030447
Standard U-Net (Base),RET_Topcon_6a415aca0a1cebc8412615b6ea906727_slice100.png,1,3055,3174,0.9154274909513525
Standard U-Net (Base),RET_Topcon_6a415aca0a1cebc8412615b6ea906727_slice101.png,1,2820,2978,0.9272344775306054
Standard U-Net (Base),RET_Topcon_6a415aca0a1cebc8412615b6ea906727_slice102.png,1,3069,3117,0.9387888610242494
Standard U-Net (Base),RET_Topcon_6a415aca0a1cebc8412615b6ea906727_slice103.png,1,3196,3053,0.8873881981047261
Standard U-Net (Base),RET_Topcon_6a415aca0a1cebc8412615b6ea906727_slice104.png,1,2324,2456,0.9277383705727866
Standard U-Net (Base),RET_Topcon_6a415aca0a1cebc8412615b6ea906727_slice106.png,1,2273,2472,0.9078927081291075
Standard U-Net (Base),RET_Topcon_6a415aca0a1cebc8412615b6ea906727_slice107.png,1,2282,2146,0.8983234604585963
Standard U-Net (Base),RET_Topcon_6a415aca0a1cebc8412615b6ea906727_slice109.png,1,1819,1782,0.9027444002643589
Standard U-Net (Base),RET_Topcon_6a415aca0a1cebc8412615b6ea906727_slice112.png,1,1090,1086,0.8869216081609367
Standard U-Net (Base),RET_Topcon_6a415aca0a1cebc8412615b6ea906727_slice113.png,1,895,923,0.862708706711719
Standard U-Net (Base),RET_Topcon_6a415aca0a1cebc8412615b6ea906727_slice117.png,0,0,139,
Standard U-Net (Base),RET_Topcon_6a415aca0a1cebc8412615b6ea906727_slice118.png,1,87,114,0.8690476138747166
Standard U-Net (Base),RET_Topcon_6a415aca0a1cebc8412615b6ea906727_slice124.png,0,0,0,
Standard U-Net (Base),RET_Topcon_6b8b347ce289f864c8ede14da9409f55_slice009.png,0,0,0,
Standard U-Net (Base),RET_Topcon_6b8b347ce289f864c8ede14da9409f55_slice019.png,0,0,0,
Standard U-Net (Base),RET_Topcon_6b8b347ce289f864c8ede14da9409f55_slice024.png,0,0,0,
Standard U-Net (Base),RET_Topcon_6b8b347ce289f864c8ede14da9409f55_slice032.png,0,0,0,
Standard U-Net (Base),RET_Topcon_6b8b347ce289f864c8ede14da9409f55_slice043.png,0,0,0,
Standard U-Net (Base),RET_Topcon_6b8b347ce289f864c8ede14da9409f55_slice047.png,1,24,27,0.8235293956170707
Standard U-Net (Base),RET_Topcon_6b8b347ce289f864c8ede14da9409f55_slice048.png,1,18,33,0.6274509680891968
Standard U-Net (Base),RET_Topcon_6b8b347ce289f864c8ede14da9409f55_slice050.png,1,93,83,0.6543209836153026
Standard U-Net (Base),RET_Topcon_6b8b347ce289f864c8ede14da9409f55_slice051.png,1,111,94,0.7609756060440215
Standard U-Net (Base),RET_Topcon_6b8b347ce289f864c8ede14da9409f55_slice052.png,1,135,103,0.7226890725937434
Standard U-Net (Base),RET_Topcon_6b8b347ce289f864c8ede14da9409f55_slice053.png,1,166,120,0.8041958013839308
Standard U-Net (Base),RET_Topcon_6b8b347ce289f864c8ede14da9409f55_slice054.png,1,172,191,0.7768595019921226
Standard U-Net (Base),RET_Topcon_6b8b347ce289f864c8ede14da9409f55_slice055.png,1,215,218,0.8083140858930391
Standard U-Net (Base),RET_Topcon_6b8b347ce289f864c8ede14da9409f55_slice057.png,1,476,449,0.8864864855281227
Standard U-Net (Base),RET_Topcon_6b8b347ce289f864c8ede14da9409f55_slice061.png,1,742,779,0.9059829053872565
Standard U-Net (Base),RET_Topcon_6b8b347ce289f864c8ede14da9409f55_slice062.png,1,927,900,0.9162561571339594
Standard U-Net (Base),RET_Topcon_6b8b347ce289f864c8ede14da9409f55_slice063.png,1,895,969,0.9399141625858829
Standard U-Net (Base),RET_Topcon_6b8b347ce289f864c8ede14da9409f55_slice065.png,1,969,1030,0.9254627309027199
Standard U-Net (Base),RET_Topcon_6b8b347ce289f864c8ede14da9409f55_slice066.png,1,1110,1178,0.9064685310723477
Standard U-Net (Base),RET_Topcon_6b8b347ce289f864c8ede14da9409f55_slice071.png,1,719,716,0.9240418112027583
Standard U-Net (Base),RET_Topcon_6b8b347ce289f864c8ede14da9409f55_slice072.png,1,427,428,0.8748538001463698
Standard U-Net (Base),RET_Topcon_6b8b347ce289f864c8ede14da9409f55_slice073.png,1,183,170,0.872521243987192
Standard U-Net (Base),RET_Topcon_6b8b347ce289f864c8ede14da9409f55_slice074.png,1,116,121,0.8270042159198134
Standard U-Net (Base),RET_Topcon_6b8b347ce289f864c8ede14da9409f55_slice076.png,1,63,67,0.8615384549112427
Standard U-Net (Base),RET_Topcon_6b8b347ce289f864c8ede14da9409f55_slice077.png,1,149,108,0.7782101137034626
Standard U-Net (Base),RET_Topcon_6b8b347ce289f864c8ede14da9409f55_slice078.png,1,78,69,0.7482993146374196
Standard U-Net (Base),RET_Topcon_6b8b347ce289f864c8ede14da9409f55_slice079.png,1,50,39,0.8314606648150488
Standard U-Net (Base),RET_Topcon_6b8b347ce289f864c8ede14da9409f55_slice080.png,1,34,41,0.7999999893333335
Standard U-Net (Base),RET_Topcon_6b8b347ce289f864c8ede14da9409f55_slice082.png,0,0,0,
Standard U-Net (Base),RET_Topcon_6b8b347ce289f864c8ede14da9409f55_slice093.png,0,0,0,
Standard U-Net (Base),RET_Topcon_6b8b347ce289f864c8ede14da9409f55_slice116.png,0,0,0,
Standard U-Net (Base),RET_Topcon_925be035f892c77a9455bf5246918c15_slice007.png,0,0,0,
Standard U-Net (Base),RET_Topcon_925be035f892c77a9455bf5246918c15_slice023.png,1,11,14,0.8799999648000014
Standard U-Net (Base),RET_Topcon_925be035f892c77a9455bf5246918c15_slice024.png,1,48,48,0.8749999908854168
Standard U-Net (Base),RET_Topcon_925be035f892c77a9455bf5246918c15_slice026.png,1,41,42,0.8192770985629265
Standard U-Net (Base),RET_Topcon_925be035f892c77a9455bf5246918c15_slice028.png,1,75,53,0.6718749947509766
Standard U-Net (Base),RET_Topcon_925be035f892c77a9455bf5246918c15_slice030.png,1,51,67,0.7627118579431199
Standard U-Net (Base),RET_Topcon_925be035f892c77a9455bf5246918c15_slice031.png,1,45,41,0.6511627831260142
Standard U-Net (Base),RET_Topcon_925be035f892c77a9455bf5246918c15_slice032.png,1,135,119,0.8110236188542377
Standard U-Net (Base),RET_Topcon_925be035f892c77a9455bf5246918c15_slice034.png,1,187,142,0.7416413351317893
Standard U-Net (Base),RET_Topcon_925be035f892c77a9455bf5246918c15_slice036.png,1,142,160,0.6821192030393404
Standard U-Net (Base),RET_Topcon_925be035f892c77a9455bf5246918c15_slice037.png,1,168,158,0.803680979129813
Standard U-Net (Base),RET_Topcon_925be035f892c77a9455bf5246918c15_slice039.png,1,219,163,0.6596858621474192
Standard U-Net (Base),RET_Topcon_925be035f892c77a9455bf5246918c15_slice040.png,1,36,65,0.6732673200666602
Standard U-Net (Base),RET_Topcon_925be035f892c77a9455bf5246918c15_slice042.png,1,90,81,0.8421052582333026
Standard U-Net (Base),RET_Topcon_925be035f892c77a9455bf5246918c15_slice043.png,1,23,26,0.8163265139525202
Standard U-Net (Base),RET_Topcon_925be035f892c77a9455bf5246918c15_slice044.png,1,202,151,0.6912181283534897
Standard U-Net (Base),RET_Topcon_925be035f892c77a9455bf5246918c15_slice045.png,1,241,257,0.7710843358010355
Standard U-Net (Base),RET_Topcon_925be035f892c77a9455bf5246918c15_slice046.png,1,238,205,0.6952595921100235
Standard U-Net (Base),RET_Topcon_925be035f892c77a9455bf5246918c15_slice047.png,1,616,628,0.840836012185823
Standard U-Net (Base),RET_Topcon_925be035f892c77a9455bf5246918c15_slice048.png,1,489,401,0.7797752800227244
Standard U-Net (Base),RET_Topcon_925be035f892c77a9455bf5246918c15_slice049.png,1,348,374,0.8227146803009492
Standard U-Net (Base),RET_Topcon_925be035f892c77a9455bf5246918c15_slice050.png,1,597,713,0.7770992360480158
Standard U-Net (Base),RET_Topcon_925be035f892c77a9455bf5246918c15_slice051.png,1,695,800,0.7304347821201105
Standard U-Net (Base),RET_Topcon_925be035f892c77a9455bf5246918c15_slice053.png,1,780,723,0.7278775776926961
Standard U-Net (Base),RET_Topcon_925be035f892c77a9455bf5246918c15_slice055.png,1,926,1025,0.778062531636052
Standard U-Net (Base),RET_Topcon_925be035f892c77a9455bf5246918c15_slice056.png,1,731,992,0.7782697942616839
Standard U-Net (Base),RET_Topcon_925be035f892c77a9455bf5246918c15_slice057.png,1,1495,1368,0.8447248507379164
Standard U-Net (Base),RET_Topcon_925be035f892c77a9455bf5246918c15_slice058.png,1,1282,1314,0.8490342921367623
Standard U-Net (Base),RET_Topcon_925be035f892c77a9455bf5246918c15_slice060.png,1,1696,1569,0.8577210515909756
Standard U-Net (Base),RET_Topcon_925be035f892c77a9455bf5246918c15_slice062.png,1,2087,1986,0.9037754769747204
Standard U-Net (Base),RET_Topcon_925be035f892c77a9455bf5246918c15_slice063.png,1,1563,1709,0.8445710602926766
Standard U-Net (Base),RET_Topcon_925be035f892c77a9455bf5246918c15_slice064.png,1,1228,1237,0.8129654126628381
Standard U-Net (Base),RET_Topcon_925be035f892c77a9455bf5246918c15_slice065.png,1,1546,1652,0.8123619367161623
Standard U-Net (Base),RET_Topcon_925be035f892c77a9455bf5246918c15_slice067.png,1,2647,2278,0.8809671646820059
Standard U-Net (Base),RET_Topcon_925be035f892c77a9455bf5246918c15_slice068.png,1,1952,1851,0.7931100924273007
Standard U-Net (Base),RET_Topcon_925be035f892c77a9455bf5246918c15_slice069.png,1,1491,1566,0.861018539375445
Standard U-Net (Base),RET_Topcon_925be035f892c77a9455bf5246918c15_slice070.png,1,1177,1182,0.8421142247869174
Standard U-Net (Base),RET_Topcon_925be035f892c77a9455bf5246918c15_slice071.png,1,1657,1612,0.8795015617850259
Standard U-Net (Base),RET_Topcon_925be035f892c77a9455bf5246918c15_slice072.png,1,1317,1449,0.8656699155890039
Standard U-Net (Base),RET_Topcon_925be035f892c77a9455bf5246918c15_slice073.png,1,1081,1105,0.8856742879674876
Standard U-Net (Base),RET_Topcon_925be035f892c77a9455bf5246918c15_slice074.png,1,1117,1199,0.8355205595645142
Standard U-Net (Base),RET_Topcon_925be035f892c77a9455bf5246918c15_slice075.png,1,976,1017,0.8504338944101919
Standard U-Net (Base),RET_Topcon_925be035f892c77a9455bf5246918c15_slice076.png,1,992,1067,0.8393731631540777
Standard U-Net (Base),RET_Topcon_925be035f892c77a9455bf5246918c15_slice077.png,1,813,846,0.7917425617536474
Standard U-Net (Base),RET_Topcon_925be035f892c77a9455bf5246918c15_slice078.png,1,750,813,0.7824967819932452
Standard U-Net (Base),RET_Topcon_925be035f892c77a9455bf5246918c15_slice079.png,1,641,701,0.8002980619967972
Standard U-Net (Base),RET_Topcon_925be035f892c77a9455bf5246918c15_slice080.png,1,510,421,0.758324381570006
Standard U-Net (Base),RET_Topcon_925be035f892c77a9455bf5246918c15_slice081.png,1,282,292,0.8606271762009979
Standard U-Net (Base),RET_Topcon_925be035f892c77a9455bf5246918c15_slice082.png,1,140,196,0.726190474029195
Standard U-Net (Base),RET_Topcon_925be035f892c77a9455bf5246918c15_slice083.png,1,132,134,0.7894736812425801
Standard U-Net (Base),RET_Topcon_925be035f892c77a9455bf5246918c15_slice084.png,1,110,106,0.7314814780949932
Standard U-Net (Base),RET_Topcon_925be035f892c77a9455bf5246918c15_slice086.png,1,171,162,0.8288288263398533
Standard U-Net (Base),RET_Topcon_925be035f892c77a9455bf5246918c15_slice088.png,1,32,33,0.7384615271005919
Standard U-Net (Base),RET_Topcon_925be035f892c77a9455bf5246918c15_slice089.png,1,146,168,0.8343949018012902
Standard U-Net (Base),RET_Topcon_925be035f892c77a9455bf5246918c15_slice090.png,1,97,98,0.8512820469165023
Standard U-Net (Base),RET_Topcon_925be035f892c77a9455bf5246918c15_slice091.png,1,96,103,0.8140703476679882
Standard U-Net (Base),RET_Topcon_925be035f892c77a9455bf5246918c15_slice092.png,1,60,72,0.6969696916896235
Standard U-Net (Base),RET_Topcon_925be035f892c77a9455bf5246918c15_slice093.png,1,100,89,0.7513227473474987
Standard U-Net (Base),RET_Topcon_925be035f892c77a9455bf5246918c15_slice095.png,1,43,43,0.8372092925905896
Standard U-Net (Base),RET_Topcon_925be035f892c77a9455bf5246918c15_slice096.png,1,58,60,0.8644067723355359
Standard U-Net (Base),RET_Topcon_925be035f892c77a9455bf5246918c15_slice099.png,1,63,55,0.8644067723355359
Standard U-Net (Base),RET_Topcon_925be035f892c77a9455bf5246918c15_slice100.png,1,30,38,0.7941176353806231
Standard U-Net (Base),RET_Topcon_925be035f892c77a9455bf5246918c15_slice118.png,0,0,0,
Standard U-Net (Base),RET_Topcon_9dec9f34c1ec8f000b9dd6ff567ba95a_slice001.png,0,0,0,
Standard U-Net (Base),RET_Topcon_9dec9f34c1ec8f000b9dd6ff567ba95a_slice011.png,0,0,0,
Standard U-Net (Base),RET_Topcon_9dec9f34c1ec8f000b9dd6ff567ba95a_slice013.png,0,0,0,
Standard U-Net (Base),RET_Topcon_9dec9f34c1ec8f000b9dd6ff567ba95a_slice041.png,0,0,71,
Standard U-Net (Base),RET_Topcon_9dec9f34c1ec8f000b9dd6ff567ba95a_slice044.png,1,421,363,0.7551020398531861
Standard U-Net (Base),RET_Topcon_9dec9f34c1ec8f000b9dd6ff567ba95a_slice045.png,1,286,195,0.6777546763456244
Standard U-Net (Base),RET_Topcon_9dec9f34c1ec8f000b9dd6ff567ba95a_slice049.png,1,273,283,0.8057553942342529
Standard U-Net (Base),RET_Topcon_9dec9f34c1ec8f000b9dd6ff567ba95a_slice052.png,1,741,744,0.7824915819646521
Standard U-Net (Base),RET_Topcon_9dec9f34c1ec8f000b9dd6ff567ba95a_slice054.png,1,608,937,0.730097086906086
Standard U-Net (Base),RET_Topcon_9dec9f34c1ec8f000b9dd6ff567ba95a_slice055.png,1,1621,1655,0.8064713062251309
Standard U-Net (Base),RET_Topcon_9dec9f34c1ec8f000b9dd6ff567ba95a_slice056.png,1,1259,1467,0.8217168008724444
Standard U-Net (Base),RET_Topcon_9dec9f34c1ec8f000b9dd6ff567ba95a_slice057.png,1,1816,1805,0.9085887873768052
Standard U-Net (Base),RET_Topcon_9dec9f34c1ec8f000b9dd6ff567ba95a_slice058.png,1,2288,2201,0.846068166441063
Standard U-Net (Base),RET_Topcon_9dec9f34c1ec8f000b9dd6ff567ba95a_slice059.png,1,2269,2321,0.8448801741078692
Standard U-Net (Base),RET_Topcon_9dec9f34c1ec8f000b9dd6ff567ba95a_slice060.png,1,1997,2146,0.8645908759679963
Standard U-Net (Base),RET_Topcon_9dec9f34c1ec8f000b9dd6ff567ba95a_slice061.png,1,2190,2412,0.8574532809957728
Standard U-Net (Base),RET_Topcon_9dec9f34c1ec8f000b9dd6ff567ba95a_slice062.png,1,1705,1911,0.903207964351989
Standard U-Net (Base),RET_Topcon_9dec9f34c1ec8f000b9dd6ff567ba95a_slice063.png,1,2481,2770,0.8261283563461953
Standard U-Net (Base),RET_Topcon_9dec9f34c1ec8f000b9dd6ff567ba95a_slice064.png,1,3076,2972,0.9183201056682672
Standard U-Net (Base),RET_Topcon_9dec9f34c1ec8f000b9dd6ff567ba95a_slice066.png,1,2693,2683,0.9423363093485236
Standard U-Net (Base),RET_Topcon_9dec9f34c1ec8f000b9dd6ff567ba95a_slice068.png,1,2649,2635,0.908024223900828
Standard U-Net (Base),RET_Topcon_9dec9f34c1ec8f000b9dd6ff567ba95a_slice070.png,1,2870,2843,0.9130054260610877
Standard U-Net (Base),RET_Topcon_9dec9f34c1ec8f000b9dd6ff567ba95a_slice071.png,1,1869,1799,0.8740458012884281
Standard U-Net (Base),RET_Topcon_9dec9f34c1ec8f000b9dd6ff567ba95a_slice072.png,1,1868,1708,0.8691275165354789
Standard U-Net (Base),RET_Topcon_9dec9f34c1ec8f000b9dd6ff567ba95a_slice075.png,1,1111,1123,0.8424350936246934
Standard U-Net (Base),RET_Topcon_9dec9f34c1ec8f000b9dd6ff567ba95a_slice076.png,1,1378,1161,0.7449743788943736
Standard U-Net (Base),RET_Topcon_9dec9f34c1ec8f000b9dd6ff567ba95a_slice078.png,1,673,808,0.7890410953499718
Standard U-Net (Base),RET_Topcon_9dec9f34c1ec8f000b9dd6ff567ba95a_slice080.png,1,98,64,0.7283950572321293
Standard U-Net (Base),RET_Topcon_9dec9f34c1ec8f000b9dd6ff567ba95a_slice081.png,1,41,43,0.952380941043084
Standard U-Net (Base),RET_Topcon_9dec9f34c1ec8f000b9dd6ff567ba95a_slice083.png,1,200,189,0.8688945993087542
Standard U-Net (Base),RET_Topcon_9dec9f34c1ec8f000b9dd6ff567ba95a_slice090.png,1,53,45,0.8979591745106207
Standard U-Net (Base),RET_Topcon_9dec9f34c1ec8f000b9dd6ff567ba95a_slice127.png,1,377,395,0.8350785329383789
Standard U-Net (Base),RET_Topcon_b234f4b5ba132fde92c5ae2f7078f978_slice019.png,0,0,0,
Standard U-Net (Base),RET_Topcon_b234f4b5ba132fde92c5ae2f7078f978_slice024.png,0,0,0,
Standard U-Net (Base),RET_Topcon_b234f4b5ba132fde92c5ae2f7078f978_slice026.png,0,0,0,
Standard U-Net (Base),RET_Topcon_b234f4b5ba132fde92c5ae2f7078f978_slice029.png,1,28,25,0.7924528152367394
Standard U-Net (Base),RET_Topcon_b234f4b5ba132fde92c5ae2f7078f978_slice030.png,1,29,39,0.8529411639273359
Standard U-Net (Base),RET_Topcon_b234f4b5ba132fde92c5ae2f7078f978_slice032.png,1,83,94,0.8700564922595678
Standard U-Net (Base),RET_Topcon_b234f4b5ba132fde92c5ae2f7078f978_slice033.png,1,120,129,0.8674698760342575
Standard U-Net (Base),RET_Topcon_b234f4b5ba132fde92c5ae2f7078f978_slice034.png,1,162,143,0.8590163906261757
Standard U-Net (Base),RET_Topcon_b234f4b5ba132fde92c5ae2f7078f978_slice037.png,1,464,623,0.8147311797722807
Standard U-Net (Base),RET_Topcon_b234f4b5ba132fde92c5ae2f7078f978_slice039.png,1,919,964,0.7651806789333437
Standard U-Net (Base),RET_Topcon_b234f4b5ba132fde92c5ae2f7078f978_slice040.png,1,876,992,0.8503758789467097
Standard U-Net (Base),RET_Topcon_b234f4b5ba132fde92c5ae2f7078f978_slice041.png,1,850,882,0.8281475892286926
Standard U-Net (Base),RET_Topcon_b234f4b5ba132fde92c5ae2f7078f978_slice042.png,1,1341,1325,0.793616464970556
Standard U-Net (Base),RET_Topcon_b234f4b5ba132fde92c5ae2f7078f978_slice044.png,1,984,989,0.8321648082947254
Standard U-Net (Base),RET_Topcon_b234f4b5ba132fde92c5ae2f7078f978_slice045.png,1,850,951,0.8347632064218734
Standard U-Net (Base),RET_Topcon_b234f4b5ba132fde92c5ae2f7078f978_slice046.png,1,1235,1278,0.8145152022227293
Standard U-Net (Base),RET_Topcon_b234f4b5ba132fde92c5ae2f7078f978_slice047.png,1,1440,1559,0.8544334672785369
Standard U-Net (Base),RET_Topcon_b234f4b5ba132fde92c5ae2f7078f978_slice048.png,1,1541,1626,0.8201382998914933
Standard U-Net (Base),RET_Topcon_b234f4b5ba132fde92c5ae2f7078f978_slice050.png,1,1489,1552,0.8556153062212283
Standard U-Net (Base),RET_Topcon_b234f4b5ba132fde92c5ae2f7078f978_slice053.png,1,1803,1833,0.8743526373739942
Standard U-Net (Base),RET_Topcon_b234f4b5ba132fde92c5ae2f7078f978_slice056.png,1,2544,2504,0.9309571744960494
Standard U-Net (Base),RET_Topcon_b234f4b5ba132fde92c5ae2f7078f978_slice057.png,1,2621,2705,0.8984058811033612
Standard U-Net (Base),RET_Topcon_b234f4b5ba132fde92c5ae2f7078f978_slice058.png,1,2789,2894,0.9101254037790779
Standard U-Net (Base),RET_Topcon_b234f4b5ba132fde92c5ae2f7078f978_slice059.png,1,2863,3004,0.9289585797335369
Standard U-Net (Base),RET_Topcon_b234f4b5ba132fde92c5ae2f7078f978_slice060.png,1,2998,3068,0.8877521929918267
Standard U-Net (Base),RET_Topcon_b234f4b5ba132fde92c5ae2f7078f978_slice061.png,1,2649,2901,0.87278739718291
Standard U-Net (Base),RET_Topcon_b234f4b5ba132fde92c5ae2f7078f978_slice062.png,1,2729,2963,0.8905763525898285
Standard U-Net (Base),RET_Topcon_b234f4b5ba132fde92c5ae2f7078f978_slice063.png,1,2915,3291,0.9130915561617976
Standard U-Net (Base),RET_Topcon_b234f4b5ba132fde92c5ae2f7078f978_slice064.png,1,3424,3461,0.9383881410954776
Standard U-Net (Base),RET_Topcon_b234f4b5ba132fde92c5ae2f7078f978_slice065.png,1,3676,3694,0.9223863002554552
Standard U-Net (Base),RET_Topcon_b234f4b5ba132fde92c5ae2f7078f978_slice066.png,1,3859,3809,0.9213220690692183
Standard U-Net (Base),RET_Topcon_b234f4b5ba132fde92c5ae2f7078f978_slice068.png,1,3585,3625,0.9071795404694832
Standard U-Net (Base),RET_Topcon_b234f4b5ba132fde92c5ae2f7078f978_slice069.png,1,3318,3540,0.9137096433243667
Standard U-Net (Base),RET_Topcon_b234f4b5ba132fde92c5ae2f7078f978_slice070.png,1,3603,3560,0.9075375952488408
Standard U-Net (Base),RET_Topcon_b234f4b5ba132fde92c5ae2f7078f978_slice071.png,1,3401,3365,0.8768809176436038
Standard U-Net (Base),RET_Topcon_b234f4b5ba132fde92c5ae2f7078f978_slice072.png,1,2931,3088,0.921270294357967
Standard U-Net (Base),RET_Topcon_b234f4b5ba132fde92c5ae2f7078f978_slice073.png,1,3107,3186,0.9079691391393819
Standard U-Net (Base),RET_Topcon_b234f4b5ba132fde92c5ae2f7078f978_slice076.png,1,3095,3143,0.9252312177369183
Standard U-Net (Base),RET_Topcon_b234f4b5ba132fde92c5ae2f7078f978_slice077.png,1,2611,2748,0.8892547059550729
Standard U-Net (Base),RET_Topcon_b234f4b5ba132fde92c5ae2f7078f978_slice078.png,1,2620,2653,0.9202426045841011
Standard U-Net (Base),RET_Topcon_b234f4b5ba132fde92c5ae2f7078f978_slice079.png,1,2743,2617,0.8996616638352725
Standard U-Net (Base),RET_Topcon_b234f4b5ba132fde92c5ae2f7078f978_slice081.png,1,2074,2202,0.8987252359788535
Standard U-Net (Base),RET_Topcon_b234f4b5ba132fde92c5ae2f7078f978_slice083.png,1,1641,1608,0.9060416097371401
Standard U-Net (Base),RET_Topcon_b234f4b5ba132fde92c5ae2f7078f978_slice086.png,1,1129,1124,0.78036407040599
Standard U-Net (Base),RET_Topcon_b234f4b5ba132fde92c5ae2f7078f978_slice088.png,1,771,821,0.6341507595902782
Standard U-Net (Base),RET_Topcon_b234f4b5ba132fde92c5ae2f7078f978_slice089.png,1,922,886,0.9198872385914949
Standard U-Net (Base),RET_Topcon_b234f4b5ba132fde92c5ae2f7078f978_slice090.png,1,875,871,0.8272377156046833
Standard U-Net (Base),RET_Topcon_b234f4b5ba132fde92c5ae2f7078f978_slice091.png,1,773,882,0.8007363436720536
Standard U-Net (Base),RET_Topcon_b234f4b5ba132fde92c5ae2f7078f978_slice093.png,1,863,912,0.8893051099611209
Standard U-Net (Base),RET_Topcon_b234f4b5ba132fde92c5ae2f7078f978_slice094.png,1,1717,1504,0.8971610477178799
Standard U-Net (Base),RET_Topcon_b234f4b5ba132fde92c5ae2f7078f978_slice097.png,1,1138,1195,0.882983282947714
Standard U-Net (Base),RET_Topcon_b234f4b5ba132fde92c5ae2f7078f978_slice099.png,1,967,1011,0.8796764404046125
Standard U-Net (Base),RET_Topcon_b234f4b5ba132fde92c5ae2f7078f978_slice100.png,1,875,906,0.8590679388775586
Standard U-Net (Base),RET_Topcon_b234f4b5ba132fde92c5ae2f7078f978_slice101.png,1,843,864,0.8998242525484333
Standard U-Net (Base),RET_Topcon_b234f4b5ba132fde92c5ae2f7078f978_slice102.png,1,624,702,0.8446455498909158
Standard U-Net (Base),RET_Topcon_b234f4b5ba132fde92c5ae2f7078f978_slice105.png,1,527,540,0.8341143384872405
Standard U-Net (Base),RET_Topcon_b234f4b5ba132fde92c5ae2f7078f978_slice112.png,0,0,0,
Standard U-Net (Base),RET_Topcon_b3a9a299f36f21e5eae9820485f956cb_slice000.png,1,321,300,0.7665056348365449
Standard U-Net (Base),RET_Topcon_b3a9a299f36f21e5eae9820485f956cb_slice001.png,1,162,216,0.6878306860110299
Standard U-Net (Base),RET_Topcon_b3a9a299f36f21e5eae9820485f956cb_slice002.png,1,215,219,0.7649769567627259
Standard U-Net (Base),RET_Topcon_b3a9a299f36f21e5eae9820485f956cb_slice003.png,1,182,234,0.7884615365661982
Standard U-Net (Base),RET_Topcon_b3a9a299f36f21e5eae9820485f956cb_slice004.png,1,179,252,0.7099767964965735
Standard U-Net (Base),RET_Topcon_b3a9a299f36f21e5eae9820485f956cb_slice005.png,1,217,270,0.7145790539741703
Standard U-Net (Base),RET_Topcon_b3a9a299f36f21e5eae9820485f956cb_slice006.png,1,206,234,0.7363636346900827
Standard U-Net (Base),RET_Topcon_b3a9a299f36f21e5eae9820485f956cb_slice007.png,1,194,207,0.7581047362640779
Standard U-Net (Base),RET_Topcon_b3a9a299f36f21e5eae9820485f956cb_slice009.png,1,349,316,0.8240601491367516
Standard U-Net (Base),RET_Topcon_b3a9a299f36f21e5eae9820485f956cb_slice010.png,1,300,333,0.8720379133143161
Standard U-Net (Base),RET_Topcon_b3a9a299f36f21e5eae9820485f956cb_slice012.png,1,273,272,0.8697247690463765
Standard U-Net (Base),RET_Topcon_b3a9a299f36f21e5eae9820485f956cb_slice013.png,1,372,317,0.8534107389645708
Standard U-Net (Base),RET_Topcon_b3a9a299f36f21e5eae9820485f956cb_slice014.png,1,270,292,0.8868613122502531
Standard U-Net (Base),RET_Topcon_b3a9a299f36f21e5eae9820485f956cb_slice015.png,1,254,243,0.9054325937516446
Standard U-Net (Base),RET_Topcon_b3a9a299f36f21e5eae9820485f956cb_slice017.png,1,116,121,0.8691983085687836
Standard U-Net (Base),RET_Topcon_b3a9a299f36f21e5eae9820485f956cb_slice018.png,1,102,105,0.8888888845947397
Standard U-Net (Base),RET_Topcon_b3a9a299f36f21e5eae9820485f956cb_slice019.png,1,92,84,0.9318181765237604
Standard U-Net (Base),RET_Topcon_b3a9a299f36f21e5eae9820485f956cb_slice020.png,1,118,127,0.8326530578259059
Standard U-Net (Base),RET_Topcon_b3a9a299f36f21e5eae9820485f956cb_slice021.png,1,68,58,0.8095238030990175
Standard U-Net (Base),RET_Topcon_b3a9a299f36f21e5eae9820485f956cb_slice022.png,1,75,72,0.8571428513119534
Standard U-Net (Base),RET_Topcon_b3a9a299f36f21e5eae9820485f956cb_slice023.png,1,49,41,0.8666666570370372
Standard U-Net (Base),RET_Topcon_b3a9a299f36f21e5eae9820485f956cb_slice024.png,1,37,31,0.7941176353806231
Standard U-Net (Base),RET_Topcon_b3a9a299f36f21e5eae9820485f956cb_slice025.png,1,39,48,0.712643669969613
Standard U-Net (Base),RET_Topcon_b3a9a299f36f21e5eae9820485f956cb_slice053.png,0,0,0,
Standard U-Net (Base),RET_Topcon_c5489bcaca57fff4063522634d89f4ae_slice001.png,0,0,0,
Standard U-Net (Base),RET_Topcon_c5489bcaca57fff4063522634d89f4ae_slice009.png,1,84,75,0.8679245228432421
Standard U-Net (Base),RET_Topcon_c5489bcaca57fff4063522634d89f4ae_slice015.png,0,0,4,
Standard U-Net (Base),RET_Topcon_c5489bcaca57fff4063522634d89f4ae_slice019.png,0,0,0,
Standard U-Net (Base),RET_Topcon_c5489bcaca57fff4063522634d89f4ae_slice047.png,1,70,67,0.9264705814230104
Standard U-Net (Base),RET_Topcon_c5489bcaca57fff4063522634d89f4ae_slice049.png,1,111,112,0.8789237628747814
Standard U-Net (Base),RET_Topcon_c5489bcaca57fff4063522634d89f4ae_slice050.png,1,82,93,0.8685714236081633
Standard U-Net (Base),RET_Topcon_c5489bcaca57fff4063522634d89f4ae_slice051.png,1,55,79,0.7910447702160838
Standard U-Net (Base),RET_Topcon_c5489bcaca57fff4063522634d89f4ae_slice054.png,1,188,183,0.8888888864799759
Standard U-Net (Base),RET_Topcon_c5489bcaca57fff4063522634d89f4ae_slice056.png,1,1090,1154,0.9264705846599789
Standard U-Net (Base),RET_Topcon_c5489bcaca57fff4063522634d89f4ae_slice057.png,1,1059,1104,0.9375531727877437
Standard U-Net (Base),RET_Topcon_c5489bcaca57fff4063522634d89f4ae_slice058.png,1,1187,1187,0.9291198189893385
Standard U-Net (Base),RET_Topcon_c5489bcaca57fff4063522634d89f4ae_slice059.png,1,1250,1211,0.9231278010267523
Standard U-Net (Base),RET_Topcon_c5489bcaca57fff4063522634d89f4ae_slice060.png,1,1273,1232,0.9055366629031625
Standard U-Net (Base),RET_Topcon_c5489bcaca57fff4063522634d89f4ae_slice061.png,1,1121,1204,0.8614041296585111
Standard U-Net (Base),RET_Topcon_c5489bcaca57fff4063522634d89f4ae_slice063.png,1,1229,1261,0.9087386294966073
Standard U-Net (Base),RET_Topcon_c5489bcaca57fff4063522634d89f4ae_slice064.png,1,1232,1313,0.887175654023289
Standard U-Net (Base),RET_Topcon_c5489bcaca57fff4063522634d89f4ae_slice065.png,1,1317,1326,0.8997286432378737
Standard U-Net (Base),RET_Topcon_c5489bcaca57fff4063522634d89f4ae_slice066.png,1,1192,1225,0.9337782103246646
Standard U-Net (Base),RET_Topcon_c5489bcaca57fff4063522634d89f4ae_slice067.png,1,1163,1179,0.846714059134817
Standard U-Net (Base),RET_Topcon_c5489bcaca57fff4063522634d89f4ae_slice071.png,1,1133,1141,0.9513609991292454
Standard U-Net (Base),RET_Topcon_c5489bcaca57fff4063522634d89f4ae_slice072.png,1,1070,1116,0.9390187982856402
Standard U-Net (Base),RET_Topcon_c5489bcaca57fff4063522634d89f4ae_slice074.png,1,1070,1131,0.9445454541161158
Standard U-Net (Base),RET_Topcon_c5489bcaca57fff4063522634d89f4ae_slice075.png,1,1089,1094,0.9449541280069018
Standard U-Net (Base),RET_Topcon_c5489bcaca57fff4063522634d89f4ae_slice076.png,1,1061,1061,0.9406739435497514
Standard U-Net (Base),RET_Topcon_c5489bcaca57fff4063522634d89f4ae_slice077.png,1,1160,1093,0.9193548382977801
Standard U-Net (Base),RET_Topcon_c5489bcaca57fff4063522634d89f4ae_slice079.png,1,1200,1121,0.9258289699276488
Standard U-Net (Base),RET_Topcon_c5489bcaca57fff4063522634d89f4ae_slice081.png,1,1145,1140,0.8987374144265927
Standard U-Net (Base),RET_Topcon_c5489bcaca57fff4063522634d89f4ae_slice083.png,1,1100,1146,0.9299419897679867
Standard U-Net (Base),RET_Topcon_c5489bcaca57fff4063522634d89f4ae_slice085.png,1,1180,1136,0.9546044094446156
Standard U-Net (Base),RET_Topcon_c5489bcaca57fff4063522634d89f4ae_slice089.png,1,906,1079,0.8987405537034052
Standard U-Net (Base),RET_Topcon_c5489bcaca57fff4063522634d89f4ae_slice092.png,1,899,971,0.9276457878360443
Standard U-Net (Base),RET_Topcon_c5489bcaca57fff4063522634d89f4ae_slice093.png,1,834,959,0.9313835765290306
Standard U-Net (Base),RET_Topcon_c5489bcaca57fff4063522634d89f4ae_slice095.png,1,879,944,0.9411764700659397
Standard U-Net (Base),RET_Topcon_c5489bcaca57fff4063522634d89f4ae_slice096.png,1,858,956,0.9153292745349588
Standard U-Net (Base),RET_Topcon_c5489bcaca57fff4063522634d89f4ae_slice097.png,1,899,934,0.9343544852656703
Standard U-Net (Base),RET_Topcon_c5489bcaca57fff4063522634d89f4ae_slice098.png,1,889,959,0.9095860561494629
Standard U-Net (Base),RET_Topcon_c5489bcaca57fff4063522634d89f4ae_slice099.png,1,1006,1034,0.9366963397939186
Standard U-Net (Base),RET_Topcon_c5489bcaca57fff4063522634d89f4ae_slice101.png,1,993,1032,0.8332076317629538
Standard U-Net (Base),RET_Topcon_c5489bcaca57fff4063522634d89f4ae_slice103.png,1,903,1010,0.9097664538695507
Standard U-Net (Base),RET_Topcon_c5489bcaca57fff4063522634d89f4ae_slice105.png,1,949,1021,0.9379168799702837
Standard U-Net (Base),RET_Topcon_c5489bcaca57fff4063522634d89f4ae_slice106.png,1,904,972,0.9337641351999115
Standard U-Net (Base),RET_Topcon_c5489bcaca57fff4063522634d89f4ae_slice107.png,1,1126,1118,0.9090909086857885
Standard U-Net (Base),RET_Topcon_c5489bcaca57fff4063522634d89f4ae_slice109.png,1,1214,1138,0.9515306118403357
Standard U-Net (Base),RET_Topcon_c5489bcaca57fff4063522634d89f4ae_slice110.png,1,1154,1164,0.9439171695669037
Standard U-Net (Base),RET_Topcon_c5489bcaca57fff4063522634d89f4ae_slice111.png,1,1152,1132,0.9316987736726363
Standard U-Net (Base),RET_Topcon_c5489bcaca57fff4063522634d89f4ae_slice112.png,1,1151,1146,0.9438397906208795
Standard U-Net (Base),RET_Topcon_c5489bcaca57fff4063522634d89f4ae_slice114.png,1,1052,1091,0.9286047592493679
Standard U-Net (Base),RET_Topcon_c5489bcaca57fff4063522634d89f4ae_slice115.png,1,977,1050,0.9481993088563397
Standard U-Net (Base),RET_Topcon_c5489bcaca57fff4063522634d89f4ae_slice117.png,1,1068,1120,0.9160380360642681
Standard U-Net (Base),RET_Topcon_c5489bcaca57fff4063522634d89f4ae_slice118.png,1,1134,1147,0.963613887659666
Standard U-Net (Base),RET_Topcon_c5489bcaca57fff4063522634d89f4ae_slice119.png,1,1139,1184,0.9049887680224238
Standard U-Net (Base),RET_Topcon_c5489bcaca57fff4063522634d89f4ae_slice123.png,1,1171,1156,0.956819436188121
Standard U-Net (Base),RET_Topcon_c5489bcaca57fff4063522634d89f4ae_slice124.png,1,1163,1149,0.9324312247289464
Standard U-Net (Base),RET_Topcon_c5489bcaca57fff4063522634d89f4ae_slice126.png,1,1085,1146,0.9389585270935616
Standard U-Net (Base),RET_Topcon_c5489bcaca57fff4063522634d89f4ae_slice127.png,1,1016,1000,0.9388767840154716
Standard U-Net (Base),RET_Topcon_c61d2d06dfdcfa4adefcddc8bcf45ac8_slice020.png,0,0,0,
Standard U-Net (Base),RET_Topcon_c61d2d06dfdcfa4adefcddc8bcf45ac8_slice050.png,0,0,0,
Standard U-Net (Base),RET_Topcon_c61d2d06dfdcfa4adefcddc8bcf45ac8_slice052.png,0,0,73,
Standard U-Net (Base),RET_Topcon_c61d2d06dfdcfa4adefcddc8bcf45ac8_slice055.png,1,316,268,0.8595890396239914
Standard U-Net (Base),RET_Topcon_c61d2d06dfdcfa4adefcddc8bcf45ac8_slice056.png,1,322,373,0.9064748188396046
Standard U-Net (Base),RET_Topcon_c61d2d06dfdcfa4adefcddc8bcf45ac8_slice057.png,1,291,309,0.9066666651555556
Standard U-Net (Base),RET_Topcon_c61d2d06dfdcfa4adefcddc8bcf45ac8_slice058.png,1,339,371,0.9211267592660186
Standard U-Net (Base),RET_Topcon_c61d2d06dfdcfa4adefcddc8bcf45ac8_slice059.png,1,380,434,0.9140049128820579
Standard U-Net (Base),RET_Topcon_c61d2d06dfdcfa4adefcddc8bcf45ac8_slice060.png,1,457,474,0.9430719646153899
Standard U-Net (Base),RET_Topcon_c61d2d06dfdcfa4adefcddc8bcf45ac8_slice061.png,1,555,541,0.9288321159408465
Standard U-Net (Base),RET_Topcon_c61d2d06dfdcfa4adefcddc8bcf45ac8_slice062.png,1,677,650,0.9404672185829184
Standard U-Net (Base),RET_Topcon_c61d2d06dfdcfa4adefcddc8bcf45ac8_slice063.png,1,623,621,0.9421221857378438
Standard U-Net (Base),RET_Topcon_c61d2d06dfdcfa4adefcddc8bcf45ac8_slice064.png,1,578,550,0.9397163112236556
Standard U-Net (Base),RET_Topcon_c61d2d06dfdcfa4adefcddc8bcf45ac8_slice066.png,1,302,291,0.9005059006736832
Standard U-Net (Base),RET_Topcon_c61d2d06dfdcfa4adefcddc8bcf45ac8_slice067.png,1,148,168,0.7848101240987021
Standard U-Net (Base),RET_Topcon_c61d2d06dfdcfa4adefcddc8bcf45ac8_slice068.png,1,193,279,0.7415254221577852
Standard U-Net (Base),RET_Topcon_c61d2d06dfdcfa4adefcddc8bcf45ac8_slice070.png,1,57,57,0.8214285640943878
Standard U-Net (Base),RET_Topcon_c61d2d06dfdcfa4adefcddc8bcf45ac8_slice071.png,1,32,33,0.799999987692308
Standard U-Net (Base),RET_Topcon_c61d2d06dfdcfa4adefcddc8bcf45ac8_slice077.png,0,0,0,
Standard U-Net (Base),RET_Topcon_c6324a3b1a90300166c8ce46e4e861d3_slice007.png,0,0,0,
Standard U-Net (Base),RET_Topcon_c6324a3b1a90300166c8ce46e4e861d3_slice008.png,1,16,15,0.9032257773152975
Standard U-Net (Base),RET_Topcon_c6324a3b1a90300166c8ce46e4e861d3_slice009.png,1,35,27,0.8709677278876173
Standard U-Net (Base),RET_Topcon_c6324a3b1a90300166c8ce46e4e861d3_slice022.png,0,0,0,
Standard U-Net (Base),RET_Topcon_c6324a3b1a90300166c8ce46e4e861d3_slice025.png,0,0,0,
Standard U-Net (Base),RET_Topcon_c6324a3b1a90300166c8ce46e4e861d3_slice032.png,1,27,25,0.8076922921597637
Standard U-Net (Base),RET_Topcon_c6324a3b1a90300166c8ce46e4e861d3_slice033.png,1,14,15,0.8275861783590973
Standard U-Net (Base),RET_Topcon_c6324a3b1a90300166c8ce46e4e861d3_slice037.png,1,58,64,0.8032786819403387
Standard U-Net (Base),RET_Topcon_c6324a3b1a90300166c8ce46e4e861d3_slice039.png,1,172,238,0.7609756079000595
Standard U-Net (Base),RET_Topcon_c6324a3b1a90300166c8ce46e4e861d3_slice040.png,1,239,256,0.7999999983838384
Standard U-Net (Base),RET_Topcon_c6324a3b1a90300166c8ce46e4e861d3_slice041.png,1,272,287,0.8372093008278904
Standard U-Net (Base),RET_Topcon_c6324a3b1a90300166c8ce46e4e861d3_slice043.png,1,371,386,0.7899603688375688
Standard U-Net (Base),RET_Topcon_c6324a3b1a90300166c8ce46e4e861d3_slice044.png,1,355,360,0.8643356631268033
Standard U-Net (Base),RET_Topcon_c6324a3b1a90300166c8ce46e4e861d3_slice045.png,1,432,400,0.8629807681935328
Standard U-Net (Base),RET_Topcon_c6324a3b1a90300166c8ce46e4e861d3_slice048.png,1,172,176,0.8275862045184305
Standard U-Net (Base),RET_Topcon_c6324a3b1a90300166c8ce46e4e861d3_slice051.png,1,204,228,0.833333331404321
Standard U-Net (Base),RET_Topcon_c6324a3b1a90300166c8ce46e4e861d3_slice052.png,1,195,196,0.8235294096584925
Standard U-Net (Base),RET_Topcon_c6324a3b1a90300166c8ce46e4e861d3_slice054.png,1,353,303,0.8323170719019557
Standard U-Net (Base),RET_Topcon_c6324a3b1a90300166c8ce46e4e861d3_slice056.png,1,282,278,0.8428571413520408
Standard U-Net (Base),RET_Topcon_c6324a3b1a90300166c8ce46e4e861d3_slice057.png,1,296,316,0.8627450966295015
Standard U-Net (Base),RET_Topcon_c6324a3b1a90300166c8ce46e4e861d3_slice058.png,1,222,258,0.82499999828125
Standard U-Net (Base),RET_Topcon_c6324a3b1a90300166c8ce46e4e861d3_slice059.png,1,126,95,0.8235294080383285
Standard U-Net (Base),RET_Topcon_c6324a3b1a90300166c8ce46e4e861d3_slice061.png,1,150,162,0.8782051253903682
Standard U-Net (Base),RET_Topcon_c6324a3b1a90300166c8ce46e4e861d3_slice062.png,1,117,107,0.9196428530373087
Standard U-Net (Base),RET_Topcon_c6324a3b1a90300166c8ce46e4e861d3_slice063.png,1,72,73,0.8965517179548158
Standard U-Net (Base),RET_Topcon_c6324a3b1a90300166c8ce46e4e861d3_slice080.png,0,0,0,
Standard U-Net (Base),RET_Topcon_c6324a3b1a90300166c8ce46e4e861d3_slice085.png,0,0,0,
Standard U-Net (Base),RET_Topcon_c6324a3b1a90300166c8ce46e4e861d3_slice107.png,0,0,0,
Standard U-Net (Base),RET_Topcon_c6324a3b1a90300166c8ce46e4e861d3_slice109.png,0,0,0,
Standard U-Net (Base),RET_Topcon_cf343bb72e5aa822c1c05301daba6cc9_slice006.png,0,0,0,
Standard U-Net (Base),RET_Topcon_cf343bb72e5aa822c1c05301daba6cc9_slice012.png,0,0,0,
Standard U-Net (Base),RET_Topcon_cf343bb72e5aa822c1c05301daba6cc9_slice029.png,0,0,0,
Standard U-Net (Base),RET_Topcon_cf343bb72e5aa822c1c05301daba6cc9_slice041.png,1,16,22,0.7894736634349037
Standard U-Net (Base),RET_Topcon_cf343bb72e5aa822c1c05301daba6cc9_slice042.png,1,28,36,0.8124999873046878
Standard U-Net (Base),RET_Topcon_cf343bb72e5aa822c1c05301daba6cc9_slice043.png,1,10,10,0.5999999700000015
Standard U-Net (Base),RET_Topcon_cf343bb72e5aa822c1c05301daba6cc9_slice045.png,1,100,110,0.8190476151473923
Standard U-Net (Base),RET_Topcon_cf343bb72e5aa822c1c05301daba6cc9_slice046.png,1,111,95,0.8155339766236215
Standard U-Net (Base),RET_Topcon_cf343bb72e5aa822c1c05301daba6cc9_slice047.png,1,80,121,0.7462686530036385
Standard U-Net (Base),RET_Topcon_cf343bb72e5aa822c1c05301daba6cc9_slice048.png,1,109,126,0.8085106348574016
Standard U-Net (Base),RET_Topcon_cf343bb72e5aa822c1c05301daba6cc9_slice049.png,1,149,122,0.7675276724445473
Standard U-Net (Base),RET_Topcon_cf343bb72e5aa822c1c05301daba6cc9_slice050.png,1,165,155,0.774999997578125
Standard U-Net (Base),RET_Topcon_cf343bb72e5aa822c1c05301daba6cc9_slice051.png,1,195,205,0.8149999979625
Standard U-Net (Base),RET_Topcon_cf343bb72e5aa822c1c05301daba6cc9_slice053.png,1,296,309,0.8661157010477426
Standard U-Net (Base),RET_Topcon_cf343bb72e5aa822c1c05301daba6cc9_slice054.png,1,372,399,0.8378728912608653
Standard U-Net (Base),RET_Topcon_cf343bb72e5aa822c1c05301daba6cc9_slice056.png,1,420,432,0.870892017757169
Standard U-Net (Base),RET_Topcon_cf343bb72e5aa822c1c05301daba6cc9_slice057.png,1,317,323,0.8312499987011719
Standard U-Net (Base),RET_Topcon_cf343bb72e5aa822c1c05301daba6cc9_slice059.png,1,372,373,0.9046979853628215
Standard U-Net (Base),RET_Topcon_cf343bb72e5aa822c1c05301daba6cc9_slice065.png,1,439,387,0.8858895694651662
Standard U-Net (Base),RET_Topcon_cf343bb72e5aa822c1c05301daba6cc9_slice066.png,1,351,359,0.912676055052569
Standard U-Net (Base),RET_Topcon_cf343bb72e5aa822c1c05301daba6cc9_slice067.png,1,359,373,0.9207650260645287
Standard U-Net (Base),RET_Topcon_cf343bb72e5aa822c1c05301daba6cc9_slice068.png,1,356,375,0.9329685349754192
Standard U-Net (Base),RET_Topcon_cf343bb72e5aa822c1c05301daba6cc9_slice069.png,1,403,405,0.9158415830249486
Standard U-Net (Base),RET_Topcon_cf343bb72e5aa822c1c05301daba6cc9_slice070.png,1,358,336,0.9135446672715495
Standard U-Net (Base),RET_Topcon_cf343bb72e5aa822c1c05301daba6cc9_slice071.png,1,378,383,0.9093298279772276
Standard U-Net (Base),RET_Topcon_cf343bb72e5aa822c1c05301daba6cc9_slice073.png,1,298,326,0.836538460197855
Standard U-Net (Base),RET_Topcon_cf343bb72e5aa822c1c05301daba6cc9_slice107.png,0,0,0,
Standard U-Net (Base),RET_Topcon_d6bb4a8d5ca67514d8f2c7b48f9525ff_slice001.png,0,0,0,
Standard U-Net (Base),RET_Topcon_d6bb4a8d5ca67514d8f2c7b48f9525ff_slice004.png,0,0,0,
Standard U-Net (Base),RET_Topcon_d6bb4a8d5ca67514d8f2c7b48f9525ff_slice034.png,0,0,50,
Standard U-Net (Base),RET_Topcon_d6bb4a8d5ca67514d8f2c7b48f9525ff_slice036.png,1,41,45,0.8604651062736616
Standard U-Net (Base),RET_Topcon_d6bb4a8d5ca67514d8f2c7b48f9525ff_slice037.png,1,104,117,0.8054298606089146
Standard U-Net (Base),RET_Topcon_d6bb4a8d5ca67514d8f2c7b48f9525ff_slice038.png,1,100,113,0.8450704185677446
Standard U-Net (Base),RET_Topcon_d6bb4a8d5ca67514d8f2c7b48f9525ff_slice040.png,1,158,203,0.8088642636873566
Standard U-Net (Base),RET_Topcon_d6bb4a8d5ca67514d8f2c7b48f9525ff_slice041.png,1,264,237,0.7984031920191553
Standard U-Net (Base),RET_Topcon_d6bb4a8d5ca67514d8f2c7b48f9525ff_slice042.png,1,262,248,0.8392156846289889
Standard U-Net (Base),RET_Topcon_d6bb4a8d5ca67514d8f2c7b48f9525ff_slice044.png,1,457,414,0.8381171058115763
Standard U-Net (Base),RET_Topcon_d6bb4a8d5ca67514d8f2c7b48f9525ff_slice045.png,1,340,330,0.7223880586233014
Standard U-Net (Base),RET_Topcon_d6bb4a8d5ca67514d8f2c7b48f9525ff_slice047.png,1,471,487,0.7578288092298238
Standard U-Net (Base),RET_Topcon_d6bb4a8d5ca67514d8f2c7b48f9525ff_slice049.png,1,729,696,0.8028070169804863
Standard U-Net (Base),RET_Topcon_d6bb4a8d5ca67514d8f2c7b48f9525ff_slice051.png,1,764,820,0.858585858043822
Standard U-Net (Base),RET_Topcon_d6bb4a8d5ca67514d8f2c7b48f9525ff_slice052.png,1,821,831,0.8898305079359379
Standard U-Net (Base),RET_Topcon_d6bb4a8d5ca67514d8f2c7b48f9525ff_slice053.png,1,750,721,0.8742352135457272
Standard U-Net (Base),RET_Topcon_d6bb4a8d5ca67514d8f2c7b48f9525ff_slice054.png,1,778,680,0.8504801091560492
Standard U-Net (Base),RET_Topcon_d6bb4a8d5ca67514d8f2c7b48f9525ff_slice055.png,1,611,605,0.8157894730133309
Standard U-Net (Base),RET_Topcon_d6bb4a8d5ca67514d8f2c7b48f9525ff_slice056.png,1,526,528,0.9146110048248471
Standard U-Net (Base),RET_Topcon_d6bb4a8d5ca67514d8f2c7b48f9525ff_slice057.png,1,721,622,0.8667163061305164
Standard U-Net (Base),RET_Topcon_d6bb4a8d5ca67514d8f2c7b48f9525ff_slice060.png,1,1068,1017,0.9381294959529356
Standard U-Net (Base),RET_Topcon_d6bb4a8d5ca67514d8f2c7b48f9525ff_slice061.png,1,781,748,0.893394374824464
Standard U-Net (Base),RET_Topcon_d6bb4a8d5ca67514d8f2c7b48f9525ff_slice062.png,1,608,574,0.898477156600273
Standard U-Net (Base),RET_Topcon_d6bb4a8d5ca67514d8f2c7b48f9525ff_slice063.png,1,398,404,0.9251870312653528
Standard U-Net (Base),RET_Topcon_d6bb4a8d5ca67514d8f2c7b48f9525ff_slice064.png,1,428,426,0.8711943783709668
Standard U-Net (Base),RET_Topcon_d6bb4a8d5ca67514d8f2c7b48f9525ff_slice067.png,1,371,364,0.8789115634300523
Standard U-Net (Base),RET_Topcon_d6bb4a8d5ca67514d8f2c7b48f9525ff_slice068.png,1,319,276,0.8302520994449545
Standard U-Net (Base),RET_Topcon_d6bb4a8d5ca67514d8f2c7b48f9525ff_slice069.png,1,162,178,0.7823529388754326
Standard U-Net (Base),RET_Topcon_d6bb4a8d5ca67514d8f2c7b48f9525ff_slice070.png,1,274,255,0.8468809057714917
Standard U-Net (Base),RET_Topcon_d6bb4a8d5ca67514d8f2c7b48f9525ff_slice071.png,1,257,254,0.8688845384170557
Standard U-Net (Base),RET_Topcon_d6bb4a8d5ca67514d8f2c7b48f9525ff_slice072.png,1,202,155,0.7731092415319069
Standard U-Net (Base),RET_Topcon_d6bb4a8d5ca67514d8f2c7b48f9525ff_slice073.png,1,120,118,0.8907562987783348
Standard U-Net (Base),RET_Topcon_d6bb4a8d5ca67514d8f2c7b48f9525ff_slice074.png,1,159,163,0.863354034585857
Standard U-Net (Base),RET_Topcon_d6bb4a8d5ca67514d8f2c7b48f9525ff_slice076.png,1,72,77,0.9127516717264988
Standard U-Net (Base),RET_Topcon_d6bb4a8d5ca67514d8f2c7b48f9525ff_slice077.png,1,85,88,0.901734098833907
Standard U-Net (Base),RET_Topcon_d6bb4a8d5ca67514d8f2c7b48f9525ff_slice078.png,1,85,85,0.9176470534256056
Standard U-Net (Base),RET_Topcon_d6bb4a8d5ca67514d8f2c7b48f9525ff_slice079.png,1,64,75,0.863309346307127
Standard U-Net (Base),RET_Topcon_d6bb4a8d5ca67514d8f2c7b48f9525ff_slice080.png,1,66,72,0.9420289786809495
Standard U-Net (Base),RET_Topcon_d6bb4a8d5ca67514d8f2c7b48f9525ff_slice081.png,1,66,76,0.8732394304701449
Standard U-Net (Base),RET_Topcon_d6bb4a8d5ca67514d8f2c7b48f9525ff_slice084.png,1,62,62,0.9193548312955255
Standard U-Net (Base),RET_Topcon_d6bb4a8d5ca67514d8f2c7b48f9525ff_slice085.png,1,61,68,0.8992247992308156
Standard U-Net (Base),RET_Topcon_d6bb4a8d5ca67514d8f2c7b48f9525ff_slice087.png,1,143,133,0.8043478231726529
Standard U-Net (Base),RET_Topcon_d6bb4a8d5ca67514d8f2c7b48f9525ff_slice093.png,1,107,116,0.9147982021757928
Standard U-Net (Base),RET_Topcon_d6bb4a8d5ca67514d8f2c7b48f9525ff_slice119.png,0,0,0,
Standard U-Net (Base),RET_Topcon_da7be42199c28713c9b7e8fe934e6a0b_slice011.png,0,0,0,
Standard U-Net (Base),RET_Topcon_da7be42199c28713c9b7e8fe934e6a0b_slice044.png,1,83,96,0.8826815593146282
Standard U-Net (Base),RET_Topcon_da7be42199c28713c9b7e8fe934e6a0b_slice045.png,1,294,259,0.7992766712490477
Standard U-Net (Base),RET_Topcon_da7be42199c28713c9b7e8fe934e6a0b_slice046.png,1,183,159,0.8070175414999488
Standard U-Net (Base),RET_Topcon_da7be42199c28713c9b7e8fe934e6a0b_slice047.png,1,175,289,0.6982758605640607
Standard U-Net (Base),RET_Topcon_da7be42199c28713c9b7e8fe934e6a0b_slice048.png,1,471,474,0.795767194925114
Standard U-Net (Base),RET_Topcon_da7be42199c28713c9b7e8fe934e6a0b_slice049.png,1,459,450,0.8206820673039801
Standard U-Net (Base),RET_Topcon_da7be42199c28713c9b7e8fe934e6a0b_slice050.png,1,519,536,0.8436018949349744
Standard U-Net (Base),RET_Topcon_da7be42199c28713c9b7e8fe934e6a0b_slice051.png,1,639,595,0.808752025276538
Standard U-Net (Base),RET_Topcon_da7be42199c28713c9b7e8fe934e6a0b_slice052.png,1,544,511,0.8189573451953011
Standard U-Net (Base),RET_Topcon_da7be42199c28713c9b7e8fe934e6a0b_slice053.png,1,693,575,0.7555205041360248
Standard U-Net (Base),RET_Topcon_da7be42199c28713c9b7e8fe934e6a0b_slice054.png,1,682,685,0.8046817843418567
Standard U-Net (Base),RET_Topcon_da7be42199c28713c9b7e8fe934e6a0b_slice055.png,1,860,860,0.844186046020822
Standard U-Net (Base),RET_Topcon_da7be42199c28713c9b7e8fe934e6a0b_slice056.png,1,1079,1058,0.831071595306003
Standard U-Net (Base),RET_Topcon_da7be42199c28713c9b7e8fe934e6a0b_slice057.png,1,1074,1099,0.8329498385490337
Standard U-Net (Base),RET_Topcon_da7be42199c28713c9b7e8fe934e6a0b_slice058.png,1,983,991,0.8237082062696514
Standard U-Net (Base),RET_Topcon_da7be42199c28713c9b7e8fe934e6a0b_slice059.png,1,792,863,0.7782477336687325
Standard U-Net (Base),RET_Topcon_da7be42199c28713c9b7e8fe934e6a0b_slice060.png,1,877,920,0.8024485248734287
Standard U-Net (Base),RET_Topcon_da7be42199c28713c9b7e8fe934e6a0b_slice061.png,1,1027,952,0.876200100618393
Standard U-Net (Base),RET_Topcon_da7be42199c28713c9b7e8fe934e6a0b_slice063.png,1,1307,1348,0.8986817322415511
Standard U-Net (Base),RET_Topcon_da7be42199c28713c9b7e8fe934e6a0b_slice064.png,1,1770,1582,0.8681384245620113
Standard U-Net (Base),RET_Topcon_da7be42199c28713c9b7e8fe934e6a0b_slice065.png,1,1690,1580,0.8308389443388012
Standard U-Net (Base),RET_Topcon_da7be42199c28713c9b7e8fe934e6a0b_slice066.png,1,1479,1475,0.8812588385470898
Standard U-Net (Base),RET_Topcon_da7be42199c28713c9b7e8fe934e6a0b_slice067.png,1,1070,1187,0.8285044453345977
Standard U-Net (Base),RET_Topcon_da7be42199c28713c9b7e8fe934e6a0b_slice068.png,1,958,900,0.8464281588627007
Standard U-Net (Base),RET_Topcon_da7be42199c28713c9b7e8fe934e6a0b_slice069.png,1,1392,1381,0.8610536876325832
Standard U-Net (Base),RET_Topcon_da7be42199c28713c9b7e8fe934e6a0b_slice070.png,1,1637,1548,0.8473805446851378
Standard U-Net (Base),RET_Topcon_da7be42199c28713c9b7e8fe934e6a0b_slice071.png,1,1595,1529,0.8012972226715933
Standard U-Net (Base),RET_Topcon_da7be42199c28713c9b7e8fe934e6a0b_slice072.png,1,1395,1461,0.8956582629917164
Standard U-Net (Base),RET_Topcon_da7be42199c28713c9b7e8fe934e6a0b_slice073.png,1,1347,1275,0.8863463001959015
Standard U-Net (Base),RET_Topcon_da7be42199c28713c9b7e8fe934e6a0b_slice074.png,1,1398,1336,0.880760789729056
Standard U-Net (Base),RET_Topcon_da7be42199c28713c9b7e8fe934e6a0b_slice075.png,1,1125,1187,0.8174740480893279
Standard U-Net (Base),RET_Topcon_da7be42199c28713c9b7e8fe934e6a0b_slice076.png,1,1325,1339,0.8836336333019393
Standard U-Net (Base),RET_Topcon_da7be42199c28713c9b7e8fe934e6a0b_slice078.png,1,970,956,0.8317757005027124
Standard U-Net (Base),RET_Topcon_da7be42199c28713c9b7e8fe934e6a0b_slice079.png,1,750,843,0.8499686121469123
Standard U-Net (Base),RET_Topcon_da7be42199c28713c9b7e8fe934e6a0b_slice080.png,1,846,737,0.8186986728877456
Standard U-Net (Base),RET_Topcon_da7be42199c28713c9b7e8fe934e6a0b_slice081.png,1,738,758,0.8890374325608038
Standard U-Net (Base),RET_Topcon_da7be42199c28713c9b7e8fe934e6a0b_slice082.png,1,744,705,0.8750862657866899
Standard U-Net (Base),RET_Topcon_da7be42199c28713c9b7e8fe934e6a0b_slice083.png,1,826,733,0.8466965998417597
Standard U-Net (Base),RET_Topcon_da7be42199c28713c9b7e8fe934e6a0b_slice084.png,1,794,659,0.8148657943462726
Standard U-Net (Base),RET_Topcon_da7be42199c28713c9b7e8fe934e6a0b_slice085.png,1,499,530,0.8202137990085385
Standard U-Net (Base),RET_Topcon_da7be42199c28713c9b7e8fe934e6a0b_slice086.png,1,408,422,0.8578313242676731
Standard U-Net (Base),RET_Topcon_da7be42199c28713c9b7e8fe934e6a0b_slice087.png,1,410,380,0.8481012647492389
Standard U-Net (Base),RET_Topcon_da7be42199c28713c9b7e8fe934e6a0b_slice088.png,1,364,297,0.7534039322943965
Standard U-Net (Base),RET_Topcon_da7be42199c28713c9b7e8fe934e6a0b_slice090.png,1,152,183,0.7761194006683003
Standard U-Net (Base),RET_Topcon_da7be42199c28713c9b7e8fe934e6a0b_slice091.png,1,153,129,0.8581560253256879
Standard U-Net (Base),RET_Topcon_da7be42199c28713c9b7e8fe934e6a0b_slice093.png,1,50,45,0.8842105170083103
Standard U-Net (Base),RET_Topcon_da7be42199c28713c9b7e8fe934e6a0b_slice102.png,0,0,0,
Standard U-Net (Base),RET_Topcon_da7be42199c28713c9b7e8fe934e6a0b_slice109.png,0,0,0,
Standard U-Net (Base),RET_Topcon_da7be42199c28713c9b7e8fe934e6a0b_slice119.png,0,0,0,
Standard U-Net (Base),RET_Topcon_ddfe81e6d0eabd2f641c1cfdf82170ea_slice027.png,1,17,22,0.769230749506904
Standard U-Net (Base),RET_Topcon_ddfe81e6d0eabd2f641c1cfdf82170ea_slice034.png,1,18,29,0.7659574305115441
Standard U-Net (Base),RET_Topcon_ddfe81e6d0eabd2f641c1cfdf82170ea_slice036.png,1,126,114,0.7749999967708333
Standard U-Net (Base),RET_Topcon_ddfe81e6d0eabd2f641c1cfdf82170ea_slice037.png,1,22,24,0.8260869385633275
Standard U-Net (Base),RET_Topcon_ddfe81e6d0eabd2f641c1cfdf82170ea_slice038.png,1,21,21,0.9047618832199552
Standard U-Net (Base),RET_Topcon_ddfe81e6d0eabd2f641c1cfdf82170ea_slice040.png,1,99,105,0.7156862710015379
Standard U-Net (Base),RET_Topcon_ddfe81e6d0eabd2f641c1cfdf82170ea_slice042.png,1,9,19,0.64285711989796
Standard U-Net (Base),RET_Topcon_ddfe81e6d0eabd2f641c1cfdf82170ea_slice043.png,1,18,29,0.7234042399275694
Standard U-Net (Base),RET_Topcon_ddfe81e6d0eabd2f641c1cfdf82170ea_slice045.png,1,20,40,0.46666665888888903
Standard U-Net (Base),RET_Topcon_ddfe81e6d0eabd2f641c1cfdf82170ea_slice047.png,1,78,103,0.8397790008851989
Standard U-Net (Base),RET_Topcon_ddfe81e6d0eabd2f641c1cfdf82170ea_slice048.png,1,144,130,0.7810218949597741
Standard U-Net (Base),RET_Topcon_ddfe81e6d0eabd2f641c1cfdf82170ea_slice049.png,1,97,129,0.8318584033988566
Standard U-Net (Base),RET_Topcon_ddfe81e6d0eabd2f641c1cfdf82170ea_slice050.png,1,98,88,0.7956989204532317
Standard U-Net (Base),RET_Topcon_ddfe81e6d0eabd2f641c1cfdf82170ea_slice051.png,1,88,93,0.6298342506638992
Standard U-Net (Base),RET_Topcon_ddfe81e6d0eabd2f641c1cfdf82170ea_slice055.png,1,26,28,0.8888888724279839
Standard U-Net (Base),RET_Topcon_ddfe81e6d0eabd2f641c1cfdf82170ea_slice056.png,1,182,144,0.736196316760134
Standard U-Net (Base),RET_Topcon_ddfe81e6d0eabd2f641c1cfdf82170ea_slice057.png,1,240,208,0.8482142838209502
Standard U-Net (Base),RET_Topcon_ddfe81e6d0eabd2f641c1cfdf82170ea_slice059.png,1,474,339,0.7921279203048857
Standard U-Net (Base),RET_Topcon_ddfe81e6d0eabd2f641c1cfdf82170ea_slice060.png,1,558,489,0.8366762169659252
Standard U-Net (Base),RET_Topcon_ddfe81e6d0eabd2f641c1cfdf82170ea_slice061.png,1,371,315,0.7725947510603575
Standard U-Net (Base),RET_Topcon_ddfe81e6d0eabd2f641c1cfdf82170ea_slice062.png,1,506,426,0.8433476385800991
Standard U-Net (Base),RET_Topcon_ddfe81e6d0eabd2f641c1cfdf82170ea_slice064.png,1,305,301,0.8019801966964023
Standard U-Net (Base),RET_Topcon_ddfe81e6d0eabd2f641c1cfdf82170ea_slice065.png,1,507,450,0.8401253909716558
Standard U-Net (Base),RET_Topcon_ddfe81e6d0eabd2f641c1cfdf82170ea_slice066.png,1,292,341,0.7962085295478538
Standard U-Net (Base),RET_Topcon_ddfe81e6d0eabd2f641c1cfdf82170ea_slice068.png,1,273,314,0.8279386697990824
Standard U-Net (Base),RET_Topcon_ddfe81e6d0eabd2f641c1cfdf82170ea_slice069.png,1,199,201,0.8799999978
Standard U-Net (Base),RET_Topcon_ddfe81e6d0eabd2f641c1cfdf82170ea_slice071.png,1,127,135,0.9160305308548453
Standard U-Net (Base),RET_Topcon_ddfe81e6d0eabd2f641c1cfdf82170ea_slice072.png,1,106,130,0.7288135562338409
Standard U-Net (Base),RET_Topcon_ddfe81e6d0eabd2f641c1cfdf82170ea_slice073.png,1,166,189,0.8056338005475104
Standard U-Net (Base),RET_Topcon_ddfe81e6d0eabd2f641c1cfdf82170ea_slice077.png,1,22,86,0.8695651984877131
Standard U-Net (Base),RET_Topcon_ddfe81e6d0eabd2f641c1cfdf82170ea_slice078.png,1,220,179,0.8771929802576617
Standard U-Net (Base),RET_Topcon_ddfe81e6d0eabd2f641c1cfdf82170ea_slice079.png,1,230,219,0.8195991073060154
Standard U-Net (Base),RET_Topcon_ddfe81e6d0eabd2f641c1cfdf82170ea_slice080.png,1,234,232,0.914163088167032
Standard U-Net (Base),RET_Topcon_ddfe81e6d0eabd2f641c1cfdf82170ea_slice082.png,1,297,289,0.8703071657503291
Standard U-Net (Base),RET_Topcon_ddfe81e6d0eabd2f641c1cfdf82170ea_slice084.png,1,321,367,0.8633720917683545
Standard U-Net (Base),RET_Topcon_ddfe81e6d0eabd2f641c1cfdf82170ea_slice085.png,1,398,445,0.8728179540239178
Standard U-Net (Base),RET_Topcon_ddfe81e6d0eabd2f641c1cfdf82170ea_slice087.png,1,276,291,0.8818342136122853
Standard U-Net (Base),RET_Topcon_ddfe81e6d0eabd2f641c1cfdf82170ea_slice088.png,1,312,291,0.8922056369946838
Standard U-Net (Base),RET_Topcon_ddfe81e6d0eabd2f641c1cfdf82170ea_slice089.png,1,317,315,0.7658227835983816
Standard U-Net (Base),RET_Topcon_ddfe81e6d0eabd2f641c1cfdf82170ea_slice090.png,1,207,197,0.8628428906163519
Standard U-Net (Base),RET_Topcon_ddfe81e6d0eabd2f641c1cfdf82170ea_slice091.png,1,229,187,0.8317307672314165
Standard U-Net (Base),RET_Topcon_ddfe81e6d0eabd2f641c1cfdf82170ea_slice093.png,1,200,191,0.792838872652586
Standard U-Net (Base),RET_Topcon_ddfe81e6d0eabd2f641c1cfdf82170ea_slice094.png,1,93,79,0.8604651112763656
Standard U-Net (Base),RET_Topcon_ddfe81e6d0eabd2f641c1cfdf82170ea_slice095.png,1,115,75,0.6842105227146815
Standard U-Net (Base),RET_Topcon_ddfe81e6d0eabd2f641c1cfdf82170ea_slice097.png,1,4,18,0.36363634710743875
Standard U-Net (Base),RET_Topcon_ddfe81e6d0eabd2f641c1cfdf82170ea_slice098.png,1,24,31,0.8727272568595045
Standard U-Net (Base),RET_Topcon_ddfe81e6d0eabd2f641c1cfdf82170ea_slice101.png,1,9,17,0.6923076656804744
Standard U-Net (Base),RET_Topcon_ddfe81e6d0eabd2f641c1cfdf82170ea_slice107.png,0,0,4,
Standard U-Net (Base),RET_Topcon_ddfe81e6d0eabd2f641c1cfdf82170ea_slice110.png,0,0,0,
Standard U-Net (Base),RET_Topcon_ddfe81e6d0eabd2f641c1cfdf82170ea_slice125.png,0,0,0,
Standard U-Net (Base),RET_Topcon_e0509d9a55ea74ade14455296da70467_slice022.png,0,0,0,
Standard U-Net (Base),RET_Topcon_e0509d9a55ea74ade14455296da70467_slice030.png,0,0,0,
Standard U-Net (Base),RET_Topcon_e0509d9a55ea74ade14455296da70467_slice042.png,1,10,11,0.7619047256235845
Standard U-Net (Base),RET_Topcon_e0509d9a55ea74ade14455296da70467_slice043.png,1,51,50,0.9702970200960691
Standard U-Net (Base),RET_Topcon_e0509d9a55ea74ade14455296da70467_slice044.png,1,63,61,0.8709677349115506
Standard U-Net (Base),RET_Topcon_e0509d9a55ea74ade14455296da70467_slice046.png,1,136,127,0.8365018979600688
Standard U-Net (Base),RET_Topcon_e0509d9a55ea74ade14455296da70467_slice047.png,1,145,144,0.7404844265035141
Standard U-Net (Base),RET_Topcon_e0509d9a55ea74ade14455296da70467_slice048.png,1,265,289,0.8447653414354416
Standard U-Net (Base),RET_Topcon_e0509d9a55ea74ade14455296da70467_slice049.png,1,309,342,0.8049155133565046
Standard U-Net (Base),RET_Topcon_e0509d9a55ea74ade14455296da70467_slice050.png,1,240,198,0.748858445778862
Standard U-Net (Base),RET_Topcon_e0509d9a55ea74ade14455296da70467_slice051.png,1,407,392,0.8460575709060606
Standard U-Net (Base),RET_Topcon_e0509d9a55ea74ade14455296da70467_slice052.png,1,533,482,0.8275862060811958
Standard U-Net (Base),RET_Topcon_e0509d9a55ea74ade14455296da70467_slice053.png,1,555,525,0.8444444436625513
Standard U-Net (Base),RET_Topcon_e0509d9a55ea74ade14455296da70467_slice054.png,1,470,514,0.8455284544252759
Standard U-Net (Base),RET_Topcon_e0509d9a55ea74ade14455296da70467_slice055.png,1,579,633,0.8778877880545479
Standard U-Net (Base),RET_Topcon_e0509d9a55ea74ade14455296da70467_slice056.png,1,650,709,0.8668138330634187
Standard U-Net (Base),RET_Topcon_e0509d9a55ea74ade14455296da70467_slice059.png,1,796,780,0.8680203040177535
Standard U-Net (Base),RET_Topcon_e0509d9a55ea74ade14455296da70467_slice061.png,1,992,971,0.9037187972981564
Standard U-Net (Base),RET_Topcon_e0509d9a55ea74ade14455296da70467_slice062.png,1,889,893,0.909090908580757
Standard U-Net (Base),RET_Topcon_e0509d9a55ea74ade14455296da70467_slice064.png,1,464,442,0.8741721844655936
Standard U-Net (Base),RET_Topcon_e0509d9a55ea74ade14455296da70467_slice065.png,1,244,234,0.8326359815216821
Standard U-Net (Base),RET_Topcon_e0509d9a55ea74ade14455296da70467_slice066.png,1,126,120,0.8780487769185009
Standard U-Net (Base),RET_Topcon_e0509d9a55ea74ade14455296da70467_slice068.png,1,68,71,0.9352517918327209
Standard U-Net (Base),RET_Topcon_e0509d9a55ea74ade14455296da70467_slice069.png,1,34,35,0.9275362184415041
Standard U-Net (Base),RET_Topcon_e0509d9a55ea74ade14455296da70467_slice070.png,1,27,27,0.9629629451303159
Standard U-Net (Base),RET_Topcon_e0509d9a55ea74ade14455296da70467_slice073.png,0,0,0,
Standard U-Net (Base),RET_Topcon_e0509d9a55ea74ade14455296da70467_slice102.png,0,0,8,
Attention U-Net,Duke_Duke_Subject_01_slice010.png,1,89,1,0.0
Attention U-Net,Duke_Duke_Subject_01_slice015.png,1,443,347,0.48448992114153144
Attention U-Net,Duke_Duke_Subject_01_slice030.png,1,3618,2351,0.5148016422361769
Attention U-Net,Duke_Duke_Subject_01_slice032.png,1,1692,1184,0.4759457466096366
Attention U-Net,Duke_Duke_Subject_01_slice040.png,1,40,53,0.34545453917355384
Attention U-Net,Duke_Duke_Subject_01_slice042.png,0,0,0,
Attention U-Net,Duke_Duke_Subject_01_slice044.png,0,0,0,
Attention U-Net,Duke_Duke_Subject_02_slice025.png,1,306,364,0.7721039090186036
Attention U-Net,Duke_Duke_Subject_02_slice028.png,1,296,268,0.8714532165598325
Attention U-Net,Duke_Duke_Subject_02_slice044.png,0,0,37,
Attention U-Net,Duke_Duke_Subject_02_slice045.png,1,150,89,0.510784883603777
Attention U-Net,Duke_Duke_Subject_03_slice025.png,1,161,80,0.4845814956626366
Attention U-Net,Duke_Duke_Subject_03_slice030.png,1,112,51,0.45954337278311974
Attention U-Net,Duke_Duke_Subject_03_slice032.png,1,169,0,0.0
Attention U-Net,Duke_Duke_Subject_03_slice043.png,0,0,0,
Attention U-Net,Duke_Duke_Subject_03_slice058.png,0,0,0,
Attention U-Net,Duke_Duke_Subject_04_slice003.png,0,0,68,
Attention U-Net,Duke_Duke_Subject_04_slice011.png,1,211,200,0.09745293433847309
Attention U-Net,Duke_Duke_Subject_04_slice016.png,1,160,212,0.7137643834974622
Attention U-Net,Duke_Duke_Subject_04_slice021.png,1,207,304,0.4770904349977294
Attention U-Net,Duke_Duke_Subject_04_slice024.png,1,998,710,0.2587965141419833
Attention U-Net,Duke_Duke_Subject_04_slice026.png,1,1117,1415,0.28218541109465906
Attention U-Net,Duke_Duke_Subject_04_slice028.png,1,206,341,0.34927305831469807
Attention U-Net,Duke_Duke_Subject_04_slice031.png,1,180,200,0.46140350562711613
Attention U-Net,Duke_Duke_Subject_04_slice036.png,0,0,4,
Attention U-Net,Duke_Duke_Subject_05_slice021.png,0,0,416,
Attention U-Net,Duke_Duke_Subject_05_slice026.png,1,1978,1530,0.6596994205339147
Attention U-Net,Duke_Duke_Subject_05_slice028.png,1,1755,1291,0.3995438192623297
Attention U-Net,Duke_Duke_Subject_05_slice038.png,1,376,381,0.7821447599619445
Attention U-Net,Duke_Duke_Subject_05_slice039.png,0,0,309,
Attention U-Net,Duke_Duke_Subject_05_slice042.png,0,0,71,
Attention U-Net,Duke_Duke_Subject_05_slice043.png,1,191,187,0.6288857728303708
Attention U-Net,Duke_Duke_Subject_06_slice013.png,0,0,0,
Attention U-Net,Duke_Duke_Subject_06_slice014.png,0,0,0,
Attention U-Net,Duke_Duke_Subject_06_slice032.png,1,343,383,0.6999728975574989
Attention U-Net,Duke_Duke_Subject_06_slice040.png,1,211,240,0.4647447360424856
Attention U-Net,Duke_Duke_Subject_07_slice012.png,0,0,0,
Attention U-Net,Duke_Duke_Subject_07_slice029.png,1,154,200,0.6923076898870361
Attention U-Net,Duke_Duke_Subject_07_slice031.png,1,272,215,0.17289719585771682
Attention U-Net,Duke_Duke_Subject_07_slice036.png,1,60,60,0.5759803818993898
Attention U-Net,Duke_Duke_Subject_08_slice013.png,1,36,24,0.6999999883333335
Attention U-Net,Duke_Duke_Subject_08_slice018.png,1,412,402,0.4176451549810313
Attention U-Net,Duke_Duke_Subject_08_slice030.png,1,353,337,0.7561702609956923
Attention U-Net,Duke_Duke_Subject_08_slice045.png,0,0,0,
Attention U-Net,Duke_Duke_Subject_09_slice028.png,1,116,131,0.7242785683952325
Attention U-Net,Duke_Duke_Subject_09_slice030.png,1,77,145,0.513883530734167
Attention U-Net,Duke_Duke_Subject_09_slice032.png,1,56,145,0.16260162469429573
Attention U-Net,Duke_Duke_Subject_09_slice035.png,1,50,60,0.26666666256410265
Attention U-Net,Duke_Duke_Subject_09_slice039.png,0,0,12,
Attention U-Net,Duke_Duke_Subject_09_slice050.png,1,15,24,0.769230749506904
Attention U-Net,Duke_Duke_Subject_10_slice016.png,0,0,0,
Attention U-Net,Duke_Duke_Subject_10_slice020.png,1,145,181,0.8166666579830919
Attention U-Net,Duke_Duke_Subject_10_slice030.png,0,0,113,
Attention U-Net,Duke_Duke_Subject_10_slice032.png,1,130,265,0.37209302181359294
Attention U-Net,Duke_Duke_Subject_10_slice035.png,1,120,263,0.6084694834517991
Attention U-Net,Duke_Duke_Subject_10_slice040.png,1,77,20,0.0
Attention U-Net,Duke_Duke_Subject_10_slice045.png,1,511,97,0.20605795752779268
Attention U-Net,Duke_Duke_Subject_10_slice060.png,0,0,0,
Attention U-Net,RET_Cirrus_03a60d9078d35b1488e6030880a29014_slice013.png,0,0,0,
Attention U-Net,RET_Cirrus_03a60d9078d35b1488e6030880a29014_slice016.png,0,0,0,
Attention U-Net,RET_Cirrus_03a60d9078d35b1488e6030880a29014_slice029.png,0,0,0,
Attention U-Net,RET_Cirrus_03a60d9078d35b1488e6030880a29014_slice032.png,1,34,41,0.7733333230222224
Attention U-Net,RET_Cirrus_03a60d9078d35b1488e6030880a29014_slice033.png,1,110,100,0.9333333288888889
Attention U-Net,RET_Cirrus_03a60d9078d35b1488e6030880a29014_slice034.png,1,94,107,0.8656716374842207
Attention U-Net,RET_Cirrus_03a60d9078d35b1488e6030880a29014_slice035.png,1,132,135,0.8913857644517387
Attention U-Net,RET_Cirrus_03a60d9078d35b1488e6030880a29014_slice036.png,1,334,341,0.9362962949091906
Attention U-Net,RET_Cirrus_03a60d9078d35b1488e6030880a29014_slice037.png,1,513,490,0.9252243260964862
Attention U-Net,RET_Cirrus_03a60d9078d35b1488e6030880a29014_slice039.png,1,635,675,0.9374045794370957
Attention U-Net,RET_Cirrus_03a60d9078d35b1488e6030880a29014_slice042.png,1,930,934,0.9486200965893774
Attention U-Net,RET_Cirrus_03a60d9078d35b1488e6030880a29014_slice043.png,1,1022,1115,0.889416199757888
Attention U-Net,RET_Cirrus_03a60d9078d35b1488e6030880a29014_slice046.png,1,1265,1332,0.9026737273498124
Attention U-Net,RET_Cirrus_03a60d9078d35b1488e6030880a29014_slice047.png,1,1410,1586,0.908887472160075
Attention U-Net,RET_Cirrus_03a60d9078d35b1488e6030880a29014_slice048.png,1,1806,1747,0.948404872613797
Attention U-Net,RET_Cirrus_03a60d9078d35b1488e6030880a29014_slice049.png,1,1806,1852,0.9565779554079211
Attention U-Net,RET_Cirrus_03a60d9078d35b1488e6030880a29014_slice050.png,1,2072,2055,0.9594875382882582
Attention U-Net,RET_Cirrus_03a60d9078d35b1488e6030880a29014_slice051.png,1,2048,2047,0.9420084591336125
Attention U-Net,RET_Cirrus_03a60d9078d35b1488e6030880a29014_slice052.png,1,2097,2122,0.9468214501022154
Attention U-Net,RET_Cirrus_03a60d9078d35b1488e6030880a29014_slice054.png,1,2120,2220,0.948276327756489
Attention U-Net,RET_Cirrus_03a60d9078d35b1488e6030880a29014_slice055.png,1,2264,2384,0.9506941269200435
Attention U-Net,RET_Cirrus_03a60d9078d35b1488e6030880a29014_slice056.png,1,2377,2434,0.9490758008687479
Attention U-Net,RET_Cirrus_03a60d9078d35b1488e6030880a29014_slice057.png,1,2402,2459,0.9557943741822972
Attention U-Net,RET_Cirrus_03a60d9078d35b1488e6030880a29014_slice058.png,1,2563,2613,0.9526258999802402
Attention U-Net,RET_Cirrus_03a60d9078d35b1488e6030880a29014_slice059.png,1,2701,2726,0.9579964728105348
Attention U-Net,RET_Cirrus_03a60d9078d35b1488e6030880a29014_slice060.png,1,2730,2735,0.9474865628896314
Attention U-Net,RET_Cirrus_03a60d9078d35b1488e6030880a29014_slice061.png,1,2715,2668,0.9591846892680642
Attention U-Net,RET_Cirrus_03a60d9078d35b1488e6030880a29014_slice062.png,1,2693,2653,0.9435559356497404
Attention U-Net,RET_Cirrus_03a60d9078d35b1488e6030880a29014_slice064.png,1,2830,2751,0.9524066548962717
Attention U-Net,RET_Cirrus_03a60d9078d35b1488e6030880a29014_slice065.png,1,2783,2741,0.9533958575744994
Attention U-Net,RET_Cirrus_03a60d9078d35b1488e6030880a29014_slice066.png,1,2877,2740,0.947209660811938
Attention U-Net,RET_Cirrus_03a60d9078d35b1488e6030880a29014_slice067.png,1,2675,2778,0.9385025871291358
Attention U-Net,RET_Cirrus_03a60d9078d35b1488e6030880a29014_slice070.png,1,2542,2484,0.949545468779294
Attention U-Net,RET_Cirrus_03a60d9078d35b1488e6030880a29014_slice071.png,1,2380,2404,0.938403939334435
Attention U-Net,RET_Cirrus_03a60d9078d35b1488e6030880a29014_slice073.png,1,2533,2447,0.9323697386454008
Attention U-Net,RET_Cirrus_03a60d9078d35b1488e6030880a29014_slice074.png,1,2327,2284,0.944167849229908
Attention U-Net,RET_Cirrus_03a60d9078d35b1488e6030880a29014_slice076.png,1,2172,2152,0.9413020862065637
Attention U-Net,RET_Cirrus_03a60d9078d35b1488e6030880a29014_slice078.png,1,1880,1888,0.9411727419026727
Attention U-Net,RET_Cirrus_03a60d9078d35b1488e6030880a29014_slice079.png,1,1716,1747,0.9442910596359038
Attention U-Net,RET_Cirrus_03a60d9078d35b1488e6030880a29014_slice080.png,1,1658,1657,0.9286588495255144
Attention U-Net,RET_Cirrus_03a60d9078d35b1488e6030880a29014_slice081.png,1,1401,1396,0.9314567381786286
Attention U-Net,RET_Cirrus_03a60d9078d35b1488e6030880a29014_slice082.png,1,1354,1334,0.9350100519319531
Attention U-Net,RET_Cirrus_03a60d9078d35b1488e6030880a29014_slice083.png,1,1099,1122,0.9145369259922487
Attention U-Net,RET_Cirrus_03a60d9078d35b1488e6030880a29014_slice084.png,1,1125,1137,0.9141021999679366
Attention U-Net,RET_Cirrus_03a60d9078d35b1488e6030880a29014_slice086.png,1,905,891,0.8940518472327124
Attention U-Net,RET_Cirrus_03a60d9078d35b1488e6030880a29014_slice088.png,1,762,702,0.9120450250692593
Attention U-Net,RET_Cirrus_03a60d9078d35b1488e6030880a29014_slice090.png,1,274,351,0.863192181004573
Attention U-Net,RET_Cirrus_03a60d9078d35b1488e6030880a29014_slice091.png,1,180,231,0.8369829663333748
Attention U-Net,RET_Cirrus_03a60d9078d35b1488e6030880a29014_slice092.png,1,157,162,0.8589341665864133
Attention U-Net,RET_Cirrus_03a60d9078d35b1488e6030880a29014_slice093.png,1,162,156,0.8553459092599185
Attention U-Net,RET_Cirrus_03a60d9078d35b1488e6030880a29014_slice094.png,1,103,96,0.8341708500795435
Attention U-Net,RET_Cirrus_03a60d9078d35b1488e6030880a29014_slice111.png,0,0,0,
Attention U-Net,RET_Cirrus_03a60d9078d35b1488e6030880a29014_slice114.png,0,0,0,
Attention U-Net,RET_Cirrus_03a60d9078d35b1488e6030880a29014_slice116.png,0,0,0,
Attention U-Net,RET_Cirrus_091e68f597bb8e45ce9478363ef686b3_slice009.png,0,0,0,
Attention U-Net,RET_Cirrus_091e68f597bb8e45ce9478363ef686b3_slice010.png,0,0,0,
Attention U-Net,RET_Cirrus_091e68f597bb8e45ce9478363ef686b3_slice034.png,0,0,0,
Attention U-Net,RET_Cirrus_091e68f597bb8e45ce9478363ef686b3_slice053.png,0,0,0,
Attention U-Net,RET_Cirrus_091e68f597bb8e45ce9478363ef686b3_slice055.png,1,22,21,0.9302325365062202
Attention U-Net,RET_Cirrus_091e68f597bb8e45ce9478363ef686b3_slice056.png,1,167,172,0.9498525045727065
Attention U-Net,RET_Cirrus_091e68f597bb8e45ce9478363ef686b3_slice058.png,1,630,631,0.9436954790295832
Attention U-Net,RET_Cirrus_091e68f597bb8e45ce9478363ef686b3_slice059.png,1,866,950,0.9295154179903549
Attention U-Net,RET_Cirrus_091e68f597bb8e45ce9478363ef686b3_slice061.png,1,1294,1359,0.9604221632263769
Attention U-Net,RET_Cirrus_091e68f597bb8e45ce9478363ef686b3_slice062.png,1,1442,1519,0.9388720023847106
Attention U-Net,RET_Cirrus_091e68f597bb8e45ce9478363ef686b3_slice063.png,1,1491,1610,0.9326023860262489
Attention U-Net,RET_Cirrus_091e68f597bb8e45ce9478363ef686b3_slice064.png,1,1648,1760,0.8872668317652255
Attention U-Net,RET_Cirrus_091e68f597bb8e45ce9478363ef686b3_slice065.png,1,1135,1226,0.867016062335476
Attention U-Net,RET_Cirrus_091e68f597bb8e45ce9478363ef686b3_slice066.png,1,1344,1462,0.8262215460299327
Attention U-Net,RET_Cirrus_091e68f597bb8e45ce9478363ef686b3_slice067.png,1,1351,1455,0.9064670875284244
Attention U-Net,RET_Cirrus_091e68f597bb8e45ce9478363ef686b3_slice068.png,1,1325,1460,0.8783022692087012
Attention U-Net,RET_Cirrus_091e68f597bb8e45ce9478363ef686b3_slice069.png,1,1020,1170,0.9053781419129374
Attention U-Net,RET_Cirrus_091e68f597bb8e45ce9478363ef686b3_slice070.png,1,1038,1143,0.8715304245341686
Attention U-Net,RET_Cirrus_091e68f597bb8e45ce9478363ef686b3_slice071.png,1,960,1065,0.8261606212614656
Attention U-Net,RET_Cirrus_091e68f597bb8e45ce9478363ef686b3_slice072.png,1,1046,1078,0.8930721558279794
Attention U-Net,RET_Cirrus_091e68f597bb8e45ce9478363ef686b3_slice074.png,1,693,661,0.8584527467202365
Attention U-Net,RET_Cirrus_091e68f597bb8e45ce9478363ef686b3_slice075.png,1,539,530,0.8529477798358889
Attention U-Net,RET_Cirrus_091e68f597bb8e45ce9478363ef686b3_slice076.png,1,466,496,0.8547544400681771
Attention U-Net,RET_Cirrus_091e68f597bb8e45ce9478363ef686b3_slice077.png,1,475,499,0.8706365494141308
Attention U-Net,RET_Cirrus_091e68f597bb8e45ce9478363ef686b3_slice078.png,1,494,451,0.8084656076100893
Attention U-Net,RET_Cirrus_091e68f597bb8e45ce9478363ef686b3_slice079.png,1,427,409,0.8157894727083858
Attention U-Net,RET_Cirrus_091e68f597bb8e45ce9478363ef686b3_slice080.png,1,427,375,0.7719298235940729
Attention U-Net,RET_Cirrus_091e68f597bb8e45ce9478363ef686b3_slice082.png,1,296,297,0.7892074185679471
Attention U-Net,RET_Cirrus_091e68f597bb8e45ce9478363ef686b3_slice084.png,1,252,204,0.7587719281605879
Attention U-Net,RET_Cirrus_091e68f597bb8e45ce9478363ef686b3_slice086.png,1,217,261,0.8284518811120254
Attention U-Net,RET_Cirrus_091e68f597bb8e45ce9478363ef686b3_slice087.png,1,102,92,0.7525773157083644
Attention U-Net,RET_Cirrus_091e68f597bb8e45ce9478363ef686b3_slice089.png,1,153,140,0.7713310553879487
Attention U-Net,RET_Cirrus_091e68f597bb8e45ce9478363ef686b3_slice090.png,1,152,122,0.773722624913421
Attention U-Net,RET_Cirrus_091e68f597bb8e45ce9478363ef686b3_slice091.png,1,147,90,0.6160337526749631
Attention U-Net,RET_Cirrus_091e68f597bb8e45ce9478363ef686b3_slice093.png,1,108,108,0.6851851820130316
Attention U-Net,RET_Cirrus_091e68f597bb8e45ce9478363ef686b3_slice094.png,1,45,36,0.7407407315957935
Attention U-Net,RET_Cirrus_091e68f597bb8e45ce9478363ef686b3_slice095.png,1,18,17,0.7999999771428579
Attention U-Net,RET_Cirrus_091e68f597bb8e45ce9478363ef686b3_slice096.png,1,113,126,0.6945606665499554
Attention U-Net,RET_Cirrus_091e68f597bb8e45ce9478363ef686b3_slice097.png,1,144,154,0.8322147623080042
Attention U-Net,RET_Cirrus_091e68f597bb8e45ce9478363ef686b3_slice098.png,1,64,55,0.705882347009392
Attention U-Net,RET_Cirrus_091e68f597bb8e45ce9478363ef686b3_slice099.png,1,21,24,0.9333333125925931
Attention U-Net,RET_Cirrus_091e68f597bb8e45ce9478363ef686b3_slice100.png,1,201,146,0.7723342917223796
Attention U-Net,RET_Cirrus_091e68f597bb8e45ce9478363ef686b3_slice101.png,1,119,128,0.7611336001573539
Attention U-Net,RET_Cirrus_091e68f597bb8e45ce9478363ef686b3_slice103.png,1,211,226,0.7734553758044499
Attention U-Net,RET_Cirrus_091e68f597bb8e45ce9478363ef686b3_slice104.png,1,70,83,0.7320261390063652
Attention U-Net,RET_Cirrus_091e68f597bb8e45ce9478363ef686b3_slice106.png,1,69,84,0.8235294063821608
Attention U-Net,RET_Cirrus_091e68f597bb8e45ce9478363ef686b3_slice107.png,1,151,125,0.7608695624606175
Attention U-Net,RET_Cirrus_091e68f597bb8e45ce9478363ef686b3_slice108.png,1,131,116,0.8421052597485618
Attention U-Net,RET_Cirrus_091e68f597bb8e45ce9478363ef686b3_slice109.png,1,136,118,0.8188976345712692
Attention U-Net,RET_Cirrus_091e68f597bb8e45ce9478363ef686b3_slice111.png,1,47,46,0.924731172852353
Attention U-Net,RET_Cirrus_091e68f597bb8e45ce9478363ef686b3_slice113.png,1,44,44,0.9545454436983473
Attention U-Net,RET_Cirrus_091e68f597bb8e45ce9478363ef686b3_slice115.png,1,6,6,0.9999999166666736
Attention U-Net,RET_Cirrus_091e68f597bb8e45ce9478363ef686b3_slice117.png,1,28,40,0.3823529355536333
Attention U-Net,RET_Cirrus_091e68f597bb8e45ce9478363ef686b3_slice118.png,1,45,47,0.76086955694707
Attention U-Net,RET_Cirrus_1e0e71d2acdc57f10ab6712ab87b2ef7_slice017.png,0,0,0,
Attention U-Net,RET_Cirrus_1e0e71d2acdc57f10ab6712ab87b2ef7_slice024.png,1,110,126,0.8733624416010374
Attention U-Net,RET_Cirrus_1e0e71d2acdc57f10ab6712ab87b2ef7_slice025.png,1,67,97,0.8170731657495539
Attention U-Net,RET_Cirrus_1e0e71d2acdc57f10ab6712ab87b2ef7_slice027.png,1,173,180,0.8838526887142983
Attention U-Net,RET_Cirrus_1e0e71d2acdc57f10ab6712ab87b2ef7_slice028.png,1,187,250,0.8461538439842209
Attention U-Net,RET_Cirrus_1e0e71d2acdc57f10ab6712ab87b2ef7_slice029.png,1,240,252,0.8821138193452971
Attention U-Net,RET_Cirrus_1e0e71d2acdc57f10ab6712ab87b2ef7_slice030.png,1,298,317,0.8563591158086359
Attention U-Net,RET_Cirrus_1e0e71d2acdc57f10ab6712ab87b2ef7_slice031.png,1,304,358,0.8893280583212257
Attention U-Net,RET_Cirrus_1e0e71d2acdc57f10ab6712ab87b2ef7_slice033.png,1,360,381,0.8933873132342951
Attention U-Net,RET_Cirrus_1e0e71d2acdc57f10ab6712ab87b2ef7_slice035.png,1,450,523,0.8524397506003611
Attention U-Net,RET_Cirrus_1e0e71d2acdc57f10ab6712ab87b2ef7_slice036.png,1,521,546,0.8258173019225097
Attention U-Net,RET_Cirrus_1e0e71d2acdc57f10ab6712ab87b2ef7_slice038.png,1,857,922,0.8896061462865321
Attention U-Net,RET_Cirrus_1e0e71d2acdc57f10ab6712ab87b2ef7_slice039.png,1,1069,1027,0.8279671706574792
Attention U-Net,RET_Cirrus_1e0e71d2acdc57f10ab6712ab87b2ef7_slice040.png,1,1023,1008,0.7945839780476829
Attention U-Net,RET_Cirrus_1e0e71d2acdc57f10ab6712ab87b2ef7_slice041.png,1,1036,1024,0.9011418473978996
Attention U-Net,RET_Cirrus_1e0e71d2acdc57f10ab6712ab87b2ef7_slice043.png,1,980,1045,0.8668700008311834
Attention U-Net,RET_Cirrus_1e0e71d2acdc57f10ab6712ab87b2ef7_slice044.png,1,1066,1169,0.9360178966729227
Attention U-Net,RET_Cirrus_1e0e71d2acdc57f10ab6712ab87b2ef7_slice047.png,1,1198,1347,0.8345170587119964
Attention U-Net,RET_Cirrus_1e0e71d2acdc57f10ab6712ab87b2ef7_slice048.png,1,1196,1203,0.8877099366136889
Attention U-Net,RET_Cirrus_1e0e71d2acdc57f10ab6712ab87b2ef7_slice049.png,1,1496,1716,0.8680183147352414
Attention U-Net,RET_Cirrus_1e0e71d2acdc57f10ab6712ab87b2ef7_slice051.png,1,2013,2050,0.880454774801853
Attention U-Net,RET_Cirrus_1e0e71d2acdc57f10ab6712ab87b2ef7_slice052.png,1,2033,2117,0.911447063719974
Attention U-Net,RET_Cirrus_1e0e71d2acdc57f10ab6712ab87b2ef7_slice053.png,1,2280,2242,0.9093589126363625
Attention U-Net,RET_Cirrus_1e0e71d2acdc57f10ab6712ab87b2ef7_slice057.png,1,2688,2597,0.9362794292446196
Attention U-Net,RET_Cirrus_1e0e71d2acdc57f10ab6712ab87b2ef7_slice058.png,1,2600,2562,0.951816114652279
Attention U-Net,RET_Cirrus_1e0e71d2acdc57f10ab6712ab87b2ef7_slice059.png,1,2422,2431,0.9346678961996642
Attention U-Net,RET_Cirrus_1e0e71d2acdc57f10ab6712ab87b2ef7_slice060.png,1,2317,2248,0.9305710522218946
Attention U-Net,RET_Cirrus_1e0e71d2acdc57f10ab6712ab87b2ef7_slice062.png,1,1774,1776,0.9036095058908322
Attention U-Net,RET_Cirrus_1e0e71d2acdc57f10ab6712ab87b2ef7_slice063.png,1,1433,1388,0.9074110239069733
Attention U-Net,RET_Cirrus_1e0e71d2acdc57f10ab6712ab87b2ef7_slice064.png,1,1170,1280,0.8914221681141022
Attention U-Net,RET_Cirrus_1e0e71d2acdc57f10ab6712ab87b2ef7_slice065.png,1,1031,1011,0.9343780602671997
Attention U-Net,RET_Cirrus_1e0e71d2acdc57f10ab6712ab87b2ef7_slice066.png,1,779,857,0.8899755495782545
Attention U-Net,RET_Cirrus_1e0e71d2acdc57f10ab6712ab87b2ef7_slice067.png,1,817,769,0.8741214051922547
Attention U-Net,RET_Cirrus_1e0e71d2acdc57f10ab6712ab87b2ef7_slice069.png,1,835,889,0.9068684511601464
Attention U-Net,RET_Cirrus_1e0e71d2acdc57f10ab6712ab87b2ef7_slice070.png,1,843,895,0.8929804367704369
Attention U-Net,RET_Cirrus_1e0e71d2acdc57f10ab6712ab87b2ef7_slice071.png,1,1025,1055,0.9048076918726886
Attention U-Net,RET_Cirrus_1e0e71d2acdc57f10ab6712ab87b2ef7_slice072.png,1,1112,1102,0.84733513963535
Attention U-Net,RET_Cirrus_1e0e71d2acdc57f10ab6712ab87b2ef7_slice075.png,1,1132,1124,0.930481283007807
Attention U-Net,RET_Cirrus_1e0e71d2acdc57f10ab6712ab87b2ef7_slice076.png,1,1014,1028,0.935357492196201
Attention U-Net,RET_Cirrus_1e0e71d2acdc57f10ab6712ab87b2ef7_slice078.png,1,1285,1206,0.8994792520161804
Attention U-Net,RET_Cirrus_1e0e71d2acdc57f10ab6712ab87b2ef7_slice079.png,1,1166,1135,0.9439374181034605
Attention U-Net,RET_Cirrus_1e0e71d2acdc57f10ab6712ab87b2ef7_slice080.png,1,1132,1164,0.9329268288619658
Attention U-Net,RET_Cirrus_1e0e71d2acdc57f10ab6712ab87b2ef7_slice081.png,1,1049,1116,0.923578750734586
Attention U-Net,RET_Cirrus_1e0e71d2acdc57f10ab6712ab87b2ef7_slice082.png,1,1135,1089,0.9199640283633256
Attention U-Net,RET_Cirrus_1e0e71d2acdc57f10ab6712ab87b2ef7_slice083.png,1,849,897,0.9191390337875863
Attention U-Net,RET_Cirrus_1e0e71d2acdc57f10ab6712ab87b2ef7_slice085.png,1,642,731,0.7836577906136232
Attention U-Net,RET_Cirrus_1e0e71d2acdc57f10ab6712ab87b2ef7_slice090.png,1,645,627,0.8677230321330657
Attention U-Net,RET_Cirrus_1e0e71d2acdc57f10ab6712ab87b2ef7_slice093.png,1,213,260,0.8109363398857719
Attention U-Net,RET_Cirrus_1e0e71d2acdc57f10ab6712ab87b2ef7_slice094.png,1,79,117,0.8875739592451245
Attention U-Net,RET_Cirrus_1e0e71d2acdc57f10ab6712ab87b2ef7_slice096.png,1,50,56,0.9494949399040915
Attention U-Net,RET_Cirrus_1e0e71d2acdc57f10ab6712ab87b2ef7_slice100.png,0,0,0,
Attention U-Net,RET_Cirrus_1e0e71d2acdc57f10ab6712ab87b2ef7_slice103.png,1,41,49,0.7999999911111112
Attention U-Net,RET_Cirrus_1e0e71d2acdc57f10ab6712ab87b2ef7_slice104.png,1,43,42,0.941176459515571
Attention U-Net,RET_Cirrus_1e0e71d2acdc57f10ab6712ab87b2ef7_slice106.png,1,15,16,0.8387096503642048
Attention U-Net,RET_Cirrus_1e0e71d2acdc57f10ab6712ab87b2ef7_slice118.png,0,0,0,
Attention U-Net,RET_Cirrus_3c68f67cd2e2b41afa54bf6059f509d1_slice009.png,0,0,0,
Attention U-Net,RET_Cirrus_3c68f67cd2e2b41afa54bf6059f509d1_slice035.png,0,0,0,
Attention U-Net,RET_Cirrus_3c68f67cd2e2b41afa54bf6059f509d1_slice056.png,0,0,0,
Attention U-Net,RET_Cirrus_3c68f67cd2e2b41afa54bf6059f509d1_slice061.png,0,0,0,
Attention U-Net,RET_Cirrus_3c68f67cd2e2b41afa54bf6059f509d1_slice062.png,0,0,0,
Attention U-Net,RET_Cirrus_3c68f67cd2e2b41afa54bf6059f509d1_slice066.png,1,36,41,0.8571428460111319
Attention U-Net,RET_Cirrus_3c68f67cd2e2b41afa54bf6059f509d1_slice068.png,1,28,25,0.9056603602705593
Attention U-Net,RET_Cirrus_42533245b1c2cf49d9d5c554dbdee5a0_slice024.png,1,100,114,0.6635513987684514
Attention U-Net,RET_Cirrus_42533245b1c2cf49d9d5c554dbdee5a0_slice025.png,1,187,191,0.8783068759833151
Attention U-Net,RET_Cirrus_42533245b1c2cf49d9d5c554dbdee5a0_slice026.png,1,393,282,0.7377777766847736
Attention U-Net,RET_Cirrus_42533245b1c2cf49d9d5c554dbdee5a0_slice029.png,1,398,431,0.8926417359558001
Attention U-Net,RET_Cirrus_42533245b1c2cf49d9d5c554dbdee5a0_slice030.png,1,422,531,0.8755274252367854
Attention U-Net,RET_Cirrus_42533245b1c2cf49d9d5c554dbdee5a0_slice031.png,1,566,610,0.906462584263212
Attention U-Net,RET_Cirrus_42533245b1c2cf49d9d5c554dbdee5a0_slice032.png,1,819,783,0.9375780268804131
Attention U-Net,RET_Cirrus_42533245b1c2cf49d9d5c554dbdee5a0_slice036.png,1,905,1076,0.8955073190835399
Attention U-Net,RET_Cirrus_42533245b1c2cf49d9d5c554dbdee5a0_slice037.png,1,1298,1283,0.9337466094793698
Attention U-Net,RET_Cirrus_42533245b1c2cf49d9d5c554dbdee5a0_slice038.png,1,1425,1450,0.932869564892915
Attention U-Net,RET_Cirrus_42533245b1c2cf49d9d5c554dbdee5a0_slice039.png,1,1405,1390,0.9366726293607611
Attention U-Net,RET_Cirrus_42533245b1c2cf49d9d5c554dbdee5a0_slice040.png,1,1664,1715,0.8524651144208163
Attention U-Net,RET_Cirrus_42533245b1c2cf49d9d5c554dbdee5a0_slice041.png,1,1607,1677,0.909292797684689
Attention U-Net,RET_Cirrus_42533245b1c2cf49d9d5c554dbdee5a0_slice042.png,1,1998,1850,0.890114597009974
Attention U-Net,RET_Cirrus_42533245b1c2cf49d9d5c554dbdee5a0_slice045.png,1,1805,1957,0.9272899272684318
Attention U-Net,RET_Cirrus_42533245b1c2cf49d9d5c554dbdee5a0_slice046.png,1,2226,2295,0.9409418380585962
Attention U-Net,RET_Cirrus_42533245b1c2cf49d9d5c554dbdee5a0_slice048.png,1,2309,2462,0.9293344751370554
Attention U-Net,RET_Cirrus_42533245b1c2cf49d9d5c554dbdee5a0_slice049.png,1,2492,2632,0.941726731749924
Attention U-Net,RET_Cirrus_42533245b1c2cf49d9d5c554dbdee5a0_slice050.png,1,2725,2856,0.934411288055669
Attention U-Net,RET_Cirrus_42533245b1c2cf49d9d5c554dbdee5a0_slice051.png,1,2996,3247,0.9166243601426816
Attention U-Net,RET_Cirrus_42533245b1c2cf49d9d5c554dbdee5a0_slice052.png,1,3066,3232,0.9360115423906497
Attention U-Net,RET_Cirrus_42533245b1c2cf49d9d5c554dbdee5a0_slice053.png,1,3318,3528,0.9392091736965004
Attention U-Net,RET_Cirrus_42533245b1c2cf49d9d5c554dbdee5a0_slice054.png,1,3599,3610,0.9537047406011407
Attention U-Net,RET_Cirrus_42533245b1c2cf49d9d5c554dbdee5a0_slice055.png,1,3778,3721,0.9435269859140145
Attention U-Net,RET_Cirrus_42533245b1c2cf49d9d5c554dbdee5a0_slice059.png,1,4192,4246,0.9567072541152445
Attention U-Net,RET_Cirrus_42533245b1c2cf49d9d5c554dbdee5a0_slice060.png,1,4259,4207,0.9567017660525821
Attention U-Net,RET_Cirrus_42533245b1c2cf49d9d5c554dbdee5a0_slice062.png,1,4406,4501,0.9596661276545009
Attention U-Net,RET_Cirrus_42533245b1c2cf49d9d5c554dbdee5a0_slice064.png,1,4245,4355,0.9443342387363773
Attention U-Net,RET_Cirrus_42533245b1c2cf49d9d5c554dbdee5a0_slice065.png,1,4347,4456,0.9687044195013674
Attention U-Net,RET_Cirrus_42533245b1c2cf49d9d5c554dbdee5a0_slice066.png,1,4321,4429,0.9692411820326964
Attention U-Net,RET_Cirrus_42533245b1c2cf49d9d5c554dbdee5a0_slice067.png,1,4508,4515,0.9578101354926847
Attention U-Net,RET_Cirrus_42533245b1c2cf49d9d5c554dbdee5a0_slice069.png,1,4241,4364,0.9671023607609742
Attention U-Net,RET_Cirrus_42533245b1c2cf49d9d5c554dbdee5a0_slice070.png,1,3936,4039,0.9623798235048169
Attention U-Net,RET_Cirrus_42533245b1c2cf49d9d5c554dbdee5a0_slice071.png,1,3754,3841,0.9689979243384519
Attention U-Net,RET_Cirrus_42533245b1c2cf49d9d5c554dbdee5a0_slice072.png,1,3803,3997,0.9614284943728587
Attention U-Net,RET_Cirrus_42533245b1c2cf49d9d5c554dbdee5a0_slice073.png,1,3970,4066,0.954773881975306
Attention U-Net,RET_Cirrus_42533245b1c2cf49d9d5c554dbdee5a0_slice074.png,1,3499,3546,0.9589972217399996
Attention U-Net,RET_Cirrus_42533245b1c2cf49d9d5c554dbdee5a0_slice076.png,1,3083,3213,0.9497789771475329
Attention U-Net,RET_Cirrus_42533245b1c2cf49d9d5c554dbdee5a0_slice079.png,1,2334,2571,0.9259730951474355
Attention U-Net,RET_Cirrus_42533245b1c2cf49d9d5c554dbdee5a0_slice080.png,1,2398,2538,0.91945471769565
Attention U-Net,RET_Cirrus_42533245b1c2cf49d9d5c554dbdee5a0_slice081.png,1,2673,2798,0.935977018872084
Attention U-Net,RET_Cirrus_42533245b1c2cf49d9d5c554dbdee5a0_slice082.png,1,2754,2894,0.9415096497403708
Attention U-Net,RET_Cirrus_42533245b1c2cf49d9d5c554dbdee5a0_slice083.png,1,2619,2728,0.9294780542931614
Attention U-Net,RET_Cirrus_42533245b1c2cf49d9d5c554dbdee5a0_slice085.png,1,2380,2597,0.9227900968346179
Attention U-Net,RET_Cirrus_42533245b1c2cf49d9d5c554dbdee5a0_slice086.png,1,2489,2696,0.9224737941910712
Attention U-Net,RET_Cirrus_42533245b1c2cf49d9d5c554dbdee5a0_slice087.png,1,2439,2604,0.9364978808304294
Attention U-Net,RET_Cirrus_42533245b1c2cf49d9d5c554dbdee5a0_slice088.png,1,2099,2277,0.9228481135428406
Attention U-Net,RET_Cirrus_42533245b1c2cf49d9d5c554dbdee5a0_slice089.png,1,1922,2217,0.8927376742854973
Attention U-Net,RET_Cirrus_42533245b1c2cf49d9d5c554dbdee5a0_slice090.png,1,1805,2070,0.8938962555760811
Attention U-Net,RET_Cirrus_42533245b1c2cf49d9d5c554dbdee5a0_slice092.png,1,1791,1777,0.9444188420342896
Attention U-Net,RET_Cirrus_42533245b1c2cf49d9d5c554dbdee5a0_slice093.png,1,1627,1612,0.9027533189959218
Attention U-Net,RET_Cirrus_42533245b1c2cf49d9d5c554dbdee5a0_slice094.png,1,1402,1429,0.8966368251180488
Attention U-Net,RET_Cirrus_42533245b1c2cf49d9d5c554dbdee5a0_slice096.png,1,1041,1054,0.8545035657958664
Attention U-Net,RET_Cirrus_42533245b1c2cf49d9d5c554dbdee5a0_slice097.png,1,804,907,0.8665341110084626
Attention U-Net,RET_Cirrus_42533245b1c2cf49d9d5c554dbdee5a0_slice099.png,1,635,738,0.8822238471966175
Attention U-Net,RET_Cirrus_42533245b1c2cf49d9d5c554dbdee5a0_slice100.png,1,449,605,0.7912713464978449
Attention U-Net,RET_Cirrus_42533245b1c2cf49d9d5c554dbdee5a0_slice102.png,1,467,490,0.9028213156710331
Attention U-Net,RET_Cirrus_42533245b1c2cf49d9d5c554dbdee5a0_slice103.png,1,412,412,0.9155446745219772
Attention U-Net,RET_Cirrus_42533245b1c2cf49d9d5c554dbdee5a0_slice104.png,1,336,321,0.8949771675875537
Attention U-Net,RET_Cirrus_42533245b1c2cf49d9d5c554dbdee5a0_slice105.png,1,200,195,0.8911392382502804
Attention U-Net,RET_Cirrus_42533245b1c2cf49d9d5c554dbdee5a0_slice107.png,1,106,98,0.9215686229334872
Attention U-Net,RET_Cirrus_42533245b1c2cf49d9d5c554dbdee5a0_slice112.png,0,0,0,
Attention U-Net,RET_Cirrus_4d1f2722e3f9c55b689621d1228526db_slice017.png,1,69,78,0.8163265250590033
Attention U-Net,RET_Cirrus_4d1f2722e3f9c55b689621d1228526db_slice022.png,1,561,585,0.9499561010096961
Attention U-Net,RET_Cirrus_4d1f2722e3f9c55b689621d1228526db_slice023.png,1,693,720,0.9363636356542699
Attention U-Net,RET_Cirrus_4d1f2722e3f9c55b689621d1228526db_slice024.png,1,641,771,0.9438543240183198
Attention U-Net,RET_Cirrus_4d1f2722e3f9c55b689621d1228526db_slice025.png,1,529,801,0.8794679959439168
Attention U-Net,RET_Cirrus_4d1f2722e3f9c55b689621d1228526db_slice026.png,1,761,943,0.9325551226118319
Attention U-Net,RET_Cirrus_4d1f2722e3f9c55b689621d1228526db_slice028.png,1,905,1063,0.8464040548088274
Attention U-Net,RET_Cirrus_4d1f2722e3f9c55b689621d1228526db_slice030.png,1,862,1045,0.8225914804203974
Attention U-Net,RET_Cirrus_4d1f2722e3f9c55b689621d1228526db_slice031.png,1,1055,1024,0.8593292999870901
Attention U-Net,RET_Cirrus_4d1f2722e3f9c55b689621d1228526db_slice033.png,1,1071,1118,0.896764931580031
Attention U-Net,RET_Cirrus_4d1f2722e3f9c55b689621d1228526db_slice034.png,1,942,1100,0.7716333110265269
Attention U-Net,RET_Cirrus_4d1f2722e3f9c55b689621d1228526db_slice035.png,1,932,1030,0.8844987038925061
Attention U-Net,RET_Cirrus_4d1f2722e3f9c55b689621d1228526db_slice036.png,1,885,1083,0.8470382302982827
Attention U-Net,RET_Cirrus_4d1f2722e3f9c55b689621d1228526db_slice041.png,1,1239,1254,0.8577413433544776
Attention U-Net,RET_Cirrus_4d1f2722e3f9c55b689621d1228526db_slice042.png,1,1431,1530,0.8699215788510327
Attention U-Net,RET_Cirrus_4d1f2722e3f9c55b689621d1228526db_slice043.png,1,1191,1267,0.8884739987567508
Attention U-Net,RET_Cirrus_4d1f2722e3f9c55b689621d1228526db_slice044.png,1,1072,1272,0.8939952914985254
Attention U-Net,RET_Cirrus_4d1f2722e3f9c55b689621d1228526db_slice045.png,1,1243,1267,0.8891406290047521
Attention U-Net,RET_Cirrus_4d1f2722e3f9c55b689621d1228526db_slice046.png,1,1162,1308,0.8070078462558409
Attention U-Net,RET_Cirrus_4d1f2722e3f9c55b689621d1228526db_slice047.png,1,1306,1448,0.8311965146957112
Attention U-Net,RET_Cirrus_4d1f2722e3f9c55b689621d1228526db_slice048.png,1,1404,1343,0.7898979355239772
Attention U-Net,RET_Cirrus_4d1f2722e3f9c55b689621d1228526db_slice049.png,1,1232,1204,0.7590426105980262
Attention U-Net,RET_Cirrus_4d1f2722e3f9c55b689621d1228526db_slice050.png,1,1240,1205,0.7975190328785922
Attention U-Net,RET_Cirrus_4d1f2722e3f9c55b689621d1228526db_slice051.png,1,1147,1101,0.7774189732002802
Attention U-Net,RET_Cirrus_4d1f2722e3f9c55b689621d1228526db_slice055.png,1,1468,1402,0.8448877605933559
Attention U-Net,RET_Cirrus_4d1f2722e3f9c55b689621d1228526db_slice056.png,1,1537,1472,0.873194024121369
Attention U-Net,RET_Cirrus_4d1f2722e3f9c55b689621d1228526db_slice058.png,1,886,1220,0.7615125967943586
Attention U-Net,RET_Cirrus_4d1f2722e3f9c55b689621d1228526db_slice060.png,1,1158,1301,0.8169912419472984
Attention U-Net,RET_Cirrus_4d1f2722e3f9c55b689621d1228526db_slice061.png,1,1301,1568,0.8535496472643364
Attention U-Net,RET_Cirrus_4d1f2722e3f9c55b689621d1228526db_slice062.png,1,938,1144,0.7997203521615927
Attention U-Net,RET_Cirrus_4d1f2722e3f9c55b689621d1228526db_slice063.png,1,1332,1647,0.8423515759119103
Attention U-Net,RET_Cirrus_4d1f2722e3f9c55b689621d1228526db_slice065.png,1,1358,1547,0.8715785329829986
Attention U-Net,RET_Cirrus_4d1f2722e3f9c55b689621d1228526db_slice066.png,1,1752,1778,0.8817338600236333
Attention U-Net,RET_Cirrus_4d1f2722e3f9c55b689621d1228526db_slice067.png,1,1409,1542,0.8715071117764244
Attention U-Net,RET_Cirrus_4d1f2722e3f9c55b689621d1228526db_slice069.png,1,1554,1583,0.8785959391076448
Attention U-Net,RET_Cirrus_4d1f2722e3f9c55b689621d1228526db_slice070.png,1,1598,1593,0.8789460621204057
Attention U-Net,RET_Cirrus_4d1f2722e3f9c55b689621d1228526db_slice071.png,1,1760,1649,0.8489486789323225
Attention U-Net,RET_Cirrus_4d1f2722e3f9c55b689621d1228526db_slice072.png,1,1220,1126,0.8207936737278992
Attention U-Net,RET_Cirrus_4d1f2722e3f9c55b689621d1228526db_slice073.png,1,1137,1107,0.8448647220126577
Attention U-Net,RET_Cirrus_4d1f2722e3f9c55b689621d1228526db_slice074.png,1,1146,1194,0.8546111789069466
Attention U-Net,RET_Cirrus_4d1f2722e3f9c55b689621d1228526db_slice075.png,1,862,916,0.8454850687224802
Attention U-Net,RET_Cirrus_4d1f2722e3f9c55b689621d1228526db_slice077.png,1,651,749,0.8457118721443775
Attention U-Net,RET_Cirrus_4d1f2722e3f9c55b689621d1228526db_slice078.png,1,614,752,0.8382195644167003
Attention U-Net,RET_Cirrus_4d1f2722e3f9c55b689621d1228526db_slice079.png,1,574,695,0.8248141907950649
Attention U-Net,RET_Cirrus_4d1f2722e3f9c55b689621d1228526db_slice080.png,1,371,510,0.8113073413365455
Attention U-Net,RET_Cirrus_4d1f2722e3f9c55b689621d1228526db_slice082.png,1,443,572,0.849261082907132
Attention U-Net,RET_Cirrus_4d1f2722e3f9c55b689621d1228526db_slice083.png,1,376,540,0.8109289608623728
Attention U-Net,RET_Cirrus_4d1f2722e3f9c55b689621d1228526db_slice084.png,1,694,638,0.8302752116804732
Attention U-Net,RET_Cirrus_4d1f2722e3f9c55b689621d1228526db_slice085.png,1,643,571,0.8632619432757315
Attention U-Net,RET_Cirrus_4d1f2722e3f9c55b689621d1228526db_slice086.png,1,384,449,0.8355342126824319
Attention U-Net,RET_Cirrus_4d1f2722e3f9c55b689621d1228526db_slice087.png,1,293,416,0.7475317337834532
Attention U-Net,RET_Cirrus_4d1f2722e3f9c55b689621d1228526db_slice088.png,1,364,423,0.8386276990614642
Attention U-Net,RET_Cirrus_4d1f2722e3f9c55b689621d1228526db_slice090.png,1,340,392,0.8306010917614739
Attention U-Net,RET_Cirrus_4d1f2722e3f9c55b689621d1228526db_slice092.png,1,230,271,0.8343313356600173
Attention U-Net,RET_Cirrus_4d1f2722e3f9c55b689621d1228526db_slice098.png,0,0,23,
Attention U-Net,RET_Cirrus_4d1f2722e3f9c55b689621d1228526db_slice112.png,0,0,0,
Attention U-Net,RET_Cirrus_5fef2f4c2adcda3b9e07801f713d4ccf_slice001.png,0,0,0,
Attention U-Net,RET_Cirrus_5fef2f4c2adcda3b9e07801f713d4ccf_slice014.png,0,0,0,
Attention U-Net,RET_Cirrus_5fef2f4c2adcda3b9e07801f713d4ccf_slice016.png,0,0,43,
Attention U-Net,RET_Cirrus_5fef2f4c2adcda3b9e07801f713d4ccf_slice024.png,0,0,1,
Attention U-Net,RET_Cirrus_5fef2f4c2adcda3b9e07801f713d4ccf_slice030.png,1,172,168,0.8176470564186852
Attention U-Net,RET_Cirrus_5fef2f4c2adcda3b9e07801f713d4ccf_slice032.png,1,330,334,0.8614457818351721
Attention U-Net,RET_Cirrus_5fef2f4c2adcda3b9e07801f713d4ccf_slice033.png,1,398,395,0.8953341728936517
Attention U-Net,RET_Cirrus_5fef2f4c2adcda3b9e07801f713d4ccf_slice034.png,1,416,404,0.9268292671624033
Attention U-Net,RET_Cirrus_5fef2f4c2adcda3b9e07801f713d4ccf_slice035.png,1,485,496,0.8585701332939322
Attention U-Net,RET_Cirrus_5fef2f4c2adcda3b9e07801f713d4ccf_slice036.png,1,427,578,0.7879992719764376
Attention U-Net,RET_Cirrus_5fef2f4c2adcda3b9e07801f713d4ccf_slice038.png,1,458,568,0.8500051900414258
Attention U-Net,RET_Cirrus_5fef2f4c2adcda3b9e07801f713d4ccf_slice039.png,1,658,651,0.9092110461145284
Attention U-Net,RET_Cirrus_5fef2f4c2adcda3b9e07801f713d4ccf_slice045.png,1,1563,1506,0.9491969842841046
Attention U-Net,RET_Cirrus_5fef2f4c2adcda3b9e07801f713d4ccf_slice046.png,1,1897,1752,0.9489571896407911
Attention U-Net,RET_Cirrus_5fef2f4c2adcda3b9e07801f713d4ccf_slice048.png,1,2262,2261,0.8653803241296316
Attention U-Net,RET_Cirrus_5fef2f4c2adcda3b9e07801f713d4ccf_slice049.png,1,2512,2410,0.954341622308532
Attention U-Net,RET_Cirrus_5fef2f4c2adcda3b9e07801f713d4ccf_slice050.png,1,2601,2605,0.9631782943869809
Attention U-Net,RET_Cirrus_5fef2f4c2adcda3b9e07801f713d4ccf_slice051.png,1,2702,2625,0.8366528294349541
Attention U-Net,RET_Cirrus_5fef2f4c2adcda3b9e07801f713d4ccf_slice052.png,1,2763,2564,0.9532569924998578
Attention U-Net,RET_Cirrus_5fef2f4c2adcda3b9e07801f713d4ccf_slice053.png,1,2729,2672,0.9273059619844134
Attention U-Net,RET_Cirrus_5fef2f4c2adcda3b9e07801f713d4ccf_slice054.png,1,2685,2583,0.9214811633856632
Attention U-Net,RET_Cirrus_5fef2f4c2adcda3b9e07801f713d4ccf_slice055.png,1,2448,2468,0.9487278668042283
Attention U-Net,RET_Cirrus_5fef2f4c2adcda3b9e07801f713d4ccf_slice059.png,1,1981,1905,0.9130851692389342
Attention U-Net,RET_Cirrus_5fef2f4c2adcda3b9e07801f713d4ccf_slice062.png,1,1720,1750,0.9089759005398668
Attention U-Net,RET_Cirrus_5fef2f4c2adcda3b9e07801f713d4ccf_slice063.png,1,1938,1929,0.949961234979974
Attention U-Net,RET_Cirrus_5fef2f4c2adcda3b9e07801f713d4ccf_slice065.png,1,1896,1894,0.9020790737560108
Attention U-Net,RET_Cirrus_5fef2f4c2adcda3b9e07801f713d4ccf_slice067.png,1,2118,2026,0.9215343207854363
Attention U-Net,RET_Cirrus_5fef2f4c2adcda3b9e07801f713d4ccf_slice068.png,1,2087,2009,0.9223342794285644
Attention U-Net,RET_Cirrus_5fef2f4c2adcda3b9e07801f713d4ccf_slice069.png,1,2184,2138,0.9251321256913574
Attention U-Net,RET_Cirrus_5fef2f4c2adcda3b9e07801f713d4ccf_slice070.png,1,2056,2140,0.9077458221443839
Attention U-Net,RET_Cirrus_5fef2f4c2adcda3b9e07801f713d4ccf_slice072.png,1,2285,2178,0.9405801394324496
Attention U-Net,RET_Cirrus_5fef2f4c2adcda3b9e07801f713d4ccf_slice073.png,1,2299,2263,0.9465226600862691
Attention U-Net,RET_Cirrus_5fef2f4c2adcda3b9e07801f713d4ccf_slice074.png,1,2213,2182,0.9471055735158282
Attention U-Net,RET_Cirrus_5fef2f4c2adcda3b9e07801f713d4ccf_slice075.png,1,2250,2205,0.9405405129575302
Attention U-Net,RET_Cirrus_5fef2f4c2adcda3b9e07801f713d4ccf_slice080.png,1,1486,1469,0.9329722407132796
Attention U-Net,RET_Cirrus_5fef2f4c2adcda3b9e07801f713d4ccf_slice082.png,1,951,1038,0.9150326792785154
Attention U-Net,RET_Cirrus_5fef2f4c2adcda3b9e07801f713d4ccf_slice084.png,1,536,603,0.8641975301021185
Attention U-Net,RET_Cirrus_5fef2f4c2adcda3b9e07801f713d4ccf_slice086.png,1,510,519,0.8640088457339372
Attention U-Net,RET_Cirrus_5fef2f4c2adcda3b9e07801f713d4ccf_slice087.png,1,382,428,0.8869834747803124
Attention U-Net,RET_Cirrus_5fef2f4c2adcda3b9e07801f713d4ccf_slice088.png,1,443,492,0.8899987313265254
Attention U-Net,RET_Cirrus_5fef2f4c2adcda3b9e07801f713d4ccf_slice089.png,1,332,432,0.8979020966462907
Attention U-Net,RET_Cirrus_5fef2f4c2adcda3b9e07801f713d4ccf_slice090.png,1,331,356,0.9255383117655749
Attention U-Net,RET_Cirrus_5fef2f4c2adcda3b9e07801f713d4ccf_slice091.png,1,274,316,0.8352303490543915
Attention U-Net,RET_Cirrus_5fef2f4c2adcda3b9e07801f713d4ccf_slice092.png,1,352,347,0.879236576697833
Attention U-Net,RET_Cirrus_5fef2f4c2adcda3b9e07801f713d4ccf_slice093.png,1,418,396,0.841469106052839
Attention U-Net,RET_Cirrus_5fef2f4c2adcda3b9e07801f713d4ccf_slice094.png,1,335,297,0.7770270257144813
Attention U-Net,RET_Cirrus_5fef2f4c2adcda3b9e07801f713d4ccf_slice095.png,1,353,397,0.896551722901308
Attention U-Net,RET_Cirrus_5fef2f4c2adcda3b9e07801f713d4ccf_slice096.png,1,359,335,0.8703170016277854
Attention U-Net,RET_Cirrus_5fef2f4c2adcda3b9e07801f713d4ccf_slice101.png,0,0,45,
Attention U-Net,RET_Cirrus_5fef2f4c2adcda3b9e07801f713d4ccf_slice110.png,0,0,2,
Attention U-Net,RET_Cirrus_5fef2f4c2adcda3b9e07801f713d4ccf_slice116.png,0,0,0,
Attention U-Net,RET_Cirrus_5fef2f4c2adcda3b9e07801f713d4ccf_slice120.png,0,0,0,
Attention U-Net,RET_Cirrus_6107c818602ec2abf340a89b8e225b12_slice002.png,1,392,443,0.7952095798859765
Attention U-Net,RET_Cirrus_6107c818602ec2abf340a89b8e225b12_slice004.png,1,544,540,0.8560885600958592
Attention U-Net,RET_Cirrus_6107c818602ec2abf340a89b8e225b12_slice005.png,1,377,297,0.7893175062473035
Attention U-Net,RET_Cirrus_6107c818602ec2abf340a89b8e225b12_slice006.png,1,318,386,0.8295454533671229
Attention U-Net,RET_Cirrus_6107c818602ec2abf340a89b8e225b12_slice008.png,1,410,407,0.8861689095640527
Attention U-Net,RET_Cirrus_6107c818602ec2abf340a89b8e225b12_slice009.png,1,417,438,0.8912280691330666
Attention U-Net,RET_Cirrus_6107c818602ec2abf340a89b8e225b12_slice010.png,1,459,572,0.7740058188418953
Attention U-Net,RET_Cirrus_6107c818602ec2abf340a89b8e225b12_slice011.png,1,687,650,0.8242333576482921
Attention U-Net,RET_Cirrus_6107c818602ec2abf340a89b8e225b12_slice012.png,1,669,631,0.7892307686236686
Attention U-Net,RET_Cirrus_6107c818602ec2abf340a89b8e225b12_slice014.png,1,723,527,0.719999999424
Attention U-Net,RET_Cirrus_6107c818602ec2abf340a89b8e225b12_slice020.png,1,599,766,0.7838827833085107
Attention U-Net,RET_Cirrus_6107c818602ec2abf340a89b8e225b12_slice022.png,1,718,635,0.8736141900416746
Attention U-Net,RET_Cirrus_6107c818602ec2abf340a89b8e225b12_slice023.png,1,680,701,0.722664735175478
Attention U-Net,RET_Cirrus_6107c818602ec2abf340a89b8e225b12_slice024.png,1,973,810,0.8098710034717492
Attention U-Net,RET_Cirrus_6107c818602ec2abf340a89b8e225b12_slice025.png,1,847,868,0.8139941686215777
Attention U-Net,RET_Cirrus_6107c818602ec2abf340a89b8e225b12_slice026.png,1,1126,1184,0.8233766230201833
Attention U-Net,RET_Cirrus_6107c818602ec2abf340a89b8e225b12_slice028.png,1,926,946,0.8568376063798944
Attention U-Net,RET_Cirrus_6107c818602ec2abf340a89b8e225b12_slice029.png,1,809,1020,0.7960634222000746
Attention U-Net,RET_Cirrus_6107c818602ec2abf340a89b8e225b12_slice030.png,1,1014,970,0.84072580602786
Attention U-Net,RET_Cirrus_6107c818602ec2abf340a89b8e225b12_slice031.png,1,1177,937,0.7511825918868579
Attention U-Net,RET_Cirrus_6107c818602ec2abf340a89b8e225b12_slice033.png,1,660,978,0.6105006101278995
Attention U-Net,RET_Cirrus_6107c818602ec2abf340a89b8e225b12_slice034.png,1,903,1041,0.7160493823477112
Attention U-Net,RET_Cirrus_6107c818602ec2abf340a89b8e225b12_slice035.png,1,813,787,0.7237499995476562
Attention U-Net,RET_Cirrus_6107c818602ec2abf340a89b8e225b12_slice036.png,1,888,639,0.7256057624586734
Attention U-Net,RET_Cirrus_6107c818602ec2abf340a89b8e225b12_slice037.png,1,564,645,0.7758478074641456
Attention U-Net,RET_Cirrus_6107c818602ec2abf340a89b8e225b12_slice039.png,1,765,692,0.8853809190903356
Attention U-Net,RET_Cirrus_6107c818602ec2abf340a89b8e225b12_slice041.png,1,875,676,0.8110896190773116
Attention U-Net,RET_Cirrus_6107c818602ec2abf340a89b8e225b12_slice042.png,1,620,642,0.8874801894710933
Attention U-Net,RET_Cirrus_6107c818602ec2abf340a89b8e225b12_slice043.png,1,1122,1080,0.8346957307744343
Attention U-Net,RET_Cirrus_6107c818602ec2abf340a89b8e225b12_slice046.png,1,1270,1286,0.8450704222045891
Attention U-Net,RET_Cirrus_6107c818602ec2abf340a89b8e225b12_slice047.png,1,1131,1066,0.8347746923828974
Attention U-Net,RET_Cirrus_6107c818602ec2abf340a89b8e225b12_slice049.png,1,713,634,0.8270230134914454
Attention U-Net,RET_Cirrus_6107c818602ec2abf340a89b8e225b12_slice050.png,1,995,989,0.8256048382935459
Attention U-Net,RET_Cirrus_6107c818602ec2abf340a89b8e225b12_slice051.png,1,1931,1498,0.762904636697899
Attention U-Net,RET_Cirrus_6107c818602ec2abf340a89b8e225b12_slice052.png,1,1201,1070,0.7415235575774886
Attention U-Net,RET_Cirrus_6107c818602ec2abf340a89b8e225b12_slice053.png,1,2046,1735,0.835228775235327
Attention U-Net,RET_Cirrus_6107c818602ec2abf340a89b8e225b12_slice054.png,1,1285,1498,0.7912324826477786
Attention U-Net,RET_Cirrus_6107c818602ec2abf340a89b8e225b12_slice055.png,1,1577,1457,0.8523401447421424
Attention U-Net,RET_Cirrus_6107c818602ec2abf340a89b8e225b12_slice056.png,1,2077,1625,0.7660723930939837
Attention U-Net,RET_Cirrus_6107c818602ec2abf340a89b8e225b12_slice057.png,1,1844,1764,0.8470066516499427
Attention U-Net,RET_Cirrus_6107c818602ec2abf340a89b8e225b12_slice058.png,1,2592,2329,0.8595813857224992
Attention U-Net,RET_Cirrus_6107c818602ec2abf340a89b8e225b12_slice059.png,1,3294,2913,0.8361527306531089
Attention U-Net,RET_Cirrus_6107c818602ec2abf340a89b8e225b12_slice060.png,1,2278,2363,0.8118939881896371
Attention U-Net,RET_Cirrus_6107c818602ec2abf340a89b8e225b12_slice061.png,1,2375,2165,0.8497797354956431
Attention U-Net,RET_Cirrus_6107c818602ec2abf340a89b8e225b12_slice062.png,1,2746,2482,0.8573068093233919
Attention U-Net,RET_Cirrus_6107c818602ec2abf340a89b8e225b12_slice064.png,1,3128,3221,0.8788785634148876
Attention U-Net,RET_Cirrus_6107c818602ec2abf340a89b8e225b12_slice065.png,1,3637,3158,0.8711674527017736
Attention U-Net,RET_Cirrus_6107c818602ec2abf340a89b8e225b12_slice067.png,1,2012,2443,0.8143658808497495
Attention U-Net,RET_Cirrus_6107c818602ec2abf340a89b8e225b12_slice068.png,1,2993,2944,0.8916596460165696
Attention U-Net,RET_Cirrus_6107c818602ec2abf340a89b8e225b12_slice069.png,1,3003,2964,0.8181665827353499
Attention U-Net,RET_Cirrus_6107c818602ec2abf340a89b8e225b12_slice070.png,1,1792,1705,0.8687446380129412
Attention U-Net,RET_Cirrus_6107c818602ec2abf340a89b8e225b12_slice072.png,1,1756,1819,0.8766433563981417
Attention U-Net,RET_Cirrus_6107c818602ec2abf340a89b8e225b12_slice074.png,1,1585,1517,0.8671824626475879
Attention U-Net,RET_Cirrus_6107c818602ec2abf340a89b8e225b12_slice075.png,1,1679,1612,0.8653904585641475
Attention U-Net,RET_Cirrus_6107c818602ec2abf340a89b8e225b12_slice076.png,1,967,920,0.802331743083025
Attention U-Net,RET_Cirrus_6107c818602ec2abf340a89b8e225b12_slice079.png,1,759,659,0.8152327215689472
Attention U-Net,RET_Cirrus_6107c818602ec2abf340a89b8e225b12_slice081.png,1,861,814,0.8382089547234572
Attention U-Net,RET_Cirrus_6107c818602ec2abf340a89b8e225b12_slice082.png,1,701,648,0.8317272047207359
Attention U-Net,RET_Cirrus_6107c818602ec2abf340a89b8e225b12_slice083.png,1,414,451,0.7976878603494938
Attention U-Net,RET_Cirrus_6107c818602ec2abf340a89b8e225b12_slice084.png,1,514,480,0.8169014076288719
Attention U-Net,RET_Cirrus_6107c818602ec2abf340a89b8e225b12_slice085.png,1,470,499,0.8214654274288282
Attention U-Net,RET_Cirrus_6107c818602ec2abf340a89b8e225b12_slice086.png,1,237,249,0.8312757184541651
Attention U-Net,RET_Cirrus_6107c818602ec2abf340a89b8e225b12_slice087.png,1,262,213,0.7915789457019391
Attention U-Net,RET_Cirrus_6107c818602ec2abf340a89b8e225b12_slice088.png,1,262,235,0.7766599581958552
Attention U-Net,RET_Cirrus_6107c818602ec2abf340a89b8e225b12_slice089.png,1,255,236,0.8146639494609695
Attention U-Net,RET_Cirrus_6107c818602ec2abf340a89b8e225b12_slice090.png,1,212,229,0.8951048930184036
Attention U-Net,RET_Cirrus_6107c818602ec2abf340a89b8e225b12_slice092.png,1,26,26,0.8461538298816571
Attention U-Net,RET_Cirrus_6107c818602ec2abf340a89b8e225b12_slice093.png,1,76,61,0.8467153222867495
Attention U-Net,RET_Cirrus_6107c818602ec2abf340a89b8e225b12_slice100.png,0,0,0,
Attention U-Net,RET_Cirrus_6107c818602ec2abf340a89b8e225b12_slice107.png,1,25,27,0.9230769053254442
Attention U-Net,RET_Cirrus_6107c818602ec2abf340a89b8e225b12_slice108.png,1,25,22,0.8936170022634681
Attention U-Net,RET_Cirrus_6107c818602ec2abf340a89b8e225b12_slice112.png,0,0,0,
Attention U-Net,RET_Cirrus_6107c818602ec2abf340a89b8e225b12_slice121.png,0,0,0,
Attention U-Net,RET_Cirrus_644b104a47cf811b3828eb4655284991_slice008.png,0,0,0,
Attention U-Net,RET_Cirrus_644b104a47cf811b3828eb4655284991_slice015.png,0,0,0,
Attention U-Net,RET_Cirrus_644b104a47cf811b3828eb4655284991_slice025.png,1,65,48,0.743362825279975
Attention U-Net,RET_Cirrus_644b104a47cf811b3828eb4655284991_slice026.png,1,80,65,0.8413793045422117
Attention U-Net,RET_Cirrus_644b104a47cf811b3828eb4655284991_slice028.png,1,108,111,0.8837209261222283
Attention U-Net,RET_Cirrus_644b104a47cf811b3828eb4655284991_slice029.png,1,153,156,0.9126213562698338
Attention U-Net,RET_Cirrus_644b104a47cf811b3828eb4655284991_slice030.png,1,254,258,0.9063054787380525
Attention U-Net,RET_Cirrus_644b104a47cf811b3828eb4655284991_slice031.png,1,299,270,0.8629420861034326
Attention U-Net,RET_Cirrus_644b104a47cf811b3828eb4655284991_slice032.png,1,553,579,0.9379902449249466
Attention U-Net,RET_Cirrus_644b104a47cf811b3828eb4655284991_slice033.png,1,844,837,0.9265457448891566
Attention U-Net,RET_Cirrus_644b104a47cf811b3828eb4655284991_slice034.png,1,1023,1047,0.941459206624756
Attention U-Net,RET_Cirrus_644b104a47cf811b3828eb4655284991_slice035.png,1,1269,1273,0.9331945802296499
Attention U-Net,RET_Cirrus_644b104a47cf811b3828eb4655284991_slice037.png,1,1670,1744,0.937692476671576
Attention U-Net,RET_Cirrus_644b104a47cf811b3828eb4655284991_slice038.png,1,2073,2101,0.9627068627902011
Attention U-Net,RET_Cirrus_644b104a47cf811b3828eb4655284991_slice039.png,1,2391,2372,0.9596818933506515
Attention U-Net,RET_Cirrus_644b104a47cf811b3828eb4655284991_slice040.png,1,2661,2622,0.9227431052115482
Attention U-Net,RET_Cirrus_644b104a47cf811b3828eb4655284991_slice041.png,1,3154,2891,0.9015587211135265
Attention U-Net,RET_Cirrus_644b104a47cf811b3828eb4655284991_slice043.png,1,3305,3508,0.9285683265158426
Attention U-Net,RET_Cirrus_644b104a47cf811b3828eb4655284991_slice044.png,1,3777,3937,0.9448294828752413
Attention U-Net,RET_Cirrus_644b104a47cf811b3828eb4655284991_slice045.png,1,4373,4232,0.9314099417394045
Attention U-Net,RET_Cirrus_644b104a47cf811b3828eb4655284991_slice046.png,1,4357,4511,0.9531041976135752
Attention U-Net,RET_Cirrus_644b104a47cf811b3828eb4655284991_slice047.png,1,4700,4734,0.9457633125539862
Attention U-Net,RET_Cirrus_644b104a47cf811b3828eb4655284991_slice048.png,1,5095,5112,0.9552137134674478
Attention U-Net,RET_Cirrus_644b104a47cf811b3828eb4655284991_slice051.png,1,5273,5434,0.9458445454055416
Attention U-Net,RET_Cirrus_644b104a47cf811b3828eb4655284991_slice054.png,1,5909,6193,0.9288148666591377
Attention U-Net,RET_Cirrus_644b104a47cf811b3828eb4655284991_slice057.png,1,6553,6601,0.9493995037550997
Attention U-Net,RET_Cirrus_644b104a47cf811b3828eb4655284991_slice058.png,1,6895,6915,0.9489903842654133
Attention U-Net,RET_Cirrus_644b104a47cf811b3828eb4655284991_slice059.png,1,7061,7077,0.9379645181659311
Attention U-Net,RET_Cirrus_644b104a47cf811b3828eb4655284991_slice060.png,1,7236,7214,0.9355707461655286
Attention U-Net,RET_Cirrus_644b104a47cf811b3828eb4655284991_slice061.png,1,7122,7168,0.9110163405772229
Attention U-Net,RET_Cirrus_644b104a47cf811b3828eb4655284991_slice062.png,1,7594,7357,0.945724174949198
Attention U-Net,RET_Cirrus_644b104a47cf811b3828eb4655284991_slice065.png,1,7460,7580,0.945802478170906
Attention U-Net,RET_Cirrus_644b104a47cf811b3828eb4655284991_slice067.png,1,7741,7540,0.9580454863466333
Attention U-Net,RET_Cirrus_644b104a47cf811b3828eb4655284991_slice068.png,1,7419,7468,0.9587330364201031
Attention U-Net,RET_Cirrus_644b104a47cf811b3828eb4655284991_slice069.png,1,7474,7561,0.9658263579941406
Attention U-Net,RET_Cirrus_644b104a47cf811b3828eb4655284991_slice070.png,1,7365,7496,0.9582718356300224
Attention U-Net,RET_Cirrus_644b104a47cf811b3828eb4655284991_slice071.png,1,7777,7744,0.9575624508419409
Attention U-Net,RET_Cirrus_644b104a47cf811b3828eb4655284991_slice073.png,1,7358,7372,0.9356552752940455
Attention U-Net,RET_Cirrus_644b104a47cf811b3828eb4655284991_slice075.png,1,7173,7257,0.9660506737879897
Attention U-Net,RET_Cirrus_644b104a47cf811b3828eb4655284991_slice076.png,1,7433,7364,0.9590721746331161
Attention U-Net,RET_Cirrus_644b104a47cf811b3828eb4655284991_slice077.png,1,7051,7166,0.9574723257590083
Attention U-Net,RET_Cirrus_644b104a47cf811b3828eb4655284991_slice080.png,1,6900,6892,0.9568966469783449
Attention U-Net,RET_Cirrus_644b104a47cf811b3828eb4655284991_slice081.png,1,7093,7090,0.9620528144439331
Attention U-Net,RET_Cirrus_644b104a47cf811b3828eb4655284991_slice083.png,1,7542,7138,0.9430264439064524
Attention U-Net,RET_Cirrus_644b104a47cf811b3828eb4655284991_slice085.png,1,7255,6919,0.9412005954027662
Attention U-Net,RET_Cirrus_644b104a47cf811b3828eb4655284991_slice086.png,1,6877,6616,0.9615488963556629
Attention U-Net,RET_Cirrus_644b104a47cf811b3828eb4655284991_slice089.png,1,6632,6466,0.9651025522234727
Attention U-Net,RET_Cirrus_644b104a47cf811b3828eb4655284991_slice090.png,1,6256,6390,0.9612058652808575
Attention U-Net,RET_Cirrus_644b104a47cf811b3828eb4655284991_slice093.png,1,5715,5687,0.9621992060468336
Attention U-Net,RET_Cirrus_644b104a47cf811b3828eb4655284991_slice094.png,1,5770,5810,0.9626115815440159
Attention U-Net,RET_Cirrus_644b104a47cf811b3828eb4655284991_slice095.png,1,5815,5758,0.9620108692897231
Attention U-Net,RET_Cirrus_644b104a47cf811b3828eb4655284991_slice096.png,1,5689,5506,0.9520059950517727
Attention U-Net,RET_Cirrus_644b104a47cf811b3828eb4655284991_slice098.png,1,5353,5278,0.9642819644985042
Attention U-Net,RET_Cirrus_644b104a47cf811b3828eb4655284991_slice102.png,1,4560,4540,0.9569017213809027
Attention U-Net,RET_Cirrus_644b104a47cf811b3828eb4655284991_slice104.png,1,4119,4028,0.9654288267434004
Attention U-Net,RET_Cirrus_644b104a47cf811b3828eb4655284991_slice106.png,1,3503,3435,0.958570859488155
Attention U-Net,RET_Cirrus_644b104a47cf811b3828eb4655284991_slice107.png,1,3026,3034,0.9514299651623156
Attention U-Net,RET_Cirrus_644b104a47cf811b3828eb4655284991_slice108.png,1,2684,2685,0.9623481111425751
Attention U-Net,RET_Cirrus_644b104a47cf811b3828eb4655284991_slice109.png,1,2413,2349,0.954320026368277
Attention U-Net,RET_Cirrus_644b104a47cf811b3828eb4655284991_slice114.png,1,1169,1099,0.9320987650211205
Attention U-Net,RET_Cirrus_644b104a47cf811b3828eb4655284991_slice116.png,1,997,1014,0.9537543505948511
Attention U-Net,RET_Cirrus_644b104a47cf811b3828eb4655284991_slice118.png,1,732,715,0.9315825840141101
Attention U-Net,RET_Cirrus_644b104a47cf811b3828eb4655284991_slice119.png,1,587,624,0.9215524352423183
Attention U-Net,RET_Cirrus_644b104a47cf811b3828eb4655284991_slice122.png,1,202,209,0.8759124066279503
Attention U-Net,RET_Cirrus_644b104a47cf811b3828eb4655284991_slice123.png,1,70,98,0.7619047573696146
Attention U-Net,RET_Cirrus_6a96f7c246314e625bacfb78d18ad09e_slice001.png,0,0,0,
Attention U-Net,RET_Cirrus_6a96f7c246314e625bacfb78d18ad09e_slice008.png,0,0,0,
Attention U-Net,RET_Cirrus_6a96f7c246314e625bacfb78d18ad09e_slice017.png,0,0,11,
Attention U-Net,RET_Cirrus_6a96f7c246314e625bacfb78d18ad09e_slice037.png,0,0,0,
Attention U-Net,RET_Cirrus_6a96f7c246314e625bacfb78d18ad09e_slice039.png,0,0,0,
Attention U-Net,RET_Cirrus_6a96f7c246314e625bacfb78d18ad09e_slice046.png,1,10,14,0.8333332986111125
Attention U-Net,RET_Cirrus_6a96f7c246314e625bacfb78d18ad09e_slice048.png,1,12,11,0.8695651795841226
Attention U-Net,RET_Cirrus_6a96f7c246314e625bacfb78d18ad09e_slice049.png,1,33,48,0.7160493738759337
Attention U-Net,RET_Cirrus_6a96f7c246314e625bacfb78d18ad09e_slice051.png,1,24,29,0.7547169668921327
Attention U-Net,RET_Cirrus_6a96f7c246314e625bacfb78d18ad09e_slice052.png,1,18,19,0.6486486311176046
Attention U-Net,RET_Cirrus_6a96f7c246314e625bacfb78d18ad09e_slice053.png,1,127,112,0.7949790761716357
Attention U-Net,RET_Cirrus_6a96f7c246314e625bacfb78d18ad09e_slice054.png,1,119,106,0.8355555518419754
Attention U-Net,RET_Cirrus_6a96f7c246314e625bacfb78d18ad09e_slice057.png,1,182,155,0.8011869412427687
Attention U-Net,RET_Cirrus_6a96f7c246314e625bacfb78d18ad09e_slice058.png,1,200,237,0.8512585792877378
Attention U-Net,RET_Cirrus_6a96f7c246314e625bacfb78d18ad09e_slice059.png,1,275,288,0.8703374762516208
Attention U-Net,RET_Cirrus_6a96f7c246314e625bacfb78d18ad09e_slice060.png,1,270,260,0.8981132058526166
Attention U-Net,RET_Cirrus_6a96f7c246314e625bacfb78d18ad09e_slice062.png,1,333,339,0.9017857129437713
Attention U-Net,RET_Cirrus_6a96f7c246314e625bacfb78d18ad09e_slice063.png,1,285,276,0.8983957203237153
Attention U-Net,RET_Cirrus_6a96f7c246314e625bacfb78d18ad09e_slice064.png,1,507,495,0.932135727612639
Attention U-Net,RET_Cirrus_6a96f7c246314e625bacfb78d18ad09e_slice065.png,1,406,385,0.9203539811373528
Attention U-Net,RET_Cirrus_6a96f7c246314e625bacfb78d18ad09e_slice066.png,1,492,455,0.8891235471075781
Attention U-Net,RET_Cirrus_6a96f7c246314e625bacfb78d18ad09e_slice067.png,1,478,486,0.9128630695924657
Attention U-Net,RET_Cirrus_6a96f7c246314e625bacfb78d18ad09e_slice068.png,1,502,489,0.9202825419573335
Attention U-Net,RET_Cirrus_6a96f7c246314e625bacfb78d18ad09e_slice069.png,1,617,569,0.9139966265480635
Attention U-Net,RET_Cirrus_6a96f7c246314e625bacfb78d18ad09e_slice070.png,1,623,628,0.9208633086164162
Attention U-Net,RET_Cirrus_6a96f7c246314e625bacfb78d18ad09e_slice071.png,1,432,459,0.886644218982442
Attention U-Net,RET_Cirrus_6a96f7c246314e625bacfb78d18ad09e_slice072.png,1,369,378,0.8728246306923365
Attention U-Net,RET_Cirrus_6a96f7c246314e625bacfb78d18ad09e_slice073.png,1,264,276,0.8555555539711934
Attention U-Net,RET_Cirrus_6a96f7c246314e625bacfb78d18ad09e_slice075.png,1,215,238,0.8211920511673465
Attention U-Net,RET_Cirrus_6a96f7c246314e625bacfb78d18ad09e_slice076.png,1,289,263,0.8949275346106386
Attention U-Net,RET_Cirrus_6a96f7c246314e625bacfb78d18ad09e_slice077.png,1,212,211,0.9030732839170844
Attention U-Net,RET_Cirrus_6a96f7c246314e625bacfb78d18ad09e_slice078.png,1,202,218,0.8714285693537415
Attention U-Net,RET_Cirrus_6a96f7c246314e625bacfb78d18ad09e_slice079.png,1,181,179,0.8944444419598766
Attention U-Net,RET_Cirrus_6a96f7c246314e625bacfb78d18ad09e_slice080.png,1,160,144,0.88815789181527
Attention U-Net,RET_Cirrus_6a96f7c246314e625bacfb78d18ad09e_slice081.png,1,106,99,0.7707317035574064
Attention U-Net,RET_Cirrus_6a96f7c246314e625bacfb78d18ad09e_slice082.png,1,40,47,0.7586206809353945
Attention U-Net,RET_Cirrus_6a96f7c246314e625bacfb78d18ad09e_slice083.png,1,24,31,0.7636363497520664
Attention U-Net,RET_Cirrus_6a96f7c246314e625bacfb78d18ad09e_slice086.png,0,0,0,
Attention U-Net,RET_Cirrus_6a96f7c246314e625bacfb78d18ad09e_slice087.png,0,0,0,
Attention U-Net,RET_Cirrus_6a96f7c246314e625bacfb78d18ad09e_slice111.png,0,0,0,
Attention U-Net,RET_Cirrus_6a96f7c246314e625bacfb78d18ad09e_slice112.png,0,0,0,
Attention U-Net,RET_Cirrus_6a96f7c246314e625bacfb78d18ad09e_slice125.png,0,0,0,
Attention U-Net,RET_Cirrus_6af50661914d9c03417adbe6eb91ebae_slice000.png,0,0,0,
Attention U-Net,RET_Cirrus_6af50661914d9c03417adbe6eb91ebae_slice005.png,0,0,0,
Attention U-Net,RET_Cirrus_6af50661914d9c03417adbe6eb91ebae_slice010.png,0,0,0,
Attention U-Net,RET_Cirrus_6af50661914d9c03417adbe6eb91ebae_slice026.png,0,0,0,
Attention U-Net,RET_Cirrus_6af50661914d9c03417adbe6eb91ebae_slice054.png,1,56,55,0.9549549463517573
Attention U-Net,RET_Cirrus_6af50661914d9c03417adbe6eb91ebae_slice057.png,1,233,232,0.7827956972412996
Attention U-Net,RET_Cirrus_6af50661914d9c03417adbe6eb91ebae_slice058.png,1,48,64,0.7678571360012756
Attention U-Net,RET_Cirrus_6af50661914d9c03417adbe6eb91ebae_slice061.png,1,60,59,0.8907562950356614
Attention U-Net,RET_Cirrus_6af50661914d9c03417adbe6eb91ebae_slice063.png,1,77,46,0.6666666612466126
Attention U-Net,RET_Cirrus_6af50661914d9c03417adbe6eb91ebae_slice064.png,1,104,136,0.7999999966666667
Attention U-Net,RET_Cirrus_6af50661914d9c03417adbe6eb91ebae_slice065.png,1,150,176,0.6993865009221273
Attention U-Net,RET_Cirrus_6af50661914d9c03417adbe6eb91ebae_slice066.png,1,250,226,0.8506493465776178
Attention U-Net,RET_Cirrus_6af50661914d9c03417adbe6eb91ebae_slice069.png,1,203,171,0.8502673774057022
Attention U-Net,RET_Cirrus_6af50661914d9c03417adbe6eb91ebae_slice070.png,1,275,240,0.8402693246478437
Attention U-Net,RET_Cirrus_6af50661914d9c03417adbe6eb91ebae_slice071.png,1,278,252,0.8257805986863823
Attention U-Net,RET_Cirrus_6af50661914d9c03417adbe6eb91ebae_slice072.png,1,278,239,0.8186104144196531
Attention U-Net,RET_Cirrus_6af50661914d9c03417adbe6eb91ebae_slice073.png,1,390,381,0.8037462416344516
Attention U-Net,RET_Cirrus_6af50661914d9c03417adbe6eb91ebae_slice074.png,1,211,215,0.8475452174482035
Attention U-Net,RET_Cirrus_6af50661914d9c03417adbe6eb91ebae_slice075.png,1,197,250,0.7570621447540617
Attention U-Net,RET_Cirrus_6af50661914d9c03417adbe6eb91ebae_slice076.png,1,337,205,0.6812569496629413
Attention U-Net,RET_Cirrus_6af50661914d9c03417adbe6eb91ebae_slice077.png,1,181,177,0.824829204132445
Attention U-Net,RET_Cirrus_6af50661914d9c03417adbe6eb91ebae_slice079.png,1,486,459,0.8503086362948437
Attention U-Net,RET_Cirrus_6af50661914d9c03417adbe6eb91ebae_slice080.png,1,397,425,0.7931873469669254
Attention U-Net,RET_Cirrus_6af50661914d9c03417adbe6eb91ebae_slice081.png,1,419,472,0.8148148139003201
Attention U-Net,RET_Cirrus_6af50661914d9c03417adbe6eb91ebae_slice082.png,1,393,401,0.8261964725110875
Attention U-Net,RET_Cirrus_6af50661914d9c03417adbe6eb91ebae_slice083.png,1,400,399,0.7984981216539447
Attention U-Net,RET_Cirrus_6af50661914d9c03417adbe6eb91ebae_slice084.png,1,207,355,0.6156583618938464
Attention U-Net,RET_Cirrus_6af50661914d9c03417adbe6eb91ebae_slice085.png,1,344,513,0.7374562418466089
Attention U-Net,RET_Cirrus_6af50661914d9c03417adbe6eb91ebae_slice086.png,1,365,423,0.8197969532743693
Attention U-Net,RET_Cirrus_6af50661914d9c03417adbe6eb91ebae_slice088.png,1,221,319,0.7962962948216735
Attention U-Net,RET_Cirrus_6af50661914d9c03417adbe6eb91ebae_slice089.png,1,164,146,0.6129032238293445
Attention U-Net,RET_Cirrus_6af50661914d9c03417adbe6eb91ebae_slice090.png,1,84,108,0.802083329155816
Attention U-Net,RET_Cirrus_6af50661914d9c03417adbe6eb91ebae_slice093.png,1,263,249,0.7851562484664917
Attention U-Net,RET_Cirrus_6af50661914d9c03417adbe6eb91ebae_slice104.png,0,0,0,
Attention U-Net,RET_Cirrus_6af50661914d9c03417adbe6eb91ebae_slice113.png,0,0,0,
Attention U-Net,RET_Cirrus_70f44050a581f94509fd63bcbd797971_slice020.png,0,0,0,
Attention U-Net,RET_Cirrus_70f44050a581f94509fd63bcbd797971_slice029.png,0,0,100,
Attention U-Net,RET_Cirrus_70f44050a581f94509fd63bcbd797971_slice037.png,0,0,0,
Attention U-Net,RET_Cirrus_70f44050a581f94509fd63bcbd797971_slice046.png,1,128,147,0.8666666634567901
Attention U-Net,RET_Cirrus_70f44050a581f94509fd63bcbd797971_slice047.png,1,118,128,0.8398268361912258
Attention U-Net,RET_Cirrus_70f44050a581f94509fd63bcbd797971_slice048.png,1,128,152,0.8769230735502959
Attention U-Net,RET_Cirrus_70f44050a581f94509fd63bcbd797971_slice049.png,1,86,107,0.8654970709620055
Attention U-Net,RET_Cirrus_70f44050a581f94509fd63bcbd797971_slice050.png,1,82,105,0.8734177159910271
Attention U-Net,RET_Cirrus_70f44050a581f94509fd63bcbd797971_slice051.png,1,199,214,0.7708333313259549
Attention U-Net,RET_Cirrus_70f44050a581f94509fd63bcbd797971_slice052.png,1,198,205,0.8746803046683368
Attention U-Net,RET_Cirrus_70f44050a581f94509fd63bcbd797971_slice053.png,1,140,150,0.8206896523424495
Attention U-Net,RET_Cirrus_70f44050a581f94509fd63bcbd797971_slice055.png,1,387,433,0.7341463405681142
Attention U-Net,RET_Cirrus_70f44050a581f94509fd63bcbd797971_slice057.png,1,246,299,0.7999999985321101
Attention U-Net,RET_Cirrus_70f44050a581f94509fd63bcbd797971_slice059.png,1,194,262,0.775784751623801
Attention U-Net,RET_Cirrus_70f44050a581f94509fd63bcbd797971_slice062.png,1,404,450,0.8992974228345464
Attention U-Net,RET_Cirrus_70f44050a581f94509fd63bcbd797971_slice063.png,1,412,466,0.906605921518672
Attention U-Net,RET_Cirrus_70f44050a581f94509fd63bcbd797971_slice064.png,1,353,443,0.8618090441434559
Attention U-Net,RET_Cirrus_70f44050a581f94509fd63bcbd797971_slice065.png,1,392,522,0.8118161916719735
Attention U-Net,RET_Cirrus_70f44050a581f94509fd63bcbd797971_slice068.png,1,392,461,0.886283703533079
Attention U-Net,RET_Cirrus_70f44050a581f94509fd63bcbd797971_slice069.png,1,443,401,0.869668245415085
Attention U-Net,RET_Cirrus_70f44050a581f94509fd63bcbd797971_slice070.png,1,344,378,0.8088642648076673
Attention U-Net,RET_Cirrus_70f44050a581f94509fd63bcbd797971_slice072.png,1,259,278,0.8007448774660244
Attention U-Net,RET_Cirrus_70f44050a581f94509fd63bcbd797971_slice073.png,1,127,134,0.8199233685060408
Attention U-Net,RET_Cirrus_70f44050a581f94509fd63bcbd797971_slice074.png,1,102,135,0.7848101232708433
Attention U-Net,RET_Cirrus_70f44050a581f94509fd63bcbd797971_slice075.png,0,0,105,
Attention U-Net,RET_Cirrus_70f44050a581f94509fd63bcbd797971_slice093.png,0,0,103,
Attention U-Net,RET_Cirrus_70f44050a581f94509fd63bcbd797971_slice097.png,0,0,18,
Attention U-Net,RET_Cirrus_70f44050a581f94509fd63bcbd797971_slice120.png,0,0,0,
Attention U-Net,RET_Cirrus_70f44050a581f94509fd63bcbd797971_slice124.png,0,0,0,
Attention U-Net,RET_Cirrus_7291fbbae825c6a9230b8787ee7645d2_slice025.png,0,0,0,
Attention U-Net,RET_Cirrus_7291fbbae825c6a9230b8787ee7645d2_slice053.png,1,216,222,0.9178082170826296
Attention U-Net,RET_Cirrus_7291fbbae825c6a9230b8787ee7645d2_slice054.png,1,456,454,0.9692307681656804
Attention U-Net,RET_Cirrus_7291fbbae825c6a9230b8787ee7645d2_slice056.png,1,1124,1129,0.9533954722798955
Attention U-Net,RET_Cirrus_7291fbbae825c6a9230b8787ee7645d2_slice057.png,1,1260,1325,0.9470019338696318
Attention U-Net,RET_Cirrus_7291fbbae825c6a9230b8787ee7645d2_slice058.png,1,1672,1662,0.9261704679093126
Attention U-Net,RET_Cirrus_7291fbbae825c6a9230b8787ee7645d2_slice059.png,1,1999,1984,0.9420035147019826
Attention U-Net,RET_Cirrus_7291fbbae825c6a9230b8787ee7645d2_slice060.png,1,2078,2128,0.9514747856918471
Attention U-Net,RET_Cirrus_7291fbbae825c6a9230b8787ee7645d2_slice061.png,1,2510,2605,0.9352883673635799
Attention U-Net,RET_Cirrus_7291fbbae825c6a9230b8787ee7645d2_slice062.png,1,3026,2996,0.9452009297666554
Attention U-Net,RET_Cirrus_7291fbbae825c6a9230b8787ee7645d2_slice063.png,1,3448,3360,0.9329205364981689
Attention U-Net,RET_Cirrus_7291fbbae825c6a9230b8787ee7645d2_slice065.png,1,2979,2952,0.9189736662864663
Attention U-Net,RET_Cirrus_7291fbbae825c6a9230b8787ee7645d2_slice067.png,1,3191,3164,0.9239968527263577
Attention U-Net,RET_Cirrus_7291fbbae825c6a9230b8787ee7645d2_slice068.png,1,2863,2858,0.9274602340626708
Attention U-Net,RET_Cirrus_7291fbbae825c6a9230b8787ee7645d2_slice069.png,1,2734,2719,0.9150926094048977
Attention U-Net,RET_Cirrus_7291fbbae825c6a9230b8787ee7645d2_slice070.png,1,2828,2667,0.891157702663417
Attention U-Net,RET_Cirrus_7291fbbae825c6a9230b8787ee7645d2_slice071.png,1,2336,2370,0.8839991452928863
Attention U-Net,RET_Cirrus_7291fbbae825c6a9230b8787ee7645d2_slice074.png,1,1495,1346,0.7428977270089142
Attention U-Net,RET_Cirrus_7291fbbae825c6a9230b8787ee7645d2_slice075.png,1,1708,1560,0.7871881734563634
Attention U-Net,RET_Cirrus_7291fbbae825c6a9230b8787ee7645d2_slice076.png,1,1368,1509,0.8001397621243398
Attention U-Net,RET_Cirrus_7291fbbae825c6a9230b8787ee7645d2_slice078.png,1,1404,1108,0.7159408706688211
Attention U-Net,RET_Cirrus_7291fbbae825c6a9230b8787ee7645d2_slice080.png,1,1201,905,0.7673314336337458
Attention U-Net,RET_Cirrus_7291fbbae825c6a9230b8787ee7645d2_slice081.png,1,1120,947,0.7663280112402865
Attention U-Net,RET_Cirrus_7291fbbae825c6a9230b8787ee7645d2_slice083.png,1,883,824,0.7990626826016035
Attention U-Net,RET_Cirrus_7291fbbae825c6a9230b8787ee7645d2_slice084.png,1,676,639,0.73307984735127
Attention U-Net,RET_Cirrus_7291fbbae825c6a9230b8787ee7645d2_slice085.png,1,748,448,0.6454849492930728
Attention U-Net,RET_Cirrus_7291fbbae825c6a9230b8787ee7645d2_slice087.png,1,751,689,0.8027777772202932
Attention U-Net,RET_Cirrus_7291fbbae825c6a9230b8787ee7645d2_slice088.png,1,562,595,0.7968885040649191
Attention U-Net,RET_Cirrus_7291fbbae825c6a9230b8787ee7645d2_slice089.png,1,501,523,0.8222656241970061
Attention U-Net,RET_Cirrus_7291fbbae825c6a9230b8787ee7645d2_slice090.png,1,429,392,0.7917174168188582
Attention U-Net,RET_Cirrus_7291fbbae825c6a9230b8787ee7645d2_slice091.png,1,482,492,0.8069815186786637
Attention U-Net,RET_Cirrus_7291fbbae825c6a9230b8787ee7645d2_slice092.png,1,514,419,0.7481243293160511
Attention U-Net,RET_Cirrus_7291fbbae825c6a9230b8787ee7645d2_slice093.png,1,527,585,0.7410071935782309
Attention U-Net,RET_Cirrus_7291fbbae825c6a9230b8787ee7645d2_slice094.png,1,470,383,0.6635404447086278
Attention U-Net,RET_Cirrus_7291fbbae825c6a9230b8787ee7645d2_slice095.png,1,475,512,0.7821681856310353
Attention U-Net,RET_Cirrus_7291fbbae825c6a9230b8787ee7645d2_slice096.png,1,525,502,0.8257059388259922
Attention U-Net,RET_Cirrus_7291fbbae825c6a9230b8787ee7645d2_slice097.png,1,375,356,0.7688098484694804
Attention U-Net,RET_Cirrus_7291fbbae825c6a9230b8787ee7645d2_slice098.png,1,304,260,0.6453900697776772
Attention U-Net,RET_Cirrus_7291fbbae825c6a9230b8787ee7645d2_slice102.png,1,638,574,0.735973596752497
Attention U-Net,RET_Cirrus_7291fbbae825c6a9230b8787ee7645d2_slice103.png,1,308,276,0.8390410944536968
Attention U-Net,RET_Cirrus_7291fbbae825c6a9230b8787ee7645d2_slice105.png,1,401,241,0.6510903416649683
Attention U-Net,RET_Cirrus_7291fbbae825c6a9230b8787ee7645d2_slice106.png,1,360,350,0.8112676044911724
Attention U-Net,RET_Cirrus_7291fbbae825c6a9230b8787ee7645d2_slice107.png,1,383,256,0.6071987470935857
Attention U-Net,RET_Cirrus_7291fbbae825c6a9230b8787ee7645d2_slice108.png,1,495,422,0.7415485269994019
Attention U-Net,RET_Cirrus_7291fbbae825c6a9230b8787ee7645d2_slice109.png,1,598,580,0.8353140909717197
Attention U-Net,RET_Cirrus_7291fbbae825c6a9230b8787ee7645d2_slice110.png,1,545,403,0.6371308010156848
Attention U-Net,RET_Cirrus_7291fbbae825c6a9230b8787ee7645d2_slice111.png,1,439,327,0.6971279364267259
Attention U-Net,RET_Cirrus_7291fbbae825c6a9230b8787ee7645d2_slice112.png,1,505,436,0.7353878844469842
Attention U-Net,RET_Cirrus_7291fbbae825c6a9230b8787ee7645d2_slice113.png,1,520,493,0.7660414602506994
Attention U-Net,RET_Cirrus_7291fbbae825c6a9230b8787ee7645d2_slice117.png,1,225,197,0.6777251168774286
Attention U-Net,RET_Cirrus_7291fbbae825c6a9230b8787ee7645d2_slice118.png,1,318,302,0.7580645149063475
Attention U-Net,RET_Cirrus_7291fbbae825c6a9230b8787ee7645d2_slice119.png,1,113,162,0.6618181794115703
Attention U-Net,RET_Cirrus_7291fbbae825c6a9230b8787ee7645d2_slice120.png,1,126,136,0.7862595389837422
Attention U-Net,RET_Cirrus_7291fbbae825c6a9230b8787ee7645d2_slice121.png,1,235,284,0.7591522143368936
Attention U-Net,RET_Cirrus_7291fbbae825c6a9230b8787ee7645d2_slice122.png,1,267,278,0.8293577966433802
Attention U-Net,RET_Cirrus_7291fbbae825c6a9230b8787ee7645d2_slice124.png,1,222,197,0.7064439123951219
Attention U-Net,RET_Cirrus_7291fbbae825c6a9230b8787ee7645d2_slice125.png,1,196,188,0.7031249981689454
Attention U-Net,RET_Cirrus_7291fbbae825c6a9230b8787ee7645d2_slice127.png,1,251,193,0.7387387370749128
Attention U-Net,RET_Cirrus_80293194ec21abbfd3da95f83cdbd5ab_slice000.png,0,0,6,
Attention U-Net,RET_Cirrus_80293194ec21abbfd3da95f83cdbd5ab_slice007.png,1,88,119,0.9534883665494862
Attention U-Net,RET_Cirrus_80293194ec21abbfd3da95f83cdbd5ab_slice008.png,1,61,86,0.878048773349197
Attention U-Net,RET_Cirrus_80293194ec21abbfd3da95f83cdbd5ab_slice023.png,1,29,16,0.5333333214814818
Attention U-Net,RET_Cirrus_80293194ec21abbfd3da95f83cdbd5ab_slice024.png,1,20,39,0.6440677856937663
Attention U-Net,RET_Cirrus_80293194ec21abbfd3da95f83cdbd5ab_slice026.png,1,68,83,0.7814569484671725
Attention U-Net,RET_Cirrus_80293194ec21abbfd3da95f83cdbd5ab_slice027.png,1,18,26,0.7727272551652897
Attention U-Net,RET_Cirrus_80293194ec21abbfd3da95f83cdbd5ab_slice028.png,1,76,75,0.8609271466163765
Attention U-Net,RET_Cirrus_80293194ec21abbfd3da95f83cdbd5ab_slice029.png,1,72,79,0.8874172126661112
Attention U-Net,RET_Cirrus_80293194ec21abbfd3da95f83cdbd5ab_slice030.png,1,78,68,0.8356164326327642
Attention U-Net,RET_Cirrus_80293194ec21abbfd3da95f83cdbd5ab_slice033.png,1,45,41,0.9069767336398055
Attention U-Net,RET_Cirrus_80293194ec21abbfd3da95f83cdbd5ab_slice036.png,1,70,62,0.8939393871671258
Attention U-Net,RET_Cirrus_80293194ec21abbfd3da95f83cdbd5ab_slice038.png,1,52,53,0.8761904678458051
Attention U-Net,RET_Cirrus_80293194ec21abbfd3da95f83cdbd5ab_slice039.png,1,89,107,0.7857142817055394
Attention U-Net,RET_Cirrus_80293194ec21abbfd3da95f83cdbd5ab_slice040.png,1,48,42,0.9111111009876545
Attention U-Net,RET_Cirrus_80293194ec21abbfd3da95f83cdbd5ab_slice041.png,1,17,17,0.9411764429065753
Attention U-Net,RET_Cirrus_80293194ec21abbfd3da95f83cdbd5ab_slice045.png,1,168,179,0.9106628215831043
Attention U-Net,RET_Cirrus_80293194ec21abbfd3da95f83cdbd5ab_slice046.png,1,512,546,0.8601134207371328
Attention U-Net,RET_Cirrus_80293194ec21abbfd3da95f83cdbd5ab_slice048.png,1,1031,942,0.8616320320012001
Attention U-Net,RET_Cirrus_80293194ec21abbfd3da95f83cdbd5ab_slice049.png,1,1214,1141,0.8747346068472465
Attention U-Net,RET_Cirrus_80293194ec21abbfd3da95f83cdbd5ab_slice050.png,1,1432,1404,0.8899858953138273
Attention U-Net,RET_Cirrus_80293194ec21abbfd3da95f83cdbd5ab_slice051.png,1,2154,2033,0.8922856458341806
Attention U-Net,RET_Cirrus_80293194ec21abbfd3da95f83cdbd5ab_slice052.png,1,2657,2591,0.9058689022664121
Attention U-Net,RET_Cirrus_80293194ec21abbfd3da95f83cdbd5ab_slice053.png,1,2831,2640,0.8934381281496183
Attention U-Net,RET_Cirrus_80293194ec21abbfd3da95f83cdbd5ab_slice054.png,1,3196,2966,0.902629016406584
Attention U-Net,RET_Cirrus_80293194ec21abbfd3da95f83cdbd5ab_slice055.png,1,3383,3159,0.8942219503371718
Attention U-Net,RET_Cirrus_80293194ec21abbfd3da95f83cdbd5ab_slice057.png,1,3815,3500,0.8458759256307662
Attention U-Net,RET_Cirrus_80293194ec21abbfd3da95f83cdbd5ab_slice059.png,1,4255,4006,0.9295567246930037
Attention U-Net,RET_Cirrus_80293194ec21abbfd3da95f83cdbd5ab_slice061.png,1,4610,4311,0.9368057215763113
Attention U-Net,RET_Cirrus_80293194ec21abbfd3da95f83cdbd5ab_slice062.png,1,3975,3689,0.9229554553174342
Attention U-Net,RET_Cirrus_80293194ec21abbfd3da95f83cdbd5ab_slice063.png,1,3793,3864,0.9026019450403076
Attention U-Net,RET_Cirrus_80293194ec21abbfd3da95f83cdbd5ab_slice064.png,1,3990,3829,0.9175966288594171
Attention U-Net,RET_Cirrus_80293194ec21abbfd3da95f83cdbd5ab_slice066.png,1,3250,3099,0.905080850404397
Attention U-Net,RET_Cirrus_80293194ec21abbfd3da95f83cdbd5ab_slice067.png,1,3783,3424,0.9204850079538622
Attention U-Net,RET_Cirrus_80293194ec21abbfd3da95f83cdbd5ab_slice070.png,1,3595,3402,0.4494558991338121
Attention U-Net,RET_Cirrus_80293194ec21abbfd3da95f83cdbd5ab_slice072.png,1,3073,2942,0.8648379050931275
Attention U-Net,RET_Cirrus_80293194ec21abbfd3da95f83cdbd5ab_slice074.png,1,2645,2527,0.8689095125930182
Attention U-Net,RET_Cirrus_80293194ec21abbfd3da95f83cdbd5ab_slice075.png,1,2096,2117,0.8654165675610214
Attention U-Net,RET_Cirrus_80293194ec21abbfd3da95f83cdbd5ab_slice077.png,1,2090,1867,0.8602476621530838
Attention U-Net,RET_Cirrus_80293194ec21abbfd3da95f83cdbd5ab_slice078.png,1,2021,1797,0.8784704031224541
Attention U-Net,RET_Cirrus_80293194ec21abbfd3da95f83cdbd5ab_slice079.png,1,1315,1143,0.8315703820864238
Attention U-Net,RET_Cirrus_80293194ec21abbfd3da95f83cdbd5ab_slice082.png,1,782,687,0.8019060579973409
Attention U-Net,RET_Cirrus_80293194ec21abbfd3da95f83cdbd5ab_slice084.png,1,581,512,0.8472095143209427
Attention U-Net,RET_Cirrus_80293194ec21abbfd3da95f83cdbd5ab_slice085.png,1,497,492,0.8048533864460532
Attention U-Net,RET_Cirrus_80293194ec21abbfd3da95f83cdbd5ab_slice086.png,1,401,372,0.8745148759708734
Attention U-Net,RET_Cirrus_80293194ec21abbfd3da95f83cdbd5ab_slice088.png,1,287,220,0.8047337262234049
Attention U-Net,RET_Cirrus_80293194ec21abbfd3da95f83cdbd5ab_slice089.png,1,297,286,0.8267581460947545
Attention U-Net,RET_Cirrus_80293194ec21abbfd3da95f83cdbd5ab_slice090.png,1,238,251,0.8629856833067777
Attention U-Net,RET_Cirrus_80293194ec21abbfd3da95f83cdbd5ab_slice091.png,1,96,108,0.8823529368512111
Attention U-Net,RET_Cirrus_80293194ec21abbfd3da95f83cdbd5ab_slice092.png,1,125,74,0.6432160771697685
Attention U-Net,RET_Cirrus_80293194ec21abbfd3da95f83cdbd5ab_slice094.png,1,19,18,0.9189188940832732
Attention U-Net,RET_Cirrus_80293194ec21abbfd3da95f83cdbd5ab_slice095.png,1,27,25,0.9615384430473377
Attention U-Net,RET_Cirrus_80293194ec21abbfd3da95f83cdbd5ab_slice114.png,0,0,0,
Attention U-Net,RET_Cirrus_80293194ec21abbfd3da95f83cdbd5ab_slice116.png,0,0,0,
Attention U-Net,RET_Cirrus_80293194ec21abbfd3da95f83cdbd5ab_slice118.png,0,0,0,
Attention U-Net,RET_Cirrus_8248fbc73c9381d0bf3e909c7d732f84_slice034.png,0,0,0,
Attention U-Net,RET_Cirrus_8248fbc73c9381d0bf3e909c7d732f84_slice050.png,1,27,31,0.8620689506539837
Attention U-Net,RET_Cirrus_8248fbc73c9381d0bf3e909c7d732f84_slice051.png,1,93,109,0.8217821741495932
Attention U-Net,RET_Cirrus_8248fbc73c9381d0bf3e909c7d732f84_slice052.png,1,331,352,0.793557831927441
Attention U-Net,RET_Cirrus_8248fbc73c9381d0bf3e909c7d732f84_slice053.png,1,409,464,0.8568155774836018
Attention U-Net,RET_Cirrus_8248fbc73c9381d0bf3e909c7d732f84_slice055.png,1,845,905,0.8171428566759183
Attention U-Net,RET_Cirrus_8248fbc73c9381d0bf3e909c7d732f84_slice056.png,1,1100,1142,0.8189116856293882
Attention U-Net,RET_Cirrus_8248fbc73c9381d0bf3e909c7d732f84_slice057.png,1,987,1155,0.8461176466606506
Attention U-Net,RET_Cirrus_8248fbc73c9381d0bf3e909c7d732f84_slice058.png,1,1391,1441,0.8247250641509458
Attention U-Net,RET_Cirrus_8248fbc73c9381d0bf3e909c7d732f84_slice059.png,1,1650,1716,0.8983701047112398
Attention U-Net,RET_Cirrus_8248fbc73c9381d0bf3e909c7d732f84_slice060.png,1,1714,1947,0.8642523160851652
Attention U-Net,RET_Cirrus_8248fbc73c9381d0bf3e909c7d732f84_slice061.png,1,1647,1740,0.8725668411086663
Attention U-Net,RET_Cirrus_8248fbc73c9381d0bf3e909c7d732f84_slice063.png,1,2344,2359,0.8901177422645863
Attention U-Net,RET_Cirrus_8248fbc73c9381d0bf3e909c7d732f84_slice064.png,1,2822,2852,0.87328039378226
Attention U-Net,RET_Cirrus_8248fbc73c9381d0bf3e909c7d732f84_slice066.png,1,2436,2587,0.8923538811338089
Attention U-Net,RET_Cirrus_8248fbc73c9381d0bf3e909c7d732f84_slice068.png,1,2088,2259,0.8789504879797945
Attention U-Net,RET_Cirrus_8248fbc73c9381d0bf3e909c7d732f84_slice070.png,1,2545,2569,0.8560789619943551
Attention U-Net,RET_Cirrus_8248fbc73c9381d0bf3e909c7d732f84_slice071.png,1,2278,2489,0.8747473544143993
Attention U-Net,RET_Cirrus_8248fbc73c9381d0bf3e909c7d732f84_slice072.png,1,1522,1796,0.8252964807732714
Attention U-Net,RET_Cirrus_8248fbc73c9381d0bf3e909c7d732f84_slice074.png,1,1509,1465,0.8232858049774227
Attention U-Net,RET_Cirrus_8248fbc73c9381d0bf3e909c7d732f84_slice075.png,1,1694,1611,0.8096607396399109
Attention U-Net,RET_Cirrus_8248fbc73c9381d0bf3e909c7d732f84_slice078.png,1,865,928,0.7926689571634198
Attention U-Net,RET_Cirrus_8248fbc73c9381d0bf3e909c7d732f84_slice079.png,1,409,420,0.7727856216010455
Attention U-Net,RET_Cirrus_8248fbc73c9381d0bf3e909c7d732f84_slice082.png,1,667,585,0.7555910537095918
Attention U-Net,RET_Cirrus_8248fbc73c9381d0bf3e909c7d732f84_slice083.png,1,998,867,0.7849865947533583
Attention U-Net,RET_Cirrus_8248fbc73c9381d0bf3e909c7d732f84_slice084.png,1,760,766,0.7968545211029786
Attention U-Net,RET_Cirrus_8248fbc73c9381d0bf3e909c7d732f84_slice085.png,1,649,528,0.7561597274798982
Attention U-Net,RET_Cirrus_8248fbc73c9381d0bf3e909c7d732f84_slice086.png,1,177,183,0.8055555533179013
Attention U-Net,RET_Cirrus_8248fbc73c9381d0bf3e909c7d732f84_slice088.png,1,186,193,0.8232189951893958
Attention U-Net,RET_Cirrus_8248fbc73c9381d0bf3e909c7d732f84_slice089.png,1,182,167,0.813753579330219
Attention U-Net,RET_Cirrus_8248fbc73c9381d0bf3e909c7d732f84_slice090.png,1,291,243,0.8314606726002609
Attention U-Net,RET_Cirrus_8248fbc73c9381d0bf3e909c7d732f84_slice092.png,1,171,144,0.8190476164474679
Attention U-Net,RET_Cirrus_8248fbc73c9381d0bf3e909c7d732f84_slice093.png,1,85,61,0.6575342420716833
Attention U-Net,RET_Cirrus_8248fbc73c9381d0bf3e909c7d732f84_slice094.png,1,24,28,0.9230769053254442
Attention U-Net,RET_Cirrus_8248fbc73c9381d0bf3e909c7d732f84_slice095.png,1,42,42,0.7142857057823131
Attention U-Net,RET_Cirrus_8248fbc73c9381d0bf3e909c7d732f84_slice099.png,0,0,0,
Attention U-Net,RET_Cirrus_8248fbc73c9381d0bf3e909c7d732f84_slice113.png,0,0,0,
Attention U-Net,RET_Cirrus_8482e2f4d2aae33a5eac5178801df9fb_slice007.png,0,0,0,
Attention U-Net,RET_Cirrus_8482e2f4d2aae33a5eac5178801df9fb_slice018.png,0,0,0,
Attention U-Net,RET_Cirrus_8482e2f4d2aae33a5eac5178801df9fb_slice025.png,0,0,0,
Attention U-Net,RET_Cirrus_8482e2f4d2aae33a5eac5178801df9fb_slice038.png,0,0,0,
Attention U-Net,RET_Cirrus_8482e2f4d2aae33a5eac5178801df9fb_slice052.png,0,0,0,
Attention U-Net,RET_Cirrus_8482e2f4d2aae33a5eac5178801df9fb_slice054.png,1,45,45,0.7555555471604939
Attention U-Net,RET_Cirrus_8482e2f4d2aae33a5eac5178801df9fb_slice055.png,1,41,35,0.8421052520775625
Attention U-Net,RET_Cirrus_8482e2f4d2aae33a5eac5178801df9fb_slice056.png,1,59,43,0.7254901889657824
Attention U-Net,RET_Cirrus_8482e2f4d2aae33a5eac5178801df9fb_slice057.png,1,11,10,0.7619047256235845
Attention U-Net,RET_Cirrus_8482e2f4d2aae33a5eac5178801df9fb_slice059.png,1,97,74,0.7134502882254369
Attention U-Net,RET_Cirrus_8482e2f4d2aae33a5eac5178801df9fb_slice060.png,1,149,145,0.8843537384885928
Attention U-Net,RET_Cirrus_8482e2f4d2aae33a5eac5178801df9fb_slice063.png,1,73,79,0.8684210469182826
Attention U-Net,RET_Cirrus_8482e2f4d2aae33a5eac5178801df9fb_slice064.png,1,94,79,0.7167630016372081
Attention U-Net,RET_Cirrus_8482e2f4d2aae33a5eac5178801df9fb_slice065.png,1,83,74,0.7643312053227311
Attention U-Net,RET_Cirrus_8482e2f4d2aae33a5eac5178801df9fb_slice068.png,1,197,201,0.8643216058685387
Attention U-Net,RET_Cirrus_8482e2f4d2aae33a5eac5178801df9fb_slice069.png,1,143,136,0.87455196819157
Attention U-Net,RET_Cirrus_8482e2f4d2aae33a5eac5178801df9fb_slice070.png,1,117,134,0.8446215105791972
Attention U-Net,RET_Cirrus_8482e2f4d2aae33a5eac5178801df9fb_slice071.png,1,119,120,0.8619246825860892
Attention U-Net,RET_Cirrus_8482e2f4d2aae33a5eac5178801df9fb_slice072.png,1,94,112,0.8155339766236215
Attention U-Net,RET_Cirrus_8482e2f4d2aae33a5eac5178801df9fb_slice074.png,1,12,12,0.9166666284722238
Attention U-Net,RET_Cirrus_8482e2f4d2aae33a5eac5178801df9fb_slice075.png,1,40,37,0.9090908972845338
Attention U-Net,RET_Cirrus_8482e2f4d2aae33a5eac5178801df9fb_slice076.png,1,37,52,0.741573025375584
Attention U-Net,RET_Cirrus_8482e2f4d2aae33a5eac5178801df9fb_slice078.png,1,76,102,0.7865168495139503
Attention U-Net,RET_Cirrus_8482e2f4d2aae33a5eac5178801df9fb_slice079.png,1,66,72,0.7391304294265911
Attention U-Net,RET_Cirrus_8482e2f4d2aae33a5eac5178801df9fb_slice082.png,1,48,58,0.8113207470630118
Attention U-Net,RET_Cirrus_8482e2f4d2aae33a5eac5178801df9fb_slice083.png,1,66,70,0.7205882299956748
Attention U-Net,RET_Cirrus_8482e2f4d2aae33a5eac5178801df9fb_slice084.png,1,65,54,0.8067226822964481
Attention U-Net,RET_Cirrus_8482e2f4d2aae33a5eac5178801df9fb_slice085.png,1,18,22,0.7499999812500006
Attention U-Net,RET_Cirrus_8482e2f4d2aae33a5eac5178801df9fb_slice092.png,0,0,0,
Attention U-Net,RET_Cirrus_8482e2f4d2aae33a5eac5178801df9fb_slice106.png,1,19,18,0.8648648414901394
Attention U-Net,RET_Cirrus_8482e2f4d2aae33a5eac5178801df9fb_slice111.png,1,27,25,0.8846153676035506
Attention U-Net,RET_Cirrus_8482e2f4d2aae33a5eac5178801df9fb_slice112.png,1,15,18,0.9090908815427007
Attention U-Net,RET_Cirrus_8482e2f4d2aae33a5eac5178801df9fb_slice116.png,1,28,24,0.7307692167159766
Attention U-Net,RET_Cirrus_8482e2f4d2aae33a5eac5178801df9fb_slice125.png,1,41,47,0.931818171229339
Attention U-Net,RET_Cirrus_8e78a8e83df1029abbd2479ff1d5f92f_slice044.png,1,33,49,0.8148148047553728
Attention U-Net,RET_Cirrus_8e78a8e83df1029abbd2479ff1d5f92f_slice046.png,1,108,103,0.9573459670267964
Attention U-Net,RET_Cirrus_8e78a8e83df1029abbd2479ff1d5f92f_slice047.png,1,202,199,0.9127182022126729
Attention U-Net,RET_Cirrus_8e78a8e83df1029abbd2479ff1d5f92f_slice048.png,1,301,302,0.9121061344741191
Attention U-Net,RET_Cirrus_8e78a8e83df1029abbd2479ff1d5f92f_slice049.png,1,465,418,0.8856172130400711
Attention U-Net,RET_Cirrus_8e78a8e83df1029abbd2479ff1d5f92f_slice051.png,1,600,558,0.9447322962480722
Attention U-Net,RET_Cirrus_8e78a8e83df1029abbd2479ff1d5f92f_slice053.png,1,602,575,0.9515717918848157
Attention U-Net,RET_Cirrus_8e78a8e83df1029abbd2479ff1d5f92f_slice054.png,1,527,564,0.918423463869456
Attention U-Net,RET_Cirrus_8e78a8e83df1029abbd2479ff1d5f92f_slice055.png,1,552,559,0.9468946886166564
Attention U-Net,RET_Cirrus_8e78a8e83df1029abbd2479ff1d5f92f_slice056.png,1,472,502,0.9527720729437659
Attention U-Net,RET_Cirrus_8e78a8e83df1029abbd2479ff1d5f92f_slice058.png,1,587,542,0.9459698840159699
Attention U-Net,RET_Cirrus_8e78a8e83df1029abbd2479ff1d5f92f_slice059.png,1,567,592,0.9370146670086154
Attention U-Net,RET_Cirrus_8e78a8e83df1029abbd2479ff1d5f92f_slice060.png,1,597,596,0.9103101417348615
Attention U-Net,RET_Cirrus_8e78a8e83df1029abbd2479ff1d5f92f_slice062.png,1,402,424,0.9273607736956891
Attention U-Net,RET_Cirrus_8e78a8e83df1029abbd2479ff1d5f92f_slice063.png,1,286,285,0.9457092803052377
Attention U-Net,RET_Cirrus_8e78a8e83df1029abbd2479ff1d5f92f_slice064.png,1,170,166,0.9464285686118198
Attention U-Net,RET_Cirrus_8e78a8e83df1029abbd2479ff1d5f92f_slice065.png,1,62,86,0.7567567516435355
Attention U-Net,RET_Cirrus_8e78a8e83df1029abbd2479ff1d5f92f_slice093.png,0,0,2,
Attention U-Net,RET_Cirrus_8e78a8e83df1029abbd2479ff1d5f92f_slice101.png,0,0,0,
Attention U-Net,RET_Cirrus_92a0bdb6013c8d0b4770e4e907d3d8cf_slice003.png,0,0,0,
Attention U-Net,RET_Cirrus_92a0bdb6013c8d0b4770e4e907d3d8cf_slice015.png,0,0,0,
Attention U-Net,RET_Cirrus_92a0bdb6013c8d0b4770e4e907d3d8cf_slice031.png,1,9,11,0.799999960000002
Attention U-Net,RET_Cirrus_92a0bdb6013c8d0b4770e4e907d3d8cf_slice033.png,1,14,14,0.9999999642857155
Attention U-Net,RET_Cirrus_92a0bdb6013c8d0b4770e4e907d3d8cf_slice034.png,1,47,44,0.7472527390411787
Attention U-Net,RET_Cirrus_92a0bdb6013c8d0b4770e4e907d3d8cf_slice035.png,1,48,53,0.8118811800803843
Attention U-Net,RET_Cirrus_92a0bdb6013c8d0b4770e4e907d3d8cf_slice036.png,1,130,100,0.7652173879773158
Attention U-Net,RET_Cirrus_92a0bdb6013c8d0b4770e4e907d3d8cf_slice038.png,1,484,483,0.8397104438058837
Attention U-Net,RET_Cirrus_92a0bdb6013c8d0b4770e4e907d3d8cf_slice039.png,1,533,574,0.8672086713033345
Attention U-Net,RET_Cirrus_92a0bdb6013c8d0b4770e4e907d3d8cf_slice040.png,1,501,535,0.8204633196713673
Attention U-Net,RET_Cirrus_92a0bdb6013c8d0b4770e4e907d3d8cf_slice042.png,1,595,613,0.8658940390182995
Attention U-Net,RET_Cirrus_92a0bdb6013c8d0b4770e4e907d3d8cf_slice043.png,1,747,882,0.8557397170928547
Attention U-Net,RET_Cirrus_92a0bdb6013c8d0b4770e4e907d3d8cf_slice044.png,1,1018,996,0.8857994037309833
Attention U-Net,RET_Cirrus_92a0bdb6013c8d0b4770e4e907d3d8cf_slice045.png,1,1002,1001,0.8647029451499236
Attention U-Net,RET_Cirrus_92a0bdb6013c8d0b4770e4e907d3d8cf_slice046.png,1,1084,1031,0.890780141422799
Attention U-Net,RET_Cirrus_92a0bdb6013c8d0b4770e4e907d3d8cf_slice047.png,1,1145,1132,0.8818620988661124
Attention U-Net,RET_Cirrus_92a0bdb6013c8d0b4770e4e907d3d8cf_slice048.png,1,1210,1198,0.8803986707307315
Attention U-Net,RET_Cirrus_92a0bdb6013c8d0b4770e4e907d3d8cf_slice049.png,1,1522,1539,0.8670369157572568
Attention U-Net,RET_Cirrus_92a0bdb6013c8d0b4770e4e907d3d8cf_slice050.png,1,1461,1399,0.871328671024011
Attention U-Net,RET_Cirrus_92a0bdb6013c8d0b4770e4e907d3d8cf_slice051.png,1,1646,1598,0.911220714885567
Attention U-Net,RET_Cirrus_92a0bdb6013c8d0b4770e4e907d3d8cf_slice052.png,1,2384,2409,0.9296891297872545
Attention U-Net,RET_Cirrus_92a0bdb6013c8d0b4770e4e907d3d8cf_slice053.png,1,2516,2593,0.911332941688915
Attention U-Net,RET_Cirrus_92a0bdb6013c8d0b4770e4e907d3d8cf_slice055.png,1,2582,2424,0.9240910905065738
Attention U-Net,RET_Cirrus_92a0bdb6013c8d0b4770e4e907d3d8cf_slice056.png,1,2382,2402,0.9443979931136292
Attention U-Net,RET_Cirrus_92a0bdb6013c8d0b4770e4e907d3d8cf_slice058.png,1,2687,2670,0.9258913569300183
Attention U-Net,RET_Cirrus_92a0bdb6013c8d0b4770e4e907d3d8cf_slice061.png,1,2616,2684,0.9143396224689925
Attention U-Net,RET_Cirrus_92a0bdb6013c8d0b4770e4e907d3d8cf_slice062.png,1,2706,2701,0.9191788420715408
Attention U-Net,RET_Cirrus_92a0bdb6013c8d0b4770e4e907d3d8cf_slice064.png,1,2200,2281,0.883284980833902
Attention U-Net,RET_Cirrus_92a0bdb6013c8d0b4770e4e907d3d8cf_slice065.png,1,2379,2332,0.9038420715551173
Attention U-Net,RET_Cirrus_92a0bdb6013c8d0b4770e4e907d3d8cf_slice066.png,1,2091,2132,0.894624674190238
Attention U-Net,RET_Cirrus_92a0bdb6013c8d0b4770e4e907d3d8cf_slice067.png,1,1955,2077,0.8546626982007285
Attention U-Net,RET_Cirrus_92a0bdb6013c8d0b4770e4e907d3d8cf_slice069.png,1,1624,1748,0.8428232500466124
Attention U-Net,RET_Cirrus_92a0bdb6013c8d0b4770e4e907d3d8cf_slice070.png,1,1675,1695,0.8207715131095634
Attention U-Net,RET_Cirrus_92a0bdb6013c8d0b4770e4e907d3d8cf_slice071.png,1,1339,1336,0.8314018688480741
Attention U-Net,RET_Cirrus_92a0bdb6013c8d0b4770e4e907d3d8cf_slice072.png,1,1611,1608,0.843118980788096
Attention U-Net,RET_Cirrus_92a0bdb6013c8d0b4770e4e907d3d8cf_slice073.png,1,1669,1713,0.8734476638458168
Attention U-Net,RET_Cirrus_92a0bdb6013c8d0b4770e4e907d3d8cf_slice075.png,1,1558,1767,0.8264661651649726
Attention U-Net,RET_Cirrus_92a0bdb6013c8d0b4770e4e907d3d8cf_slice076.png,1,1058,1285,0.7921468199777436
Attention U-Net,RET_Cirrus_92a0bdb6013c8d0b4770e4e907d3d8cf_slice077.png,1,1006,1063,0.8564523920461806
Attention U-Net,RET_Cirrus_92a0bdb6013c8d0b4770e4e907d3d8cf_slice080.png,1,716,745,0.8090349070437817
Attention U-Net,RET_Cirrus_92a0bdb6013c8d0b4770e4e907d3d8cf_slice081.png,1,705,707,0.855524078714218
Attention U-Net,RET_Cirrus_92a0bdb6013c8d0b4770e4e907d3d8cf_slice084.png,1,604,627,0.7229894388927787
Attention U-Net,RET_Cirrus_92a0bdb6013c8d0b4770e4e907d3d8cf_slice085.png,1,422,451,0.7743413507739504
Attention U-Net,RET_Cirrus_92a0bdb6013c8d0b4770e4e907d3d8cf_slice086.png,1,454,423,0.7890535908904748
Attention U-Net,RET_Cirrus_92a0bdb6013c8d0b4770e4e907d3d8cf_slice087.png,1,353,397,0.8239999989013334
Attention U-Net,RET_Cirrus_92a0bdb6013c8d0b4770e4e907d3d8cf_slice088.png,1,275,315,0.6983050835621948
Attention U-Net,RET_Cirrus_92a0bdb6013c8d0b4770e4e907d3d8cf_slice090.png,1,616,675,0.7916343913310345
Attention U-Net,RET_Cirrus_92a0bdb6013c8d0b4770e4e907d3d8cf_slice092.png,1,437,437,0.7986270013745687
Attention U-Net,RET_Cirrus_92a0bdb6013c8d0b4770e4e907d3d8cf_slice093.png,1,545,489,0.8085106375159471
Attention U-Net,RET_Cirrus_92a0bdb6013c8d0b4770e4e907d3d8cf_slice094.png,1,392,405,0.8155583427659243
Attention U-Net,RET_Cirrus_92a0bdb6013c8d0b4770e4e907d3d8cf_slice096.png,1,633,582,0.8270181212298038
Attention U-Net,RET_Cirrus_92a0bdb6013c8d0b4770e4e907d3d8cf_slice097.png,1,571,589,0.8655172406331747
Attention U-Net,RET_Cirrus_92a0bdb6013c8d0b4770e4e907d3d8cf_slice098.png,1,359,352,0.7819971859606228
Attention U-Net,RET_Cirrus_92a0bdb6013c8d0b4770e4e907d3d8cf_slice099.png,1,559,471,0.7941747565105098
Attention U-Net,RET_Cirrus_92a0bdb6013c8d0b4770e4e907d3d8cf_slice101.png,1,804,662,0.8431105041997882
Attention U-Net,RET_Cirrus_92a0bdb6013c8d0b4770e4e907d3d8cf_slice102.png,1,536,495,0.8147429672019951
Attention U-Net,RET_Cirrus_92a0bdb6013c8d0b4770e4e907d3d8cf_slice103.png,1,701,643,0.8422619041352217
Attention U-Net,RET_Cirrus_92a0bdb6013c8d0b4770e4e907d3d8cf_slice104.png,1,586,504,0.8091743111842437
Attention U-Net,RET_Cirrus_92a0bdb6013c8d0b4770e4e907d3d8cf_slice107.png,1,437,585,0.732142856416525
Attention U-Net,RET_Cirrus_92a0bdb6013c8d0b4770e4e907d3d8cf_slice108.png,1,270,341,0.7495908334703915
Attention U-Net,RET_Cirrus_92a0bdb6013c8d0b4770e4e907d3d8cf_slice110.png,1,436,394,0.6674698787138917
Attention U-Net,RET_Cirrus_92a0bdb6013c8d0b4770e4e907d3d8cf_slice111.png,1,381,389,0.8270481133588451
Attention U-Net,RET_Cirrus_92a0bdb6013c8d0b4770e4e907d3d8cf_slice112.png,1,189,164,0.7932011308974473
Attention U-Net,RET_Cirrus_92a0bdb6013c8d0b4770e4e907d3d8cf_slice113.png,1,53,56,0.8990825605588756
Attention U-Net,RET_Cirrus_92a0bdb6013c8d0b4770e4e907d3d8cf_slice114.png,1,19,27,0.8260869385633275
Attention U-Net,RET_Cirrus_92a0bdb6013c8d0b4770e4e907d3d8cf_slice115.png,1,69,75,0.8055555499614198
Attention U-Net,RET_Cirrus_92a0bdb6013c8d0b4770e4e907d3d8cf_slice117.png,1,119,123,0.8099173520251349
Attention U-Net,RET_Cirrus_92a0bdb6013c8d0b4770e4e907d3d8cf_slice118.png,1,97,90,0.8663101557951328
Attention U-Net,RET_Cirrus_92a0bdb6013c8d0b4770e4e907d3d8cf_slice119.png,1,108,114,0.7657657623163705
Attention U-Net,RET_Cirrus_92a0bdb6013c8d0b4770e4e907d3d8cf_slice120.png,1,84,97,0.828729277189341
Attention U-Net,RET_Cirrus_92a0bdb6013c8d0b4770e4e907d3d8cf_slice121.png,1,96,58,0.6623376580367685
Attention U-Net,RET_Cirrus_92a0bdb6013c8d0b4770e4e907d3d8cf_slice122.png,1,84,88,0.8139534836398054
Attention U-Net,RET_Cirrus_92a0bdb6013c8d0b4770e4e907d3d8cf_slice123.png,1,76,80,0.8589743534681131
Attention U-Net,RET_Cirrus_92a0bdb6013c8d0b4770e4e907d3d8cf_slice124.png,1,205,195,0.8649999978375
Attention U-Net,RET_Cirrus_92a0bdb6013c8d0b4770e4e907d3d8cf_slice125.png,1,231,230,0.893709325610175
Attention U-Net,RET_Cirrus_92a0bdb6013c8d0b4770e4e907d3d8cf_slice127.png,1,254,227,0.8731808713655284
Attention U-Net,RET_Cirrus_93ae688615be155f7207e4c1f45eb725_slice004.png,0,0,0,
Attention U-Net,RET_Cirrus_93ae688615be155f7207e4c1f45eb725_slice013.png,0,0,0,
Attention U-Net,RET_Cirrus_93ae688615be155f7207e4c1f45eb725_slice021.png,0,0,0,
Attention U-Net,RET_Cirrus_93ae688615be155f7207e4c1f45eb725_slice032.png,1,44,72,0.7586206831153389
Attention U-Net,RET_Cirrus_93ae688615be155f7207e4c1f45eb725_slice033.png,1,108,133,0.8132780049241577
Attention U-Net,RET_Cirrus_93ae688615be155f7207e4c1f45eb725_slice034.png,1,185,176,0.8421052608251932
Attention U-Net,RET_Cirrus_93ae688615be155f7207e4c1f45eb725_slice035.png,1,136,154,0.8206896523424495
Attention U-Net,RET_Cirrus_93ae688615be155f7207e4c1f45eb725_slice036.png,1,190,187,0.8776595721338841
Attention U-Net,RET_Cirrus_93ae688615be155f7207e4c1f45eb725_slice037.png,1,349,327,0.8872403547667057
Attention U-Net,RET_Cirrus_93ae688615be155f7207e4c1f45eb725_slice038.png,1,281,311,0.8749999985219594
Attention U-Net,RET_Cirrus_93ae688615be155f7207e4c1f45eb725_slice039.png,1,366,360,0.8650137729132041
Attention U-Net,RET_Cirrus_93ae688615be155f7207e4c1f45eb725_slice040.png,1,429,379,0.8267326722441427
Attention U-Net,RET_Cirrus_93ae688615be155f7207e4c1f45eb725_slice041.png,1,329,399,0.9024045248905169
Attention U-Net,RET_Cirrus_93ae688615be155f7207e4c1f45eb725_slice042.png,1,387,488,0.885786800906362
Attention U-Net,RET_Cirrus_93ae688615be155f7207e4c1f45eb725_slice044.png,1,374,368,0.8867924516350506
Attention U-Net,RET_Cirrus_93ae688615be155f7207e4c1f45eb725_slice046.png,1,413,385,0.9298245602383151
Attention U-Net,RET_Cirrus_93ae688615be155f7207e4c1f45eb725_slice047.png,1,361,325,0.9154518937092538
Attention U-Net,RET_Cirrus_93ae688615be155f7207e4c1f45eb725_slice048.png,1,466,460,0.8566519010873295
Attention U-Net,RET_Cirrus_93ae688615be155f7207e4c1f45eb725_slice049.png,1,422,415,0.9189613620409187
Attention U-Net,RET_Cirrus_93ae688615be155f7207e4c1f45eb725_slice050.png,1,310,306,0.9058441543736296
Attention U-Net,RET_Cirrus_93ae688615be155f7207e4c1f45eb725_slice051.png,1,281,290,0.9176882645924899
Attention U-Net,RET_Cirrus_93ae688615be155f7207e4c1f45eb725_slice052.png,1,260,299,0.8994515522861946
Attention U-Net,RET_Cirrus_93ae688615be155f7207e4c1f45eb725_slice054.png,1,205,257,0.8839506151013565
Attention U-Net,RET_Cirrus_93ae688615be155f7207e4c1f45eb725_slice055.png,1,252,229,0.8714596930905018
Attention U-Net,RET_Cirrus_93ae688615be155f7207e4c1f45eb725_slice056.png,1,256,306,0.8630776896991937
Attention U-Net,RET_Cirrus_93ae688615be155f7207e4c1f45eb725_slice057.png,1,400,364,0.8678797444969193
Attention U-Net,RET_Cirrus_93ae688615be155f7207e4c1f45eb725_slice058.png,1,343,357,0.8628882649555978
Attention U-Net,RET_Cirrus_93ae688615be155f7207e4c1f45eb725_slice059.png,1,253,281,0.8400218349346791
Attention U-Net,RET_Cirrus_93ae688615be155f7207e4c1f45eb725_slice061.png,1,406,457,0.8268518491503772
Attention U-Net,RET_Cirrus_93ae688615be155f7207e4c1f45eb725_slice062.png,1,487,614,0.8419831195096792
Attention U-Net,RET_Cirrus_93ae688615be155f7207e4c1f45eb725_slice064.png,1,552,489,0.8257559775545268
Attention U-Net,RET_Cirrus_93ae688615be155f7207e4c1f45eb725_slice065.png,1,785,753,0.8789839202317384
Attention U-Net,RET_Cirrus_93ae688615be155f7207e4c1f45eb725_slice066.png,1,1007,977,0.8455233767416818
Attention U-Net,RET_Cirrus_93ae688615be155f7207e4c1f45eb725_slice067.png,1,690,665,0.8622015030659054
Attention U-Net,RET_Cirrus_93ae688615be155f7207e4c1f45eb725_slice068.png,1,1354,1178,0.7487800359175294
Attention U-Net,RET_Cirrus_93ae688615be155f7207e4c1f45eb725_slice070.png,1,1095,1129,0.8826947787628512
Attention U-Net,RET_Cirrus_93ae688615be155f7207e4c1f45eb725_slice071.png,1,1043,1073,0.8398027899382802
Attention U-Net,RET_Cirrus_93ae688615be155f7207e4c1f45eb725_slice073.png,1,657,681,0.8061836835039087
Attention U-Net,RET_Cirrus_93ae688615be155f7207e4c1f45eb725_slice075.png,1,867,785,0.8474576266056552
Attention U-Net,RET_Cirrus_93ae688615be155f7207e4c1f45eb725_slice076.png,1,933,953,0.8755364802169868
Attention U-Net,RET_Cirrus_93ae688615be155f7207e4c1f45eb725_slice077.png,1,573,533,0.8339416050785203
Attention U-Net,RET_Cirrus_93ae688615be155f7207e4c1f45eb725_slice078.png,1,658,550,0.8518163337363869
Attention U-Net,RET_Cirrus_93ae688615be155f7207e4c1f45eb725_slice079.png,1,418,387,0.8272949105652909
Attention U-Net,RET_Cirrus_93ae688615be155f7207e4c1f45eb725_slice080.png,1,198,195,0.7393048074275481
Attention U-Net,RET_Cirrus_93ae688615be155f7207e4c1f45eb725_slice082.png,1,439,447,0.8384851764984775
Attention U-Net,RET_Cirrus_93ae688615be155f7207e4c1f45eb725_slice083.png,1,262,263,0.8066177723724706
Attention U-Net,RET_Cirrus_93ae688615be155f7207e4c1f45eb725_slice084.png,1,436,441,0.844794991803635
Attention U-Net,RET_Cirrus_93ae688615be155f7207e4c1f45eb725_slice086.png,1,354,345,0.7762735425232945
Attention U-Net,RET_Cirrus_93ae688615be155f7207e4c1f45eb725_slice088.png,1,292,405,0.8863636349247344
Attention U-Net,RET_Cirrus_93ae688615be155f7207e4c1f45eb725_slice089.png,0,0,173,
Attention U-Net,RET_Cirrus_93ae688615be155f7207e4c1f45eb725_slice098.png,1,59,67,0.8739495724878187
Attention U-Net,RET_Cirrus_93ae688615be155f7207e4c1f45eb725_slice100.png,1,81,138,0.8333333275462963
Attention U-Net,RET_Cirrus_93ae688615be155f7207e4c1f45eb725_slice101.png,1,69,84,0.7883211621290426
Attention U-Net,RET_Cirrus_93ae688615be155f7207e4c1f45eb725_slice102.png,1,58,113,0.9256198270609932
Attention U-Net,RET_Cirrus_93ae688615be155f7207e4c1f45eb725_slice104.png,1,65,90,0.9253731274225886
Attention U-Net,RET_Cirrus_93ae688615be155f7207e4c1f45eb725_slice111.png,0,0,0,
Attention U-Net,RET_Cirrus_a6be6cdf56b8354d72483606af62b8bb_slice000.png,1,3337,3854,0.9180920593911706
Attention U-Net,RET_Cirrus_a6be6cdf56b8354d72483606af62b8bb_slice001.png,1,3615,4195,0.9113956464902182
Attention U-Net,RET_Cirrus_a6be6cdf56b8354d72483606af62b8bb_slice002.png,1,4022,4461,0.9404691735305353
Attention U-Net,RET_Cirrus_a6be6cdf56b8354d72483606af62b8bb_slice003.png,1,4002,4254,0.9391957363203494
Attention U-Net,RET_Cirrus_a6be6cdf56b8354d72483606af62b8bb_slice004.png,1,4282,4304,0.9529466572381846
Attention U-Net,RET_Cirrus_a6be6cdf56b8354d72483606af62b8bb_slice005.png,1,4050,4316,0.9486014820764281
Attention U-Net,RET_Cirrus_a6be6cdf56b8354d72483606af62b8bb_slice007.png,1,4430,4566,0.9619831034946661
Attention U-Net,RET_Cirrus_a6be6cdf56b8354d72483606af62b8bb_slice008.png,1,4670,4756,0.9465308719555983
Attention U-Net,RET_Cirrus_a6be6cdf56b8354d72483606af62b8bb_slice009.png,1,4565,4826,0.9562346926891454
Attention U-Net,RET_Cirrus_a6be6cdf56b8354d72483606af62b8bb_slice010.png,1,4749,4879,0.9700872454331027
Attention U-Net,RET_Cirrus_a6be6cdf56b8354d72483606af62b8bb_slice013.png,1,5073,5266,0.9695328367376407
Attention U-Net,RET_Cirrus_a6be6cdf56b8354d72483606af62b8bb_slice014.png,1,5402,5387,0.9750671979817344
Attention U-Net,RET_Cirrus_a6be6cdf56b8354d72483606af62b8bb_slice015.png,1,5290,5394,0.9636840133878992
Attention U-Net,RET_Cirrus_a6be6cdf56b8354d72483606af62b8bb_slice016.png,1,5290,5437,0.9699794890014936
Attention U-Net,RET_Cirrus_a6be6cdf56b8354d72483606af62b8bb_slice017.png,1,5540,5587,0.9725891973602417
Attention U-Net,RET_Cirrus_a6be6cdf56b8354d72483606af62b8bb_slice018.png,1,5704,5634,0.9610160521290336
Attention U-Net,RET_Cirrus_a6be6cdf56b8354d72483606af62b8bb_slice019.png,1,5527,5703,0.9682935517484598
Attention U-Net,RET_Cirrus_a6be6cdf56b8354d72483606af62b8bb_slice020.png,1,5492,5662,0.9546351083956756
Attention U-Net,RET_Cirrus_a6be6cdf56b8354d72483606af62b8bb_slice021.png,1,5530,5762,0.963658925636974
Attention U-Net,RET_Cirrus_a6be6cdf56b8354d72483606af62b8bb_slice022.png,1,5685,5800,0.9659555941692681
Attention U-Net,RET_Cirrus_a6be6cdf56b8354d72483606af62b8bb_slice023.png,1,5376,5724,0.9599999999135135
Attention U-Net,RET_Cirrus_a6be6cdf56b8354d72483606af62b8bb_slice024.png,1,5438,5711,0.9550471062400137
Attention U-Net,RET_Cirrus_a6be6cdf56b8354d72483606af62b8bb_slice025.png,1,5542,5764,0.9552450025689683
Attention U-Net,RET_Cirrus_a6be6cdf56b8354d72483606af62b8bb_slice027.png,1,5728,5832,0.9697231833071174
Attention U-Net,RET_Cirrus_a6be6cdf56b8354d72483606af62b8bb_slice031.png,1,5297,5700,0.9511685004136429
Attention U-Net,RET_Cirrus_a6be6cdf56b8354d72483606af62b8bb_slice032.png,1,5406,5716,0.9545045854203826
Attention U-Net,RET_Cirrus_a6be6cdf56b8354d72483606af62b8bb_slice033.png,1,5562,5680,0.9610389609534745
Attention U-Net,RET_Cirrus_a6be6cdf56b8354d72483606af62b8bb_slice034.png,1,5579,5695,0.9625687421533999
Attention U-Net,RET_Cirrus_a6be6cdf56b8354d72483606af62b8bb_slice035.png,1,5208,5602,0.9469198702226105
Attention U-Net,RET_Cirrus_a6be6cdf56b8354d72483606af62b8bb_slice036.png,1,5425,5614,0.9676601140531153
Attention U-Net,RET_Cirrus_a6be6cdf56b8354d72483606af62b8bb_slice037.png,1,5082,5492,0.9512010591118591
Attention U-Net,RET_Cirrus_a6be6cdf56b8354d72483606af62b8bb_slice039.png,1,5056,5387,0.9600689456133229
Attention U-Net,RET_Cirrus_a6be6cdf56b8354d72483606af62b8bb_slice041.png,1,4912,5458,0.9442622949909101
Attention U-Net,RET_Cirrus_a6be6cdf56b8354d72483606af62b8bb_slice042.png,1,4725,5294,0.9306277488074143
Attention U-Net,RET_Cirrus_a6be6cdf56b8354d72483606af62b8bb_slice043.png,1,4782,5301,0.9421799066803352
Attention U-Net,RET_Cirrus_a6be6cdf56b8354d72483606af62b8bb_slice044.png,1,4476,4817,0.941999354251372
Attention U-Net,RET_Cirrus_a6be6cdf56b8354d72483606af62b8bb_slice045.png,1,4335,4576,0.9298619682493702
Attention U-Net,RET_Cirrus_a6be6cdf56b8354d72483606af62b8bb_slice046.png,1,4212,4550,0.46335018377029524
Attention U-Net,RET_Cirrus_a6be6cdf56b8354d72483606af62b8bb_slice049.png,1,3255,3642,0.9206968985452613
Attention U-Net,RET_Cirrus_a6be6cdf56b8354d72483606af62b8bb_slice050.png,1,2739,3180,0.9003815933463899
Attention U-Net,RET_Cirrus_a6be6cdf56b8354d72483606af62b8bb_slice052.png,1,3584,3902,0.8635462900218706
Attention U-Net,RET_Cirrus_a6be6cdf56b8354d72483606af62b8bb_slice053.png,1,3001,3686,0.8668740086807397
Attention U-Net,RET_Cirrus_a6be6cdf56b8354d72483606af62b8bb_slice055.png,1,3811,4079,0.8896148080774274
Attention U-Net,RET_Cirrus_a6be6cdf56b8354d72483606af62b8bb_slice057.png,1,3549,3813,0.8567376380642165
Attention U-Net,RET_Cirrus_a6be6cdf56b8354d72483606af62b8bb_slice060.png,1,3332,3411,0.8909374956347262
Attention U-Net,RET_Cirrus_a6be6cdf56b8354d72483606af62b8bb_slice061.png,1,2806,3028,0.882478737821638
Attention U-Net,RET_Cirrus_a6be6cdf56b8354d72483606af62b8bb_slice062.png,1,2274,2293,0.871716084689154
Attention U-Net,RET_Cirrus_a6be6cdf56b8354d72483606af62b8bb_slice063.png,1,2708,2675,0.851634528412185
Attention U-Net,RET_Cirrus_a6be6cdf56b8354d72483606af62b8bb_slice064.png,1,3281,3481,0.8128058623018819
Attention U-Net,RET_Cirrus_a6be6cdf56b8354d72483606af62b8bb_slice065.png,1,3287,3445,0.77733344418148
Attention U-Net,RET_Cirrus_a6be6cdf56b8354d72483606af62b8bb_slice066.png,1,3707,3859,0.833444459150094
Attention U-Net,RET_Cirrus_a6be6cdf56b8354d72483606af62b8bb_slice067.png,1,3391,3608,0.8843615493709668
Attention U-Net,RET_Cirrus_a6be6cdf56b8354d72483606af62b8bb_slice068.png,1,3176,3631,0.8880285883132775
Attention U-Net,RET_Cirrus_a6be6cdf56b8354d72483606af62b8bb_slice069.png,1,4343,4833,0.8755671190298753
Attention U-Net,RET_Cirrus_a6be6cdf56b8354d72483606af62b8bb_slice071.png,1,4041,4355,0.8791905928457264
Attention U-Net,RET_Cirrus_a6be6cdf56b8354d72483606af62b8bb_slice072.png,1,4225,4788,0.9178965241207587
Attention U-Net,RET_Cirrus_a6be6cdf56b8354d72483606af62b8bb_slice073.png,1,4449,4797,0.91989801715911
Attention U-Net,RET_Cirrus_a6be6cdf56b8354d72483606af62b8bb_slice074.png,1,4636,5077,0.8967707485789285
Attention U-Net,RET_Cirrus_a6be6cdf56b8354d72483606af62b8bb_slice075.png,1,4692,4978,0.901398298227579
Attention U-Net,RET_Cirrus_a6be6cdf56b8354d72483606af62b8bb_slice076.png,1,4427,4687,0.9030259852001346
Attention U-Net,RET_Cirrus_a6be6cdf56b8354d72483606af62b8bb_slice077.png,1,4181,4494,0.9098525912469928
Attention U-Net,RET_Cirrus_a6be6cdf56b8354d72483606af62b8bb_slice079.png,1,3968,4237,0.8903406643845404
Attention U-Net,RET_Cirrus_a6be6cdf56b8354d72483606af62b8bb_slice080.png,1,3386,3622,0.8924059223493022
Attention U-Net,RET_Cirrus_a6be6cdf56b8354d72483606af62b8bb_slice082.png,1,3748,3926,0.8945556857308546
Attention U-Net,RET_Cirrus_a6be6cdf56b8354d72483606af62b8bb_slice084.png,1,3091,3176,0.8929026618746344
Attention U-Net,RET_Cirrus_a6be6cdf56b8354d72483606af62b8bb_slice086.png,1,2655,2917,0.8883690720455788
Attention U-Net,RET_Cirrus_a6be6cdf56b8354d72483606af62b8bb_slice087.png,1,2256,2451,0.8302082160956197
Attention U-Net,RET_Cirrus_a6be6cdf56b8354d72483606af62b8bb_slice089.png,1,2516,2580,0.8494505580764485
Attention U-Net,RET_Cirrus_a6be6cdf56b8354d72483606af62b8bb_slice090.png,1,4455,4526,0.8798076232155455
Attention U-Net,RET_Cirrus_a6be6cdf56b8354d72483606af62b8bb_slice093.png,1,2721,3021,0.8849671694356641
Attention U-Net,RET_Cirrus_a6be6cdf56b8354d72483606af62b8bb_slice094.png,1,2565,2733,0.8920685820945321
Attention U-Net,RET_Cirrus_a6be6cdf56b8354d72483606af62b8bb_slice095.png,1,1956,2058,0.8599701418142511
Attention U-Net,RET_Cirrus_a6be6cdf56b8354d72483606af62b8bb_slice096.png,1,1613,1759,0.8661026963015704
Attention U-Net,RET_Cirrus_a6be6cdf56b8354d72483606af62b8bb_slice097.png,1,1794,1980,0.8139363123250783
Attention U-Net,RET_Cirrus_a6be6cdf56b8354d72483606af62b8bb_slice098.png,1,1066,1374,0.7562256070028085
Attention U-Net,RET_Cirrus_a6be6cdf56b8354d72483606af62b8bb_slice099.png,1,1033,1051,0.8158549510191003
Attention U-Net,RET_Cirrus_a6be6cdf56b8354d72483606af62b8bb_slice101.png,1,1116,1184,0.8892179941625569
Attention U-Net,RET_Cirrus_a6be6cdf56b8354d72483606af62b8bb_slice104.png,1,1259,1271,0.937526914090408
Attention U-Net,RET_Cirrus_a6be6cdf56b8354d72483606af62b8bb_slice105.png,1,1215,1368,0.8980867508640744
Attention U-Net,RET_Cirrus_a6be6cdf56b8354d72483606af62b8bb_slice107.png,1,1170,1167,0.9274981696091504
Attention U-Net,RET_Cirrus_a6be6cdf56b8354d72483606af62b8bb_slice108.png,1,1166,1176,0.9169276571497245
Attention U-Net,RET_Cirrus_a6be6cdf56b8354d72483606af62b8bb_slice109.png,1,1180,1272,0.8966447881187396
Attention U-Net,RET_Cirrus_a6be6cdf56b8354d72483606af62b8bb_slice110.png,1,1205,1256,0.8773786870816747
Attention U-Net,RET_Cirrus_a6be6cdf56b8354d72483606af62b8bb_slice111.png,1,1252,1216,0.8901631195367758
Attention U-Net,RET_Cirrus_a6be6cdf56b8354d72483606af62b8bb_slice112.png,1,1376,1325,0.9086048492318404
Attention U-Net,RET_Cirrus_a6be6cdf56b8354d72483606af62b8bb_slice113.png,1,1424,1384,0.886075304163652
Attention U-Net,RET_Cirrus_a6be6cdf56b8354d72483606af62b8bb_slice114.png,1,1374,1344,0.9190700484295453
Attention U-Net,RET_Cirrus_a6be6cdf56b8354d72483606af62b8bb_slice115.png,1,1500,1438,0.9269965210475739
Attention U-Net,RET_Cirrus_a6be6cdf56b8354d72483606af62b8bb_slice118.png,1,1102,970,0.7957699417480861
Attention U-Net,RET_Cirrus_a6be6cdf56b8354d72483606af62b8bb_slice119.png,1,909,846,0.900343642096023
Attention U-Net,RET_Cirrus_a6be6cdf56b8354d72483606af62b8bb_slice121.png,1,583,587,0.8483786145062413
Attention U-Net,RET_Cirrus_a6be6cdf56b8354d72483606af62b8bb_slice123.png,1,256,250,0.8057259697224418
Attention U-Net,RET_Cirrus_a6be6cdf56b8354d72483606af62b8bb_slice125.png,1,280,339,0.8645833318323206
Attention U-Net,RET_Cirrus_a953b47afe290923d91a08610799ea42_slice000.png,1,94,84,0.9213483094306275
Attention U-Net,RET_Cirrus_a953b47afe290923d91a08610799ea42_slice002.png,1,47,40,0.8505747028669575
Attention U-Net,RET_Cirrus_a953b47afe290923d91a08610799ea42_slice014.png,1,17,9,0.6923076656804744
Attention U-Net,RET_Cirrus_a953b47afe290923d91a08610799ea42_slice015.png,1,9,8,0.9411764152249167
Attention U-Net,RET_Cirrus_a953b47afe290923d91a08610799ea42_slice026.png,1,19,18,0.9729729466764069
Attention U-Net,RET_Cirrus_a953b47afe290923d91a08610799ea42_slice036.png,1,24,31,0.7999999854545458
Attention U-Net,RET_Cirrus_a953b47afe290923d91a08610799ea42_slice039.png,1,43,47,0.8444444350617285
Attention U-Net,RET_Cirrus_a953b47afe290923d91a08610799ea42_slice040.png,1,82,85,0.8383233482735128
Attention U-Net,RET_Cirrus_a953b47afe290923d91a08610799ea42_slice041.png,1,147,130,0.888086639393189
Attention U-Net,RET_Cirrus_a953b47afe290923d91a08610799ea42_slice042.png,1,211,209,0.8904761883560091
Attention U-Net,RET_Cirrus_a953b47afe290923d91a08610799ea42_slice043.png,1,218,256,0.8607594918549378
Attention U-Net,RET_Cirrus_a953b47afe290923d91a08610799ea42_slice044.png,1,351,346,0.8206599701281779
Attention U-Net,RET_Cirrus_a953b47afe290923d91a08610799ea42_slice045.png,1,231,281,0.8085937484207153
Attention U-Net,RET_Cirrus_a953b47afe290923d91a08610799ea42_slice046.png,1,534,539,0.8424976692986973
Attention U-Net,RET_Cirrus_a953b47afe290923d91a08610799ea42_slice047.png,1,532,562,0.7861060321882029
Attention U-Net,RET_Cirrus_a953b47afe290923d91a08610799ea42_slice048.png,1,594,658,0.8514376990004491
Attention U-Net,RET_Cirrus_a953b47afe290923d91a08610799ea42_slice050.png,1,1069,1061,0.8084507038457979
Attention U-Net,RET_Cirrus_a953b47afe290923d91a08610799ea42_slice051.png,1,1289,1398,0.8931894302593266
Attention U-Net,RET_Cirrus_a953b47afe290923d91a08610799ea42_slice052.png,1,1120,1315,0.8624229975924341
Attention U-Net,RET_Cirrus_a953b47afe290923d91a08610799ea42_slice053.png,1,1071,1166,0.786767992495857
Attention U-Net,RET_Cirrus_a953b47afe290923d91a08610799ea42_slice054.png,1,1073,1230,0.8562744242916742
Attention U-Net,RET_Cirrus_a953b47afe290923d91a08610799ea42_slice056.png,1,1601,1695,0.8578371807843751
Attention U-Net,RET_Cirrus_a953b47afe290923d91a08610799ea42_slice058.png,1,1644,1753,0.9031498378265677
Attention U-Net,RET_Cirrus_a953b47afe290923d91a08610799ea42_slice060.png,1,1677,1870,0.8948407102072623
Attention U-Net,RET_Cirrus_a953b47afe290923d91a08610799ea42_slice061.png,1,1777,1886,0.8872508870086675
Attention U-Net,RET_Cirrus_a953b47afe290923d91a08610799ea42_slice062.png,1,1403,1548,0.8688580139380353
Attention U-Net,RET_Cirrus_a953b47afe290923d91a08610799ea42_slice063.png,1,1668,1620,0.8808290152755779
Attention U-Net,RET_Cirrus_a953b47afe290923d91a08610799ea42_slice064.png,1,1710,1725,0.8617176125584519
Attention U-Net,RET_Cirrus_a953b47afe290923d91a08610799ea42_slice065.png,1,1318,1414,0.8304650308200421
Attention U-Net,RET_Cirrus_a953b47afe290923d91a08610799ea42_slice066.png,1,1444,1465,0.8600893774973911
Attention U-Net,RET_Cirrus_a953b47afe290923d91a08610799ea42_slice067.png,1,1201,1383,0.8405572752165026
Attention U-Net,RET_Cirrus_a953b47afe290923d91a08610799ea42_slice068.png,1,1029,1119,0.8696461820904814
Attention U-Net,RET_Cirrus_a953b47afe290923d91a08610799ea42_slice070.png,1,681,783,0.8073770486288407
Attention U-Net,RET_Cirrus_a953b47afe290923d91a08610799ea42_slice071.png,1,419,532,0.8307045206827502
Attention U-Net,RET_Cirrus_a953b47afe290923d91a08610799ea42_slice072.png,1,564,513,0.7910863502404025
Attention U-Net,RET_Cirrus_a953b47afe290923d91a08610799ea42_slice074.png,1,300,368,0.7245508971189358
Attention U-Net,RET_Cirrus_a953b47afe290923d91a08610799ea42_slice075.png,1,338,356,0.8414985578652758
Attention U-Net,RET_Cirrus_a953b47afe290923d91a08610799ea42_slice077.png,1,111,105,0.8148148110425241
Attention U-Net,RET_Cirrus_a953b47afe290923d91a08610799ea42_slice079.png,1,13,16,0.8965516932223554
Attention U-Net,RET_Cirrus_a953b47afe290923d91a08610799ea42_slice090.png,0,0,0,
Attention U-Net,RET_Cirrus_a953b47afe290923d91a08610799ea42_slice116.png,0,0,0,
Attention U-Net,RET_Cirrus_b35010885c2127df56140ffbfc3db3e3_slice009.png,1,14,6,0.5999999700000015
Attention U-Net,RET_Cirrus_b35010885c2127df56140ffbfc3db3e3_slice010.png,1,84,73,0.7898089121668223
Attention U-Net,RET_Cirrus_b35010885c2127df56140ffbfc3db3e3_slice011.png,1,288,238,0.8095238079176115
Attention U-Net,RET_Cirrus_b35010885c2127df56140ffbfc3db3e3_slice012.png,1,308,289,0.8547436278819199
Attention U-Net,RET_Cirrus_b35010885c2127df56140ffbfc3db3e3_slice013.png,1,330,342,0.8783907632268158
Attention U-Net,RET_Cirrus_b35010885c2127df56140ffbfc3db3e3_slice014.png,1,564,570,0.8756642125198485
Attention U-Net,RET_Cirrus_b35010885c2127df56140ffbfc3db3e3_slice015.png,1,614,640,0.7770019382798381
Attention U-Net,RET_Cirrus_b35010885c2127df56140ffbfc3db3e3_slice016.png,1,710,670,0.8414252033608479
Attention U-Net,RET_Cirrus_b35010885c2127df56140ffbfc3db3e3_slice017.png,1,822,794,0.8544315211152278
Attention U-Net,RET_Cirrus_b35010885c2127df56140ffbfc3db3e3_slice018.png,1,808,812,0.825979984033244
Attention U-Net,RET_Cirrus_b35010885c2127df56140ffbfc3db3e3_slice019.png,1,777,825,0.8504907988393161
Attention U-Net,RET_Cirrus_b35010885c2127df56140ffbfc3db3e3_slice021.png,1,812,827,0.8912751666894885
Attention U-Net,RET_Cirrus_b35010885c2127df56140ffbfc3db3e3_slice023.png,1,830,917,0.8467339840618414
Attention U-Net,RET_Cirrus_b35010885c2127df56140ffbfc3db3e3_slice025.png,1,823,966,0.8172610900832167
Attention U-Net,RET_Cirrus_b35010885c2127df56140ffbfc3db3e3_slice026.png,1,977,1065,0.81195553122427
Attention U-Net,RET_Cirrus_b35010885c2127df56140ffbfc3db3e3_slice027.png,1,1051,1044,0.8941098293123124
Attention U-Net,RET_Cirrus_b35010885c2127df56140ffbfc3db3e3_slice028.png,1,1133,1185,0.831303132438971
Attention U-Net,RET_Cirrus_b35010885c2127df56140ffbfc3db3e3_slice030.png,1,1321,1340,0.8894118260066488
Attention U-Net,RET_Cirrus_b35010885c2127df56140ffbfc3db3e3_slice031.png,1,1426,1467,0.8357870076783089
Attention U-Net,RET_Cirrus_b35010885c2127df56140ffbfc3db3e3_slice032.png,1,1420,1597,0.8713191018129766
Attention U-Net,RET_Cirrus_b35010885c2127df56140ffbfc3db3e3_slice033.png,1,1491,1702,0.8849674690900441
Attention U-Net,RET_Cirrus_b35010885c2127df56140ffbfc3db3e3_slice034.png,1,1787,1842,0.8917677943439255
Attention U-Net,RET_Cirrus_b35010885c2127df56140ffbfc3db3e3_slice035.png,1,2041,2096,0.902245023824011
Attention U-Net,RET_Cirrus_b35010885c2127df56140ffbfc3db3e3_slice036.png,1,1959,2114,0.8828087918318926
Attention U-Net,RET_Cirrus_b35010885c2127df56140ffbfc3db3e3_slice038.png,1,2332,2251,0.9029932389050934
Attention U-Net,RET_Cirrus_b35010885c2127df56140ffbfc3db3e3_slice039.png,1,2279,2217,0.8253699575029212
Attention U-Net,RET_Cirrus_b35010885c2127df56140ffbfc3db3e3_slice040.png,1,2284,2470,0.8783531909186356
Attention U-Net,RET_Cirrus_b35010885c2127df56140ffbfc3db3e3_slice041.png,1,2552,2649,0.8866028776543117
Attention U-Net,RET_Cirrus_b35010885c2127df56140ffbfc3db3e3_slice042.png,1,2510,2671,0.8865516355173009
Attention U-Net,RET_Cirrus_b35010885c2127df56140ffbfc3db3e3_slice043.png,1,2538,2766,0.8367709947033042
Attention U-Net,RET_Cirrus_b35010885c2127df56140ffbfc3db3e3_slice045.png,1,2547,2535,0.873075486768779
Attention U-Net,RET_Cirrus_b35010885c2127df56140ffbfc3db3e3_slice047.png,1,2337,2368,0.8568806578119559
Attention U-Net,RET_Cirrus_b35010885c2127df56140ffbfc3db3e3_slice048.png,1,2182,2315,0.8602754532989141
Attention U-Net,RET_Cirrus_b35010885c2127df56140ffbfc3db3e3_slice049.png,1,2176,2181,0.8624625918190398
Attention U-Net,RET_Cirrus_b35010885c2127df56140ffbfc3db3e3_slice050.png,1,2134,2228,0.8759385344932754
Attention U-Net,RET_Cirrus_b35010885c2127df56140ffbfc3db3e3_slice052.png,1,2295,2408,0.8893679130972404
Attention U-Net,RET_Cirrus_b35010885c2127df56140ffbfc3db3e3_slice053.png,1,2113,2259,0.8892230758327013
Attention U-Net,RET_Cirrus_b35010885c2127df56140ffbfc3db3e3_slice054.png,1,2242,2264,0.8992732090809544
Attention U-Net,RET_Cirrus_b35010885c2127df56140ffbfc3db3e3_slice055.png,1,2305,2331,0.9031233053687219
Attention U-Net,RET_Cirrus_b35010885c2127df56140ffbfc3db3e3_slice056.png,1,2379,2506,0.9135332254215115
Attention U-Net,RET_Cirrus_b35010885c2127df56140ffbfc3db3e3_slice057.png,1,2523,2448,0.918239178995749
Attention U-Net,RET_Cirrus_b35010885c2127df56140ffbfc3db3e3_slice058.png,1,2518,2479,0.9222710692137293
Attention U-Net,RET_Cirrus_b35010885c2127df56140ffbfc3db3e3_slice059.png,1,2459,2410,0.9193352718992706
Attention U-Net,RET_Cirrus_b35010885c2127df56140ffbfc3db3e3_slice060.png,1,2589,2366,0.9013102662982478
Attention U-Net,RET_Cirrus_b35010885c2127df56140ffbfc3db3e3_slice062.png,1,2228,2229,0.8993738150272136
Attention U-Net,RET_Cirrus_b35010885c2127df56140ffbfc3db3e3_slice063.png,1,2115,1960,0.8325362214323175
Attention U-Net,RET_Cirrus_b35010885c2127df56140ffbfc3db3e3_slice066.png,1,1741,1777,0.928402152198389
Attention U-Net,RET_Cirrus_b35010885c2127df56140ffbfc3db3e3_slice067.png,1,1791,1844,0.9249249690872586
Attention U-Net,RET_Cirrus_b35010885c2127df56140ffbfc3db3e3_slice068.png,1,1778,1812,0.6136561335673266
Attention U-Net,RET_Cirrus_b35010885c2127df56140ffbfc3db3e3_slice069.png,1,1716,1835,0.9200680580607201
Attention U-Net,RET_Cirrus_b35010885c2127df56140ffbfc3db3e3_slice070.png,1,1806,1907,0.9317792649538101
Attention U-Net,RET_Cirrus_b35010885c2127df56140ffbfc3db3e3_slice071.png,1,2000,2035,0.8850133744582174
Attention U-Net,RET_Cirrus_b35010885c2127df56140ffbfc3db3e3_slice072.png,1,1821,2007,0.9260928969121032
Attention U-Net,RET_Cirrus_b35010885c2127df56140ffbfc3db3e3_slice075.png,1,1956,1961,0.9349134960525298
Attention U-Net,RET_Cirrus_b35010885c2127df56140ffbfc3db3e3_slice076.png,1,1892,2059,0.9030226855231701
Attention U-Net,RET_Cirrus_b35010885c2127df56140ffbfc3db3e3_slice077.png,1,1999,2039,0.9020383498593494
Attention U-Net,RET_Cirrus_b35010885c2127df56140ffbfc3db3e3_slice078.png,1,1945,1875,0.9319836360647081
Attention U-Net,RET_Cirrus_b35010885c2127df56140ffbfc3db3e3_slice079.png,1,1779,1776,0.9240412475282158
Attention U-Net,RET_Cirrus_b35010885c2127df56140ffbfc3db3e3_slice081.png,1,2170,2071,0.9241523693220672
Attention U-Net,RET_Cirrus_b35010885c2127df56140ffbfc3db3e3_slice082.png,1,1893,1936,0.9124623783013186
Attention U-Net,RET_Cirrus_b35010885c2127df56140ffbfc3db3e3_slice083.png,1,1696,1850,0.8870788862314819
Attention U-Net,RET_Cirrus_b35010885c2127df56140ffbfc3db3e3_slice084.png,1,1859,1891,0.8887780793873346
Attention U-Net,RET_Cirrus_b35010885c2127df56140ffbfc3db3e3_slice085.png,1,1998,2124,0.8754427877755733
Attention U-Net,RET_Cirrus_b35010885c2127df56140ffbfc3db3e3_slice086.png,1,2054,2180,0.8304186882869418
Attention U-Net,RET_Cirrus_b35010885c2127df56140ffbfc3db3e3_slice087.png,1,2202,2187,0.9019866602880893
Attention U-Net,RET_Cirrus_b35010885c2127df56140ffbfc3db3e3_slice088.png,1,2326,2320,0.9091251995361762
Attention U-Net,RET_Cirrus_b35010885c2127df56140ffbfc3db3e3_slice090.png,1,2287,2299,0.9034839124510075
Attention U-Net,RET_Cirrus_b35010885c2127df56140ffbfc3db3e3_slice091.png,1,2233,2286,0.9150669222462418
Attention U-Net,RET_Cirrus_b35010885c2127df56140ffbfc3db3e3_slice092.png,1,2335,2332,0.8262441705625718
Attention U-Net,RET_Cirrus_b35010885c2127df56140ffbfc3db3e3_slice093.png,1,2498,2452,0.9009417165336322
Attention U-Net,RET_Cirrus_b35010885c2127df56140ffbfc3db3e3_slice095.png,1,2756,2629,0.9063425573514308
Attention U-Net,RET_Cirrus_b35010885c2127df56140ffbfc3db3e3_slice097.png,1,2657,2713,0.8782945716459563
Attention U-Net,RET_Cirrus_b35010885c2127df56140ffbfc3db3e3_slice098.png,1,2664,2698,0.9164771000414529
Attention U-Net,RET_Cirrus_b35010885c2127df56140ffbfc3db3e3_slice099.png,1,2659,2701,0.9013262912637836
Attention U-Net,RET_Cirrus_b35010885c2127df56140ffbfc3db3e3_slice100.png,1,2763,2642,0.8475919115150803
Attention U-Net,RET_Cirrus_b35010885c2127df56140ffbfc3db3e3_slice102.png,1,2746,2720,0.8911465217981711
Attention U-Net,RET_Cirrus_b35010885c2127df56140ffbfc3db3e3_slice104.png,1,2493,2697,0.8615446696136997
Attention U-Net,RET_Cirrus_b35010885c2127df56140ffbfc3db3e3_slice106.png,1,2705,2676,0.961295124495479
Attention U-Net,RET_Cirrus_b35010885c2127df56140ffbfc3db3e3_slice107.png,1,2796,2717,0.9660801739586286
Attention U-Net,RET_Cirrus_b35010885c2127df56140ffbfc3db3e3_slice108.png,1,2547,2693,0.9648854959990676
Attention U-Net,RET_Cirrus_b35010885c2127df56140ffbfc3db3e3_slice109.png,1,2691,2714,0.9691026825219051
Attention U-Net,RET_Cirrus_b35010885c2127df56140ffbfc3db3e3_slice111.png,1,2718,2688,0.9618941914609888
Attention U-Net,RET_Cirrus_b35010885c2127df56140ffbfc3db3e3_slice113.png,1,2582,2562,0.9620843863577514
Attention U-Net,RET_Cirrus_b35010885c2127df56140ffbfc3db3e3_slice114.png,1,2582,2559,0.9679050766450291
Attention U-Net,RET_Cirrus_b35010885c2127df56140ffbfc3db3e3_slice116.png,1,2293,2391,0.9543125531694464
Attention U-Net,RET_Cirrus_b35010885c2127df56140ffbfc3db3e3_slice117.png,1,2518,2339,0.9487337860924986
Attention U-Net,RET_Cirrus_b35010885c2127df56140ffbfc3db3e3_slice118.png,1,2171,2248,0.9631138264396664
Attention U-Net,RET_Cirrus_b35010885c2127df56140ffbfc3db3e3_slice119.png,1,2152,2155,0.9621546317710343
Attention U-Net,RET_Cirrus_b35010885c2127df56140ffbfc3db3e3_slice121.png,1,1763,1942,0.9408906880051577
Attention U-Net,RET_Cirrus_b35010885c2127df56140ffbfc3db3e3_slice122.png,1,1912,1871,0.951625693642182
Attention U-Net,RET_Cirrus_b35010885c2127df56140ffbfc3db3e3_slice123.png,1,1778,1783,0.9533445753363281
Attention U-Net,RET_Cirrus_b35010885c2127df56140ffbfc3db3e3_slice124.png,1,1715,1708,0.9547180832735267
Attention U-Net,RET_Cirrus_b35010885c2127df56140ffbfc3db3e3_slice126.png,1,1473,1432,0.9569707397738483
Attention U-Net,RET_Cirrus_b35010885c2127df56140ffbfc3db3e3_slice127.png,1,1260,1293,0.9604386991929343
Attention U-Net,RET_Cirrus_d40ef678ef3dff06eb3aa3a4f4ae99e6_slice000.png,0,0,6,
Attention U-Net,RET_Cirrus_d40ef678ef3dff06eb3aa3a4f4ae99e6_slice017.png,0,0,0,
Attention U-Net,RET_Cirrus_d40ef678ef3dff06eb3aa3a4f4ae99e6_slice028.png,0,0,0,
Attention U-Net,RET_Cirrus_d40ef678ef3dff06eb3aa3a4f4ae99e6_slice045.png,1,34,39,0.8493150568586979
Attention U-Net,RET_Cirrus_d40ef678ef3dff06eb3aa3a4f4ae99e6_slice046.png,1,71,70,0.9219858090639305
Attention U-Net,RET_Cirrus_d40ef678ef3dff06eb3aa3a4f4ae99e6_slice047.png,1,69,66,0.9037036970096023
Attention U-Net,RET_Cirrus_d40ef678ef3dff06eb3aa3a4f4ae99e6_slice048.png,1,99,97,0.969387750156185
Attention U-Net,RET_Cirrus_d40ef678ef3dff06eb3aa3a4f4ae99e6_slice049.png,1,90,84,0.9655172358303608
Attention U-Net,RET_Cirrus_d40ef678ef3dff06eb3aa3a4f4ae99e6_slice050.png,1,109,95,0.9215686229334872
Attention U-Net,RET_Cirrus_d40ef678ef3dff06eb3aa3a4f4ae99e6_slice051.png,1,106,99,0.9365853612849495
Attention U-Net,RET_Cirrus_d40ef678ef3dff06eb3aa3a4f4ae99e6_slice053.png,1,134,120,0.9212598388926778
Attention U-Net,RET_Cirrus_d40ef678ef3dff06eb3aa3a4f4ae99e6_slice054.png,1,174,158,0.9337349369465815
Attention U-Net,RET_Cirrus_d40ef678ef3dff06eb3aa3a4f4ae99e6_slice055.png,1,144,157,0.7707641170406507
Attention U-Net,RET_Cirrus_d40ef678ef3dff06eb3aa3a4f4ae99e6_slice056.png,1,258,272,0.8943396209540762
Attention U-Net,RET_Cirrus_d40ef678ef3dff06eb3aa3a4f4ae99e6_slice057.png,1,362,355,0.9121338899412359
Attention U-Net,RET_Cirrus_d40ef678ef3dff06eb3aa3a4f4ae99e6_slice059.png,1,549,590,0.8902546085247983
Attention U-Net,RET_Cirrus_d40ef678ef3dff06eb3aa3a4f4ae99e6_slice060.png,1,619,654,0.937941868862575
Attention U-Net,RET_Cirrus_d40ef678ef3dff06eb3aa3a4f4ae99e6_slice061.png,1,720,748,0.9400544952724423
Attention U-Net,RET_Cirrus_d40ef678ef3dff06eb3aa3a4f4ae99e6_slice062.png,1,846,894,0.9571759253720046
Attention U-Net,RET_Cirrus_d40ef678ef3dff06eb3aa3a4f4ae99e6_slice063.png,1,828,932,0.9289489131362602
Attention U-Net,RET_Cirrus_d40ef678ef3dff06eb3aa3a4f4ae99e6_slice064.png,1,958,996,0.9553478707396947
Attention U-Net,RET_Cirrus_d40ef678ef3dff06eb3aa3a4f4ae99e6_slice066.png,1,767,835,0.9225928250959138
Attention U-Net,RET_Cirrus_d40ef678ef3dff06eb3aa3a4f4ae99e6_slice067.png,1,396,418,0.8427518417165211
Attention U-Net,RET_Cirrus_d40ef678ef3dff06eb3aa3a4f4ae99e6_slice068.png,1,517,535,0.9486692006191356
Attention U-Net,RET_Cirrus_d40ef678ef3dff06eb3aa3a4f4ae99e6_slice069.png,1,822,848,0.8970059874868227
Attention U-Net,RET_Cirrus_d40ef678ef3dff06eb3aa3a4f4ae99e6_slice070.png,1,714,719,0.8764829023890558
Attention U-Net,RET_Cirrus_d40ef678ef3dff06eb3aa3a4f4ae99e6_slice071.png,1,688,766,0.8528198068412518
Attention U-Net,RET_Cirrus_d40ef678ef3dff06eb3aa3a4f4ae99e6_slice072.png,1,615,641,0.8996815279461133
Attention U-Net,RET_Cirrus_d40ef678ef3dff06eb3aa3a4f4ae99e6_slice073.png,1,480,453,0.9003215424433852
Attention U-Net,RET_Cirrus_d40ef678ef3dff06eb3aa3a4f4ae99e6_slice074.png,1,360,356,0.8519553060726881
Attention U-Net,RET_Cirrus_d40ef678ef3dff06eb3aa3a4f4ae99e6_slice075.png,1,189,218,0.8353808333283026
Attention U-Net,RET_Cirrus_d40ef678ef3dff06eb3aa3a4f4ae99e6_slice076.png,1,153,169,0.8757763947957254
Attention U-Net,RET_Cirrus_e6747bd39c2fc8a907a7193731724eab_slice010.png,0,0,0,
Attention U-Net,RET_Cirrus_e6747bd39c2fc8a907a7193731724eab_slice015.png,1,7,15,0.6363636074380178
Attention U-Net,RET_Cirrus_e6747bd39c2fc8a907a7193731724eab_slice016.png,1,5,11,0.6249999609375024
Attention U-Net,RET_Cirrus_e6747bd39c2fc8a907a7193731724eab_slice017.png,1,35,37,0.972222208719136
Attention U-Net,RET_Cirrus_e6747bd39c2fc8a907a7193731724eab_slice022.png,1,62,65,0.6929133803707608
Attention U-Net,RET_Cirrus_e6747bd39c2fc8a907a7193731724eab_slice023.png,1,154,150,0.8092105236539128
Attention U-Net,RET_Cirrus_e6747bd39c2fc8a907a7193731724eab_slice024.png,1,291,172,0.6954643613488891
Attention U-Net,RET_Cirrus_e6747bd39c2fc8a907a7193731724eab_slice025.png,1,78,71,0.7651006660060358
Attention U-Net,RET_Cirrus_e6747bd39c2fc8a907a7193731724eab_slice026.png,1,145,137,0.7234042527538856
Attention U-Net,RET_Cirrus_e6747bd39c2fc8a907a7193731724eab_slice027.png,1,29,27,0.9642856970663268
Attention U-Net,RET_Cirrus_e6747bd39c2fc8a907a7193731724eab_slice028.png,1,122,100,0.720720717474231
Attention U-Net,RET_Cirrus_e6747bd39c2fc8a907a7193731724eab_slice030.png,1,291,294,0.7965811952195193
Attention U-Net,RET_Cirrus_e6747bd39c2fc8a907a7193731724eab_slice031.png,1,186,220,0.842364529944915
Attention U-Net,RET_Cirrus_e6747bd39c2fc8a907a7193731724eab_slice033.png,1,271,322,0.8431703189828493
Attention U-Net,RET_Cirrus_e6747bd39c2fc8a907a7193731724eab_slice034.png,1,481,544,0.8019512187298036
Attention U-Net,RET_Cirrus_e6747bd39c2fc8a907a7193731724eab_slice037.png,1,774,880,0.825876662136713
Attention U-Net,RET_Cirrus_e6747bd39c2fc8a907a7193731724eab_slice038.png,1,1005,990,0.8310776938190086
Attention U-Net,RET_Cirrus_e6747bd39c2fc8a907a7193731724eab_slice039.png,1,1145,1290,0.8706365499504574
Attention U-Net,RET_Cirrus_e6747bd39c2fc8a907a7193731724eab_slice041.png,1,1705,1744,0.8866338066434811
Attention U-Net,RET_Cirrus_e6747bd39c2fc8a907a7193731724eab_slice042.png,1,1864,1886,0.8607999997704534
Attention U-Net,RET_Cirrus_e6747bd39c2fc8a907a7193731724eab_slice043.png,1,1859,1893,0.85341151363182
Attention U-Net,RET_Cirrus_e6747bd39c2fc8a907a7193731724eab_slice044.png,1,1312,1436,0.8886462878862277
Attention U-Net,RET_Cirrus_e6747bd39c2fc8a907a7193731724eab_slice045.png,1,1455,1818,0.8273754962336158
Attention U-Net,RET_Cirrus_e6747bd39c2fc8a907a7193731724eab_slice046.png,1,3010,2641,0.8713502033496106
Attention U-Net,RET_Cirrus_e6747bd39c2fc8a907a7193731724eab_slice047.png,1,2199,1895,0.8382999509432585
Attention U-Net,RET_Cirrus_e6747bd39c2fc8a907a7193731724eab_slice048.png,1,2562,2467,0.8550407634012644
Attention U-Net,RET_Cirrus_e6747bd39c2fc8a907a7193731724eab_slice051.png,1,2131,1953,0.826640548279471
Attention U-Net,RET_Cirrus_e6747bd39c2fc8a907a7193731724eab_slice052.png,1,3341,2956,0.8184849927237596
Attention U-Net,RET_Cirrus_e6747bd39c2fc8a907a7193731724eab_slice054.png,1,4246,4155,0.8772765145962056
Attention U-Net,RET_Cirrus_e6747bd39c2fc8a907a7193731724eab_slice055.png,1,4859,4172,0.8528402169357945
Attention U-Net,RET_Cirrus_e6747bd39c2fc8a907a7193731724eab_slice056.png,1,4124,4260,0.9187380496034012
Attention U-Net,RET_Cirrus_e6747bd39c2fc8a907a7193731724eab_slice057.png,1,4682,4637,0.8836439309633167
Attention U-Net,RET_Cirrus_e6747bd39c2fc8a907a7193731724eab_slice058.png,1,4782,4547,0.8983497330813282
Attention U-Net,RET_Cirrus_e6747bd39c2fc8a907a7193731724eab_slice061.png,1,3606,3557,0.9059915158810021
Attention U-Net,RET_Cirrus_e6747bd39c2fc8a907a7193731724eab_slice063.png,1,4633,4411,0.8973796238652745
Attention U-Net,RET_Cirrus_e6747bd39c2fc8a907a7193731724eab_slice065.png,1,4639,4182,0.8661548270896847
Attention U-Net,RET_Cirrus_e6747bd39c2fc8a907a7193731724eab_slice066.png,1,4117,4273,0.832410896465203
Attention U-Net,RET_Cirrus_e6747bd39c2fc8a907a7193731724eab_slice069.png,1,3231,3214,0.8719937935031816
Attention U-Net,RET_Cirrus_e6747bd39c2fc8a907a7193731724eab_slice070.png,1,1890,1867,0.7782805427792706
Attention U-Net,RET_Cirrus_e6747bd39c2fc8a907a7193731724eab_slice073.png,1,1860,1532,0.7959905658030688
Attention U-Net,RET_Cirrus_e6747bd39c2fc8a907a7193731724eab_slice074.png,1,2017,2005,0.8015912479359545
Attention U-Net,RET_Cirrus_e6747bd39c2fc8a907a7193731724eab_slice076.png,1,1926,1586,0.8211845100167471
Attention U-Net,RET_Cirrus_e6747bd39c2fc8a907a7193731724eab_slice077.png,1,1290,1204,0.8190245865300183
Attention U-Net,RET_Cirrus_e6747bd39c2fc8a907a7193731724eab_slice078.png,1,871,772,0.7490729290796829
Attention U-Net,RET_Cirrus_e6747bd39c2fc8a907a7193731724eab_slice079.png,1,245,319,0.7486631002697628
Attention U-Net,RET_Cirrus_e6747bd39c2fc8a907a7193731724eab_slice080.png,1,663,531,0.6130653261197108
Attention U-Net,RET_Cirrus_e6747bd39c2fc8a907a7193731724eab_slice082.png,1,1076,1051,0.6647860833733963
Attention U-Net,RET_Cirrus_e6747bd39c2fc8a907a7193731724eab_slice083.png,1,1361,1476,0.8269298551896617
Attention U-Net,RET_Cirrus_e6747bd39c2fc8a907a7193731724eab_slice084.png,1,1542,1313,0.8574430820114035
Attention U-Net,RET_Cirrus_e6747bd39c2fc8a907a7193731724eab_slice085.png,1,1049,953,0.8611388607087218
Attention U-Net,RET_Cirrus_e6747bd39c2fc8a907a7193731724eab_slice086.png,1,762,813,0.8241269836037288
Attention U-Net,RET_Cirrus_e6747bd39c2fc8a907a7193731724eab_slice087.png,1,898,780,0.7270560186370345
Attention U-Net,RET_Cirrus_e6747bd39c2fc8a907a7193731724eab_slice088.png,1,756,561,0.7911921026642428
Attention U-Net,RET_Cirrus_e6747bd39c2fc8a907a7193731724eab_slice089.png,1,414,415,0.8757539193296092
Attention U-Net,RET_Cirrus_e6747bd39c2fc8a907a7193731724eab_slice090.png,1,521,444,0.862176164909662
Attention U-Net,RET_Cirrus_e6747bd39c2fc8a907a7193731724eab_slice091.png,1,186,162,0.9195402272427005
Attention U-Net,RET_Cirrus_e6747bd39c2fc8a907a7193731724eab_slice092.png,1,212,119,0.6524390224011005
Attention U-Net,RET_Cirrus_e6747bd39c2fc8a907a7193731724eab_slice093.png,1,68,66,0.8656716353308087
Attention U-Net,RET_Cirrus_e6747bd39c2fc8a907a7193731724eab_slice094.png,1,90,73,0.8466257616771425
Attention U-Net,RET_Cirrus_e6747bd39c2fc8a907a7193731724eab_slice095.png,1,142,115,0.7782101137034626
Attention U-Net,RET_Cirrus_e6747bd39c2fc8a907a7193731724eab_slice096.png,1,14,33,0.46808509642372137
Attention U-Net,RET_Cirrus_e6747bd39c2fc8a907a7193731724eab_slice097.png,0,0,7,
Attention U-Net,RET_Cirrus_e6747bd39c2fc8a907a7193731724eab_slice098.png,1,12,17,0.8275861783590973
Attention U-Net,RET_Cirrus_e6747bd39c2fc8a907a7193731724eab_slice099.png,1,45,43,0.931818171229339
Attention U-Net,RET_Cirrus_e6747bd39c2fc8a907a7193731724eab_slice100.png,1,34,38,0.8055555443672842
Attention U-Net,RET_Cirrus_e6747bd39c2fc8a907a7193731724eab_slice104.png,1,64,57,0.9090909015777612
Attention U-Net,RET_Cirrus_e6747bd39c2fc8a907a7193731724eab_slice105.png,1,72,66,0.8840579646082757
Attention U-Net,RET_Cirrus_e6747bd39c2fc8a907a7193731724eab_slice107.png,0,0,10,
Attention U-Net,RET_Cirrus_e6747bd39c2fc8a907a7193731724eab_slice112.png,0,0,0,
Attention U-Net,RET_Cirrus_e6747bd39c2fc8a907a7193731724eab_slice113.png,0,0,0,
Attention U-Net,RET_Spectralis_11f08e45fcac03ea64b7138754117435_slice007.png,0,0,0,
Attention U-Net,RET_Spectralis_11f08e45fcac03ea64b7138754117435_slice013.png,0,0,160,
Attention U-Net,RET_Spectralis_11f08e45fcac03ea64b7138754117435_slice020.png,1,401,620,0.4869722371785297
Attention U-Net,RET_Spectralis_11f08e45fcac03ea64b7138754117435_slice021.png,1,632,685,0.7811291221194918
Attention U-Net,RET_Spectralis_11f08e45fcac03ea64b7138754117435_slice022.png,1,851,971,0.8218184210957478
Attention U-Net,RET_Spectralis_11f08e45fcac03ea64b7138754117435_slice023.png,1,899,1065,0.8278739622216091
Attention U-Net,RET_Spectralis_11f08e45fcac03ea64b7138754117435_slice024.png,1,962,946,0.8959498744437948
Attention U-Net,RET_Spectralis_11f08e45fcac03ea64b7138754117435_slice025.png,1,1075,980,0.8358870183501927
Attention U-Net,RET_Spectralis_11f08e45fcac03ea64b7138754117435_slice026.png,1,1134,1041,0.8020197186384113
Attention U-Net,RET_Spectralis_11f08e45fcac03ea64b7138754117435_slice027.png,1,1029,1040,0.8045448911159148
Attention U-Net,RET_Spectralis_11f08e45fcac03ea64b7138754117435_slice028.png,1,980,951,0.8308663569469859
Attention U-Net,RET_Spectralis_11f08e45fcac03ea64b7138754117435_slice029.png,1,829,955,0.8106627881645728
Attention U-Net,RET_Spectralis_11f08e45fcac03ea64b7138754117435_slice031.png,1,360,259,0.32310177653780003
Attention U-Net,RET_Spectralis_11f08e45fcac03ea64b7138754117435_slice032.png,1,77,131,0.0
Attention U-Net,RET_Spectralis_4223bd8c7002828a266d03b666b5c492_slice001.png,1,472,182,0.327217124881931
Attention U-Net,RET_Spectralis_4223bd8c7002828a266d03b666b5c492_slice002.png,1,459,380,0.4815256251710064
Attention U-Net,RET_Spectralis_4223bd8c7002828a266d03b666b5c492_slice003.png,1,483,400,0.4897494299661168
Attention U-Net,RET_Spectralis_4223bd8c7002828a266d03b666b5c492_slice004.png,1,486,247,0.4829467933384082
Attention U-Net,RET_Spectralis_4223bd8c7002828a266d03b666b5c492_slice005.png,1,636,463,0.4913557775328882
Attention U-Net,RET_Spectralis_4223bd8c7002828a266d03b666b5c492_slice006.png,1,456,397,0.5238095231859411
Attention U-Net,RET_Spectralis_4223bd8c7002828a266d03b666b5c492_slice007.png,1,956,654,0.61614906794028
Attention U-Net,RET_Spectralis_4223bd8c7002828a266d03b666b5c492_slice009.png,1,1194,854,0.6240713221277506
Attention U-Net,RET_Spectralis_4223bd8c7002828a266d03b666b5c492_slice010.png,1,1237,899,0.6900749060439725
Attention U-Net,RET_Spectralis_4223bd8c7002828a266d03b666b5c492_slice011.png,1,888,697,0.5072555201846968
Attention U-Net,RET_Spectralis_4223bd8c7002828a266d03b666b5c492_slice012.png,1,589,488,0.4865366754999659
Attention U-Net,RET_Spectralis_4223bd8c7002828a266d03b666b5c492_slice014.png,1,585,549,0.47266313891299544
Attention U-Net,RET_Spectralis_4223bd8c7002828a266d03b666b5c492_slice015.png,1,909,735,0.6435523110440678
Attention U-Net,RET_Spectralis_4223bd8c7002828a266d03b666b5c492_slice016.png,1,742,619,0.6760772654709678
Attention U-Net,RET_Spectralis_4223bd8c7002828a266d03b666b5c492_slice017.png,1,798,762,0.38461538436883624
Attention U-Net,RET_Spectralis_4223bd8c7002828a266d03b666b5c492_slice018.png,1,964,1055,0.5377611137987353
Attention U-Net,RET_Spectralis_4223bd8c7002828a266d03b666b5c492_slice020.png,1,1745,1298,0.7308577059707994
Attention U-Net,RET_Spectralis_4223bd8c7002828a266d03b666b5c492_slice021.png,1,2008,1650,0.7227993437061785
Attention U-Net,RET_Spectralis_4223bd8c7002828a266d03b666b5c492_slice022.png,1,1818,2210,0.7720953324796188
Attention U-Net,RET_Spectralis_4223bd8c7002828a266d03b666b5c492_slice023.png,1,1873,1999,0.7055785122144684
Attention U-Net,RET_Spectralis_4223bd8c7002828a266d03b666b5c492_slice024.png,1,1978,1688,0.7594108017568437
Attention U-Net,RET_Spectralis_4223bd8c7002828a266d03b666b5c492_slice025.png,1,1127,910,0.7594936705015222
Attention U-Net,RET_Spectralis_4223bd8c7002828a266d03b666b5c492_slice027.png,1,1387,930,0.576607682099004
Attention U-Net,RET_Spectralis_4223bd8c7002828a266d03b666b5c492_slice029.png,1,571,478,0.6367969488686397
Attention U-Net,RET_Spectralis_4223bd8c7002828a266d03b666b5c492_slice030.png,1,100,153,0.0
Attention U-Net,RET_Spectralis_4223bd8c7002828a266d03b666b5c492_slice031.png,1,16,218,0.0
Attention U-Net,RET_Spectralis_4223bd8c7002828a266d03b666b5c492_slice046.png,0,0,0,
Attention U-Net,RET_Spectralis_4a8a81b1c06072385738775dccdc7942_slice006.png,1,66,104,0.5882352906574395
Attention U-Net,RET_Spectralis_4a8a81b1c06072385738775dccdc7942_slice007.png,1,186,238,0.6273584890864187
Attention U-Net,RET_Spectralis_4a8a81b1c06072385738775dccdc7942_slice008.png,1,436,522,0.8442437913721853
Attention U-Net,RET_Spectralis_4a8a81b1c06072385738775dccdc7942_slice009.png,1,629,679,0.8184019363854705
Attention U-Net,RET_Spectralis_4a8a81b1c06072385738775dccdc7942_slice011.png,1,587,419,0.6659597023690778
Attention U-Net,RET_Spectralis_4a8a81b1c06072385738775dccdc7942_slice012.png,1,546,801,0.7493540045225202
Attention U-Net,RET_Spectralis_4a8a81b1c06072385738775dccdc7942_slice013.png,1,831,512,0.7303918821380095
Attention U-Net,RET_Spectralis_4a8a81b1c06072385738775dccdc7942_slice014.png,1,1117,1270,0.8021297526124516
Attention U-Net,RET_Spectralis_4a8a81b1c06072385738775dccdc7942_slice015.png,1,1290,1498,0.8106276340249366
Attention U-Net,RET_Spectralis_4a8a81b1c06072385738775dccdc7942_slice017.png,1,1779,1468,0.752690481947941
Attention U-Net,RET_Spectralis_4a8a81b1c06072385738775dccdc7942_slice021.png,1,2957,2895,0.8948805996836052
Attention U-Net,RET_Spectralis_4a8a81b1c06072385738775dccdc7942_slice023.png,1,3466,3527,0.8823860469010774
Attention U-Net,RET_Spectralis_4a8a81b1c06072385738775dccdc7942_slice024.png,1,3571,3527,0.855892951605037
Attention U-Net,RET_Spectralis_4a8a81b1c06072385738775dccdc7942_slice025.png,1,3720,3524,0.8282527248275346
Attention U-Net,RET_Spectralis_4a8a81b1c06072385738775dccdc7942_slice026.png,1,3988,3687,0.8607136012985024
Attention U-Net,RET_Spectralis_4a8a81b1c06072385738775dccdc7942_slice027.png,1,3936,4026,0.8800660303090275
Attention U-Net,RET_Spectralis_4a8a81b1c06072385738775dccdc7942_slice028.png,1,4115,3895,0.8740109582456553
Attention U-Net,RET_Spectralis_4a8a81b1c06072385738775dccdc7942_slice029.png,1,4052,3875,0.8820685375007165
Attention U-Net,RET_Spectralis_4a8a81b1c06072385738775dccdc7942_slice031.png,1,4054,4068,0.8648259637803388
Attention U-Net,RET_Spectralis_4a8a81b1c06072385738775dccdc7942_slice032.png,1,4015,3841,0.8366096346913329
Attention U-Net,RET_Spectralis_4a8a81b1c06072385738775dccdc7942_slice033.png,1,3730,3846,0.8692404768431516
Attention U-Net,RET_Spectralis_4a8a81b1c06072385738775dccdc7942_slice034.png,1,3695,3981,0.8920742089608698
Attention U-Net,RET_Spectralis_4a8a81b1c06072385738775dccdc7942_slice037.png,1,3273,3510,0.8538316470424102
Attention U-Net,RET_Spectralis_4a8a81b1c06072385738775dccdc7942_slice038.png,1,3274,3493,0.8434839398424596
Attention U-Net,RET_Spectralis_4a8a81b1c06072385738775dccdc7942_slice039.png,1,3103,3299,0.9032451239318792
Attention U-Net,RET_Spectralis_4a8a81b1c06072385738775dccdc7942_slice043.png,1,2036,2308,0.8211433924052731
Attention U-Net,RET_Spectralis_4a8a81b1c06072385738775dccdc7942_slice046.png,1,1448,1632,0.8220164716031116
Attention U-Net,RET_Spectralis_4a8a81b1c06072385738775dccdc7942_slice047.png,1,994,1302,0.647740107415577
Attention U-Net,RET_Spectralis_4a8a81b1c06072385738775dccdc7942_slice048.png,1,856,888,0.7634403343640579
Attention U-Net,RET_Spectralis_7096ef65c25c1c87068ed9cdf2b73a59_slice024.png,1,1200,1056,0.8741134747898434
Attention U-Net,RET_Spectralis_7096ef65c25c1c87068ed9cdf2b73a59_slice025.png,1,1358,1501,0.6993828775204656
Attention U-Net,RET_Spectralis_7096ef65c25c1c87068ed9cdf2b73a59_slice027.png,1,1833,1853,0.40396803516010804
Attention U-Net,RET_Spectralis_7096ef65c25c1c87068ed9cdf2b73a59_slice028.png,1,1476,1717,0.746742069662089
Attention U-Net,RET_Spectralis_7096ef65c25c1c87068ed9cdf2b73a59_slice031.png,1,1219,1032,0.666719991896409
Attention U-Net,RET_Spectralis_7096ef65c25c1c87068ed9cdf2b73a59_slice032.png,1,1162,1310,0.7662224884002085
Attention U-Net,RET_Spectralis_7096ef65c25c1c87068ed9cdf2b73a59_slice033.png,1,1169,1207,0.8086095134289131
Attention U-Net,RET_Spectralis_7096ef65c25c1c87068ed9cdf2b73a59_slice034.png,1,1072,862,0.7452431285701674
Attention U-Net,RET_Spectralis_7096ef65c25c1c87068ed9cdf2b73a59_slice035.png,1,755,706,0.6237874577617888
Attention U-Net,RET_Spectralis_7096ef65c25c1c87068ed9cdf2b73a59_slice036.png,1,1358,316,0.24654088019303033
Attention U-Net,RET_Spectralis_7096ef65c25c1c87068ed9cdf2b73a59_slice038.png,1,353,325,0.40372670744762934
Attention U-Net,RET_Spectralis_7096ef65c25c1c87068ed9cdf2b73a59_slice040.png,1,39,0,0.0
Attention U-Net,RET_Spectralis_7456e703d778e17f29e42f97615f4a68_slice000.png,1,1307,1371,0.5287528004000176
Attention U-Net,RET_Spectralis_7456e703d778e17f29e42f97615f4a68_slice001.png,1,1122,1787,0.5177036780619788
Attention U-Net,RET_Spectralis_7456e703d778e17f29e42f97615f4a68_slice002.png,1,1312,1753,0.5598694941077098
Attention U-Net,RET_Spectralis_7456e703d778e17f29e42f97615f4a68_slice004.png,1,1584,2460,0.5365974281561332
Attention U-Net,RET_Spectralis_7456e703d778e17f29e42f97615f4a68_slice006.png,1,2248,2094,0.5811408613315154
Attention U-Net,RET_Spectralis_7456e703d778e17f29e42f97615f4a68_slice009.png,1,1604,1204,0.6632665328918962
Attention U-Net,RET_Spectralis_7456e703d778e17f29e42f97615f4a68_slice010.png,1,2355,1863,0.7167467629420619
Attention U-Net,RET_Spectralis_7456e703d778e17f29e42f97615f4a68_slice011.png,1,2725,2269,0.7175384323409505
Attention U-Net,RET_Spectralis_7456e703d778e17f29e42f97615f4a68_slice013.png,1,2703,3217,0.6908784591987386
Attention U-Net,RET_Spectralis_7456e703d778e17f29e42f97615f4a68_slice014.png,1,2551,2354,0.7300606834803826
Attention U-Net,RET_Spectralis_7456e703d778e17f29e42f97615f4a68_slice015.png,1,3209,2915,0.7036901370857527
Attention U-Net,RET_Spectralis_7456e703d778e17f29e42f97615f4a68_slice016.png,1,3628,4355,0.7470642386525759
Attention U-Net,RET_Spectralis_7456e703d778e17f29e42f97615f4a68_slice017.png,1,4012,4167,0.7291643257981626
Attention U-Net,RET_Spectralis_7456e703d778e17f29e42f97615f4a68_slice018.png,1,4272,5117,0.7115182687879451
Attention U-Net,RET_Spectralis_7456e703d778e17f29e42f97615f4a68_slice019.png,1,4866,5135,0.7425813134048329
Attention U-Net,RET_Spectralis_7456e703d778e17f29e42f97615f4a68_slice020.png,1,5516,5477,0.7681686305390637
Attention U-Net,RET_Spectralis_7456e703d778e17f29e42f97615f4a68_slice023.png,1,7049,5670,0.773240918244092
Attention U-Net,RET_Spectralis_7456e703d778e17f29e42f97615f4a68_slice025.png,1,6147,5518,0.832883564538468
Attention U-Net,RET_Spectralis_7456e703d778e17f29e42f97615f4a68_slice026.png,1,6364,5725,0.8157474767720594
Attention U-Net,RET_Spectralis_7456e703d778e17f29e42f97615f4a68_slice027.png,1,6436,5779,0.8017022651258885
Attention U-Net,RET_Spectralis_7456e703d778e17f29e42f97615f4a68_slice030.png,1,3934,4301,0.7350495836527313
Attention U-Net,RET_Spectralis_7456e703d778e17f29e42f97615f4a68_slice031.png,1,4144,3853,0.7526167942967813
Attention U-Net,RET_Spectralis_7456e703d778e17f29e42f97615f4a68_slice033.png,1,3115,2978,0.7347511195544674
Attention U-Net,RET_Spectralis_7456e703d778e17f29e42f97615f4a68_slice034.png,1,2423,2658,0.6333283999086374
Attention U-Net,RET_Spectralis_7456e703d778e17f29e42f97615f4a68_slice035.png,1,2093,2335,0.5727343652300311
Attention U-Net,RET_Spectralis_7456e703d778e17f29e42f97615f4a68_slice037.png,1,1463,1314,0.5490997494307359
Attention U-Net,RET_Spectralis_7456e703d778e17f29e42f97615f4a68_slice038.png,1,1508,1278,0.628107534902298
Attention U-Net,RET_Spectralis_7456e703d778e17f29e42f97615f4a68_slice039.png,1,1435,1866,0.5753420749597508
Attention U-Net,RET_Spectralis_7456e703d778e17f29e42f97615f4a68_slice040.png,1,1517,1694,0.6315618606010864
Attention U-Net,RET_Spectralis_7456e703d778e17f29e42f97615f4a68_slice041.png,1,1900,1341,0.584387534531198
Attention U-Net,RET_Spectralis_7456e703d778e17f29e42f97615f4a68_slice042.png,1,1455,1321,0.6224783859429113
Attention U-Net,RET_Spectralis_7456e703d778e17f29e42f97615f4a68_slice043.png,1,1124,908,0.4625984249691937
Attention U-Net,RET_Spectralis_7456e703d778e17f29e42f97615f4a68_slice045.png,1,603,859,0.3543091652843302
Attention U-Net,RET_Spectralis_7456e703d778e17f29e42f97615f4a68_slice046.png,1,621,785,0.5348506397333921
Attention U-Net,RET_Spectralis_7456e703d778e17f29e42f97615f4a68_slice047.png,1,927,817,0.4357348700658588
Attention U-Net,RET_Spectralis_7456e703d778e17f29e42f97615f4a68_slice048.png,1,82,144,0.2920353969378965
Attention U-Net,RET_Spectralis_7501081e3e7577af524c6f7703d8d538_slice001.png,0,0,0,
Attention U-Net,RET_Spectralis_7501081e3e7577af524c6f7703d8d538_slice005.png,0,0,0,
Attention U-Net,RET_Spectralis_7501081e3e7577af524c6f7703d8d538_slice017.png,1,101,212,0.8054298606089146
Attention U-Net,RET_Spectralis_7501081e3e7577af524c6f7703d8d538_slice019.png,1,254,396,0.7093821494064482
Attention U-Net,RET_Spectralis_7501081e3e7577af524c6f7703d8d538_slice021.png,1,464,659,0.5304087731501408
Attention U-Net,RET_Spectralis_7501081e3e7577af524c6f7703d8d538_slice022.png,1,1165,1424,0.700333399129542
Attention U-Net,RET_Spectralis_7501081e3e7577af524c6f7703d8d538_slice024.png,1,1464,1464,0.8198518510603676
Attention U-Net,RET_Spectralis_7501081e3e7577af524c6f7703d8d538_slice026.png,1,982,712,0.6893443063257865
Attention U-Net,RET_Spectralis_7501081e3e7577af524c6f7703d8d538_slice027.png,1,576,500,0.6916759962841323
Attention U-Net,RET_Spectralis_7501081e3e7577af524c6f7703d8d538_slice028.png,1,275,231,0.6480686681371917
Attention U-Net,RET_Spectralis_7501081e3e7577af524c6f7703d8d538_slice029.png,1,318,334,0.5920245389692875
Attention U-Net,RET_Spectralis_7501081e3e7577af524c6f7703d8d538_slice032.png,1,93,44,0.35036496094624114
Attention U-Net,RET_Spectralis_7501081e3e7577af524c6f7703d8d538_slice033.png,1,8,0,0.0
Attention U-Net,RET_Spectralis_76ebaa858a59427f392d97ed4b894f6d_slice003.png,0,0,0,
Attention U-Net,RET_Spectralis_76ebaa858a59427f392d97ed4b894f6d_slice009.png,1,32,149,0.37037036808413354
Attention U-Net,RET_Spectralis_76ebaa858a59427f392d97ed4b894f6d_slice010.png,1,72,197,0.48995983738971954
Attention U-Net,RET_Spectralis_76ebaa858a59427f392d97ed4b894f6d_slice011.png,1,132,239,0.6360153232336577
Attention U-Net,RET_Spectralis_76ebaa858a59427f392d97ed4b894f6d_slice012.png,1,263,380,0.6776180684237822
Attention U-Net,RET_Spectralis_76ebaa858a59427f392d97ed4b894f6d_slice015.png,1,1177,1239,0.5265840745218585
Attention U-Net,RET_Spectralis_76ebaa858a59427f392d97ed4b894f6d_slice017.png,1,2268,2407,0.7397133747532176
Attention U-Net,RET_Spectralis_76ebaa858a59427f392d97ed4b894f6d_slice018.png,1,2467,2553,0.6611653669790234
Attention U-Net,RET_Spectralis_76ebaa858a59427f392d97ed4b894f6d_slice019.png,1,3007,3169,0.7053281717610873
Attention U-Net,RET_Spectralis_76ebaa858a59427f392d97ed4b894f6d_slice021.png,1,3043,3106,0.4976184774382089
Attention U-Net,RET_Spectralis_76ebaa858a59427f392d97ed4b894f6d_slice023.png,1,2934,3456,0.4937122670908048
Attention U-Net,RET_Spectralis_76ebaa858a59427f392d97ed4b894f6d_slice024.png,1,3224,3445,0.7838004012568557
Attention U-Net,RET_Spectralis_76ebaa858a59427f392d97ed4b894f6d_slice025.png,1,3533,3587,0.8412872300081842
Attention U-Net,RET_Spectralis_76ebaa858a59427f392d97ed4b894f6d_slice026.png,1,3546,3322,0.777519899233815
Attention U-Net,RET_Spectralis_76ebaa858a59427f392d97ed4b894f6d_slice027.png,1,3791,3508,0.6892546174457367
Attention U-Net,RET_Spectralis_76ebaa858a59427f392d97ed4b894f6d_slice028.png,1,3869,3588,0.8882461082889699
Attention U-Net,RET_Spectralis_76ebaa858a59427f392d97ed4b894f6d_slice029.png,1,3737,3415,0.8638364742945333
Attention U-Net,RET_Spectralis_76ebaa858a59427f392d97ed4b894f6d_slice030.png,1,3145,2810,0.6087925801449133
Attention U-Net,RET_Spectralis_76ebaa858a59427f392d97ed4b894f6d_slice031.png,1,2259,2674,0.7304476510202681
Attention U-Net,RET_Spectralis_76ebaa858a59427f392d97ed4b894f6d_slice032.png,1,2084,2025,0.7923024195188448
Attention U-Net,RET_Spectralis_76ebaa858a59427f392d97ed4b894f6d_slice033.png,1,1811,1958,0.7535852448865654
Attention U-Net,RET_Spectralis_76ebaa858a59427f392d97ed4b894f6d_slice034.png,1,1515,1531,0.5542975074038217
Attention U-Net,RET_Spectralis_76ebaa858a59427f392d97ed4b894f6d_slice035.png,1,1406,1575,0.5509489726048351
Attention U-Net,RET_Spectralis_76ebaa858a59427f392d97ed4b894f6d_slice037.png,1,803,874,0.4930762156385404
Attention U-Net,RET_Spectralis_76ebaa858a59427f392d97ed4b894f6d_slice038.png,1,776,740,0.6013203225856708
Attention U-Net,RET_Spectralis_76ebaa858a59427f392d97ed4b894f6d_slice039.png,1,663,806,0.6240415457979321
Attention U-Net,RET_Spectralis_76ebaa858a59427f392d97ed4b894f6d_slice041.png,1,198,535,0.49009832521798125
Attention U-Net,RET_Spectralis_76ebaa858a59427f392d97ed4b894f6d_slice042.png,1,149,171,0.6390919543623862
Attention U-Net,RET_Spectralis_76ebaa858a59427f392d97ed4b894f6d_slice043.png,1,234,287,0.8162291149970665
Attention U-Net,RET_Spectralis_76ebaa858a59427f392d97ed4b894f6d_slice044.png,1,214,225,0.6265060225867325
Attention U-Net,RET_Spectralis_76ebaa858a59427f392d97ed4b894f6d_slice045.png,1,194,212,0.46798029441384165
Attention U-Net,RET_Spectralis_76ebaa858a59427f392d97ed4b894f6d_slice046.png,1,210,394,0.8010471183218661
Attention U-Net,RET_Spectralis_76ebaa858a59427f392d97ed4b894f6d_slice048.png,1,137,183,0.5280528035377795
Attention U-Net,RET_Spectralis_7a05c267fdde4c819b19eb30da70d387_slice010.png,1,9,0,0.0
Attention U-Net,RET_Spectralis_7a05c267fdde4c819b19eb30da70d387_slice011.png,1,14,0,0.0
Attention U-Net,RET_Spectralis_7a05c267fdde4c819b19eb30da70d387_slice014.png,1,652,548,0.5346567896039326
Attention U-Net,RET_Spectralis_7a05c267fdde4c819b19eb30da70d387_slice015.png,1,976,707,0.5088092580197485
Attention U-Net,RET_Spectralis_7a05c267fdde4c819b19eb30da70d387_slice017.png,1,1463,1699,0.816296522044109
Attention U-Net,RET_Spectralis_7a05c267fdde4c819b19eb30da70d387_slice018.png,1,1689,1803,0.8116513092199471
Attention U-Net,RET_Spectralis_7a05c267fdde4c819b19eb30da70d387_slice019.png,1,1912,2018,0.8346905625355021
Attention U-Net,RET_Spectralis_7a05c267fdde4c819b19eb30da70d387_slice020.png,1,1775,2094,0.8373832520160382
Attention U-Net,RET_Spectralis_7a05c267fdde4c819b19eb30da70d387_slice021.png,1,1656,1852,0.5181649225408003
Attention U-Net,RET_Spectralis_7a05c267fdde4c819b19eb30da70d387_slice022.png,1,1764,2050,0.7074386800040159
Attention U-Net,RET_Spectralis_7a05c267fdde4c819b19eb30da70d387_slice024.png,1,2181,2378,0.8500142300501459
Attention U-Net,RET_Spectralis_7a05c267fdde4c819b19eb30da70d387_slice025.png,1,2930,2893,0.8675579378578331
Attention U-Net,RET_Spectralis_7a05c267fdde4c819b19eb30da70d387_slice028.png,1,3491,3722,0.8694313725700891
Attention U-Net,RET_Spectralis_7a05c267fdde4c819b19eb30da70d387_slice030.png,1,3946,4032,0.8861115036024424
Attention U-Net,RET_Spectralis_7a05c267fdde4c819b19eb30da70d387_slice031.png,1,3671,4144,0.8789382388964759
Attention U-Net,RET_Spectralis_7a05c267fdde4c819b19eb30da70d387_slice032.png,1,3919,4108,0.8781111239406396
Attention U-Net,RET_Spectralis_7a05c267fdde4c819b19eb30da70d387_slice033.png,1,4217,4558,0.8425769215703465
Attention U-Net,RET_Spectralis_7a05c267fdde4c819b19eb30da70d387_slice035.png,1,4483,4901,0.8524934021198167
Attention U-Net,RET_Spectralis_7a05c267fdde4c819b19eb30da70d387_slice037.png,1,4828,4768,0.8114299786520336
Attention U-Net,RET_Spectralis_7a05c267fdde4c819b19eb30da70d387_slice039.png,1,4794,4772,0.7149571526456544
Attention U-Net,RET_Spectralis_7a05c267fdde4c819b19eb30da70d387_slice040.png,1,4818,4756,0.727406817811541
Attention U-Net,RET_Spectralis_7a05c267fdde4c819b19eb30da70d387_slice041.png,1,4956,4790,0.7571825408734432
Attention U-Net,RET_Spectralis_7a05c267fdde4c819b19eb30da70d387_slice042.png,1,4847,4501,0.942225085809469
Attention U-Net,RET_Spectralis_7a05c267fdde4c819b19eb30da70d387_slice043.png,1,4677,4562,0.9212917349839855
Attention U-Net,RET_Spectralis_7a05c267fdde4c819b19eb30da70d387_slice044.png,1,4438,4027,0.8851829633011178
Attention U-Net,RET_Spectralis_7a05c267fdde4c819b19eb30da70d387_slice046.png,1,3999,4004,0.9410288581002473
Attention U-Net,RET_Spectralis_7a05c267fdde4c819b19eb30da70d387_slice047.png,1,3545,3969,0.918006430745176
Attention U-Net,RET_Spectralis_7a05c267fdde4c819b19eb30da70d387_slice048.png,1,3215,2957,0.8849643550089169
Attention U-Net,RET_Spectralis_7b2607e057592d507c4ec4732bae64c2_slice011.png,1,115,174,0.7038626579233362
Attention U-Net,RET_Spectralis_7b2607e057592d507c4ec4732bae64c2_slice012.png,1,171,217,0.8338368554868977
Attention U-Net,RET_Spectralis_7b2607e057592d507c4ec4732bae64c2_slice013.png,1,266,438,0.7214087328337744
Attention U-Net,RET_Spectralis_7b2607e057592d507c4ec4732bae64c2_slice014.png,1,634,663,0.771368191953998
Attention U-Net,RET_Spectralis_7b2607e057592d507c4ec4732bae64c2_slice015.png,1,815,1116,0.7914153709651197
Attention U-Net,RET_Spectralis_7b2607e057592d507c4ec4732bae64c2_slice017.png,1,1685,1669,0.7879602993277945
Attention U-Net,RET_Spectralis_7b2607e057592d507c4ec4732bae64c2_slice018.png,1,1809,1984,0.5747448605618742
Attention U-Net,RET_Spectralis_7b2607e057592d507c4ec4732bae64c2_slice019.png,1,2259,2167,0.7468305585240934
Attention U-Net,RET_Spectralis_7b2607e057592d507c4ec4732bae64c2_slice020.png,1,2365,2286,0.7799553193954329
Attention U-Net,RET_Spectralis_7b2607e057592d507c4ec4732bae64c2_slice021.png,1,3042,3397,0.7467745966470843
Attention U-Net,RET_Spectralis_7b2607e057592d507c4ec4732bae64c2_slice022.png,1,3612,3833,0.759757905972175
Attention U-Net,RET_Spectralis_7b2607e057592d507c4ec4732bae64c2_slice025.png,1,4188,4150,0.8233556984981352
Attention U-Net,RET_Spectralis_7b2607e057592d507c4ec4732bae64c2_slice030.png,1,2533,2286,0.7882301297884413
Attention U-Net,RET_Spectralis_7b2607e057592d507c4ec4732bae64c2_slice034.png,1,1166,1467,0.6823290637481317
Attention U-Net,RET_Spectralis_7b2607e057592d507c4ec4732bae64c2_slice036.png,1,850,902,0.5497669307085084
Attention U-Net,RET_Spectralis_7b2607e057592d507c4ec4732bae64c2_slice037.png,1,528,475,0.6979062804607116
Attention U-Net,RET_Spectralis_7b2607e057592d507c4ec4732bae64c2_slice038.png,1,419,302,0.6618911165302419
Attention U-Net,RET_Spectralis_7b2607e057592d507c4ec4732bae64c2_slice039.png,1,269,383,0.8165467611213187
Attention U-Net,RET_Spectralis_7b2607e057592d507c4ec4732bae64c2_slice040.png,1,201,259,0.8345323720994428
Attention U-Net,RET_Spectralis_7b2607e057592d507c4ec4732bae64c2_slice041.png,1,116,165,0.6721991673352732
Attention U-Net,RET_Spectralis_7b2607e057592d507c4ec4732bae64c2_slice048.png,0,0,0,
Attention U-Net,RET_Spectralis_83e7b9339019b549c87830f90c560fea_slice013.png,0,0,0,
Attention U-Net,RET_Spectralis_83e7b9339019b549c87830f90c560fea_slice017.png,1,59,129,0.2594594580569759
Attention U-Net,RET_Spectralis_83e7b9339019b549c87830f90c560fea_slice019.png,1,363,435,0.6390977435600279
Attention U-Net,RET_Spectralis_83e7b9339019b549c87830f90c560fea_slice020.png,1,742,757,0.5883922611151485
Attention U-Net,RET_Spectralis_83e7b9339019b549c87830f90c560fea_slice021.png,1,991,1097,0.7375478923670749
Attention U-Net,RET_Spectralis_83e7b9339019b549c87830f90c560fea_slice024.png,1,1881,1874,0.9166444737905075
Attention U-Net,RET_Spectralis_83e7b9339019b549c87830f90c560fea_slice025.png,1,2075,1826,0.9064342473964537
Attention U-Net,RET_Spectralis_83e7b9339019b549c87830f90c560fea_slice026.png,1,1850,1777,0.9500964982216442
Attention U-Net,RET_Spectralis_83e7b9339019b549c87830f90c560fea_slice027.png,1,1364,1473,0.9510045819700372
Attention U-Net,RET_Spectralis_83e7b9339019b549c87830f90c560fea_slice028.png,1,696,750,0.9130742043017143
Attention U-Net,RET_Spectralis_83e7b9339019b549c87830f90c560fea_slice044.png,0,0,0,
Attention U-Net,RET_Spectralis_8844486c9f1b8952d0988d0acbea86c8_slice020.png,1,159,140,0.561872907819823
Attention U-Net,RET_Spectralis_8844486c9f1b8952d0988d0acbea86c8_slice022.png,1,407,406,0.6076260755133751
Attention U-Net,RET_Spectralis_8844486c9f1b8952d0988d0acbea86c8_slice023.png,1,660,605,0.7870445337756724
Attention U-Net,RET_Spectralis_8844486c9f1b8952d0988d0acbea86c8_slice025.png,1,125,119,0.4754098341171728
Attention U-Net,RET_Spectralis_8844486c9f1b8952d0988d0acbea86c8_slice026.png,1,461,513,0.8131416829433864
Attention U-Net,RET_Spectralis_8844486c9f1b8952d0988d0acbea86c8_slice027.png,1,369,295,0.6445783122822616
Attention U-Net,RET_Spectralis_8844486c9f1b8952d0988d0acbea86c8_slice029.png,1,138,89,0.537444931553106
Attention U-Net,RET_Spectralis_8844486c9f1b8952d0988d0acbea86c8_slice031.png,1,294,154,0.4965517229964328
Attention U-Net,RET_Spectralis_8844486c9f1b8952d0988d0acbea86c8_slice032.png,1,625,331,0.5083682003050541
Attention U-Net,RET_Spectralis_8844486c9f1b8952d0988d0acbea86c8_slice033.png,1,596,508,0.6828358202585486
Attention U-Net,RET_Spectralis_8844486c9f1b8952d0988d0acbea86c8_slice034.png,1,496,429,0.5757906209642414
Attention U-Net,RET_Spectralis_8844486c9f1b8952d0988d0acbea86c8_slice035.png,1,656,430,0.6187845298169571
Attention U-Net,RET_Spectralis_8844486c9f1b8952d0988d0acbea86c8_slice036.png,1,685,665,0.6103703699182441
Attention U-Net,RET_Spectralis_8844486c9f1b8952d0988d0acbea86c8_slice038.png,1,869,751,0.664197530454199
Attention U-Net,RET_Spectralis_8844486c9f1b8952d0988d0acbea86c8_slice039.png,1,658,463,0.5352363955974697
Attention U-Net,RET_Spectralis_8844486c9f1b8952d0988d0acbea86c8_slice040.png,1,322,526,0.5613207540550463
Attention U-Net,RET_Spectralis_8844486c9f1b8952d0988d0acbea86c8_slice041.png,1,486,555,0.5552353500910323
Attention U-Net,RET_Spectralis_8844486c9f1b8952d0988d0acbea86c8_slice042.png,1,768,845,0.51084934872235
Attention U-Net,RET_Spectralis_8844486c9f1b8952d0988d0acbea86c8_slice044.png,1,976,983,0.729964267110789
Attention U-Net,RET_Spectralis_8844486c9f1b8952d0988d0acbea86c8_slice045.png,1,882,794,0.5501193314140099
Attention U-Net,RET_Spectralis_8844486c9f1b8952d0988d0acbea86c8_slice046.png,1,909,1014,0.66146645831437
Attention U-Net,RET_Spectralis_8844486c9f1b8952d0988d0acbea86c8_slice048.png,1,592,554,0.7033158807126387
Attention U-Net,RET_Spectralis_88bab0b300b19bdac3dc431cb3507a2a_slice001.png,1,1425,1446,0.7948450014647005
Attention U-Net,RET_Spectralis_88bab0b300b19bdac3dc431cb3507a2a_slice002.png,1,1188,1115,0.6626139814752002
Attention U-Net,RET_Spectralis_88bab0b300b19bdac3dc431cb3507a2a_slice003.png,1,1031,1059,0.7148325355431424
Attention U-Net,RET_Spectralis_88bab0b300b19bdac3dc431cb3507a2a_slice004.png,1,1363,1415,0.7804175663137446
Attention U-Net,RET_Spectralis_88bab0b300b19bdac3dc431cb3507a2a_slice005.png,1,1734,1815,0.8255846715058933
Attention U-Net,RET_Spectralis_88bab0b300b19bdac3dc431cb3507a2a_slice006.png,1,1313,1306,0.7964872085542241
Attention U-Net,RET_Spectralis_88bab0b300b19bdac3dc431cb3507a2a_slice007.png,1,1050,1095,0.7319347315935036
Attention U-Net,RET_Spectralis_88bab0b300b19bdac3dc431cb3507a2a_slice008.png,1,1435,1309,0.8527696789895155
Attention U-Net,RET_Spectralis_88bab0b300b19bdac3dc431cb3507a2a_slice010.png,1,687,678,0.8776556770127064
Attention U-Net,RET_Spectralis_88bab0b300b19bdac3dc431cb3507a2a_slice013.png,1,371,328,0.8183118729351762
Attention U-Net,RET_Spectralis_88bab0b300b19bdac3dc431cb3507a2a_slice015.png,1,277,188,0.5806451600416234
Attention U-Net,RET_Spectralis_88bab0b300b19bdac3dc431cb3507a2a_slice016.png,1,343,282,0.72959999883264
Attention U-Net,RET_Spectralis_88bab0b300b19bdac3dc431cb3507a2a_slice017.png,1,234,179,0.5859564150461104
Attention U-Net,RET_Spectralis_88bab0b300b19bdac3dc431cb3507a2a_slice018.png,1,480,466,0.7357293861144509
Attention U-Net,RET_Spectralis_88bab0b300b19bdac3dc431cb3507a2a_slice020.png,1,803,949,0.6535617045200768
Attention U-Net,RET_Spectralis_88bab0b300b19bdac3dc431cb3507a2a_slice022.png,1,742,980,0.7912994407464042
Attention U-Net,RET_Spectralis_88bab0b300b19bdac3dc431cb3507a2a_slice023.png,1,1294,1536,0.8071748810839166
Attention U-Net,RET_Spectralis_88bab0b300b19bdac3dc431cb3507a2a_slice024.png,1,1281,1227,0.7941374138412396
Attention U-Net,RET_Spectralis_88bab0b300b19bdac3dc431cb3507a2a_slice025.png,1,1011,1050,0.7227449779073376
Attention U-Net,RET_Spectralis_88bab0b300b19bdac3dc431cb3507a2a_slice026.png,1,380,192,0.2739726022035761
Attention U-Net,RET_Spectralis_88bab0b300b19bdac3dc431cb3507a2a_slice037.png,0,0,11,
Attention U-Net,RET_Spectralis_8945696b67c38140f30e99c0050aa925_slice003.png,1,43,154,0.4148936148143957
Attention U-Net,RET_Spectralis_8945696b67c38140f30e99c0050aa925_slice004.png,1,45,151,0.4591836711266139
Attention U-Net,RET_Spectralis_8945696b67c38140f30e99c0050aa925_slice005.png,1,93,205,0.6721991673352732
Attention U-Net,RET_Spectralis_8945696b67c38140f30e99c0050aa925_slice006.png,1,410,478,0.8122605353610977
Attention U-Net,RET_Spectralis_8945696b67c38140f30e99c0050aa925_slice007.png,1,888,684,0.8256997450218194
Attention U-Net,RET_Spectralis_8945696b67c38140f30e99c0050aa925_slice008.png,1,1131,964,0.8868735079298934
Attention U-Net,RET_Spectralis_8945696b67c38140f30e99c0050aa925_slice009.png,1,1351,1650,0.8460007955248704
Attention U-Net,RET_Spectralis_8945696b67c38140f30e99c0050aa925_slice010.png,1,1397,1684,0.9122448976488964
Attention U-Net,RET_Spectralis_8945696b67c38140f30e99c0050aa925_slice011.png,1,1438,1991,0.8777468273358877
Attention U-Net,RET_Spectralis_8945696b67c38140f30e99c0050aa925_slice013.png,1,1480,1632,0.7777175113735215
Attention U-Net,RET_Spectralis_8945696b67c38140f30e99c0050aa925_slice014.png,1,1536,1527,0.8760683362232067
Attention U-Net,RET_Spectralis_8945696b67c38140f30e99c0050aa925_slice015.png,1,1939,2148,0.5881170389548688
Attention U-Net,RET_Spectralis_8945696b67c38140f30e99c0050aa925_slice017.png,1,2139,2205,0.6678236820832875
Attention U-Net,RET_Spectralis_8945696b67c38140f30e99c0050aa925_slice018.png,1,2022,1636,0.29683894869149996
Attention U-Net,RET_Spectralis_8945696b67c38140f30e99c0050aa925_slice019.png,1,2230,2233,0.6571917369901558
Attention U-Net,RET_Spectralis_8945696b67c38140f30e99c0050aa925_slice021.png,1,1600,1916,0.672057730230171
Attention U-Net,RET_Spectralis_8945696b67c38140f30e99c0050aa925_slice022.png,1,1673,1879,0.7300082756646727
Attention U-Net,RET_Spectralis_8945696b67c38140f30e99c0050aa925_slice023.png,1,1413,1081,0.5914330074021058
Attention U-Net,RET_Spectralis_8945696b67c38140f30e99c0050aa925_slice024.png,1,1965,1576,0.6460405641534259
Attention U-Net,RET_Spectralis_8945696b67c38140f30e99c0050aa925_slice025.png,1,1736,1239,0.5154484958290231
Attention U-Net,RET_Spectralis_8945696b67c38140f30e99c0050aa925_slice029.png,1,1271,1792,0.36995288537859317
Attention U-Net,RET_Spectralis_8945696b67c38140f30e99c0050aa925_slice030.png,1,1187,1121,0.3705853892740274
Attention U-Net,RET_Spectralis_8945696b67c38140f30e99c0050aa925_slice031.png,1,1020,1104,0.7026820626357428
Attention U-Net,RET_Spectralis_8945696b67c38140f30e99c0050aa925_slice033.png,1,989,961,0.7616838866834836
Attention U-Net,RET_Spectralis_8945696b67c38140f30e99c0050aa925_slice034.png,1,615,565,0.7190543773612975
Attention U-Net,RET_Spectralis_8945696b67c38140f30e99c0050aa925_slice035.png,1,446,500,0.7385895205952131
Attention U-Net,RET_Spectralis_8945696b67c38140f30e99c0050aa925_slice036.png,1,114,248,0.6231284984056669
Attention U-Net,RET_Spectralis_8945696b67c38140f30e99c0050aa925_slice038.png,1,32,163,0.633663360062739
Attention U-Net,RET_Spectralis_8945696b67c38140f30e99c0050aa925_slice039.png,0,0,63,
Attention U-Net,RET_Spectralis_8945696b67c38140f30e99c0050aa925_slice040.png,0,0,0,
Attention U-Net,RET_Spectralis_8945696b67c38140f30e99c0050aa925_slice043.png,0,0,0,
Attention U-Net,RET_Spectralis_8945696b67c38140f30e99c0050aa925_slice045.png,0,0,0,
Attention U-Net,RET_Spectralis_8945696b67c38140f30e99c0050aa925_slice047.png,0,0,0,
Attention U-Net,RET_Spectralis_8945696b67c38140f30e99c0050aa925_slice048.png,0,0,25,
Attention U-Net,RET_Spectralis_92a92b80b8a4c48dc4775dd60819cf3b_slice002.png,0,0,58,
Attention U-Net,RET_Spectralis_92a92b80b8a4c48dc4775dd60819cf3b_slice005.png,1,28,0,0.0
Attention U-Net,RET_Spectralis_92a92b80b8a4c48dc4775dd60819cf3b_slice006.png,1,184,272,0.6838530224043431
Attention U-Net,RET_Spectralis_92a92b80b8a4c48dc4775dd60819cf3b_slice009.png,1,434,595,0.6242101407542335
Attention U-Net,RET_Spectralis_92a92b80b8a4c48dc4775dd60819cf3b_slice011.png,1,592,804,0.6101776606123296
Attention U-Net,RET_Spectralis_92a92b80b8a4c48dc4775dd60819cf3b_slice013.png,1,866,913,0.7298901834496228
Attention U-Net,RET_Spectralis_92a92b80b8a4c48dc4775dd60819cf3b_slice014.png,1,920,971,0.7137043915543748
Attention U-Net,RET_Spectralis_92a92b80b8a4c48dc4775dd60819cf3b_slice016.png,1,1358,1232,0.771948418411448
Attention U-Net,RET_Spectralis_92a92b80b8a4c48dc4775dd60819cf3b_slice017.png,1,1258,1440,0.7427325220763064
Attention U-Net,RET_Spectralis_92a92b80b8a4c48dc4775dd60819cf3b_slice018.png,1,1696,1639,0.7255760360597607
Attention U-Net,RET_Spectralis_92a92b80b8a4c48dc4775dd60819cf3b_slice019.png,1,2785,2660,0.8658240584732313
Attention U-Net,RET_Spectralis_92a92b80b8a4c48dc4775dd60819cf3b_slice020.png,1,3238,3394,0.8337994940861062
Attention U-Net,RET_Spectralis_92a92b80b8a4c48dc4775dd60819cf3b_slice023.png,1,2510,2685,0.8260007640602924
Attention U-Net,RET_Spectralis_92a92b80b8a4c48dc4775dd60819cf3b_slice024.png,1,2694,2861,0.8102910523002145
Attention U-Net,RET_Spectralis_92a92b80b8a4c48dc4775dd60819cf3b_slice025.png,1,2131,2426,0.8267466562908834
Attention U-Net,RET_Spectralis_92a92b80b8a4c48dc4775dd60819cf3b_slice026.png,1,2184,2585,0.7411467528932991
Attention U-Net,RET_Spectralis_92a92b80b8a4c48dc4775dd60819cf3b_slice027.png,1,2111,1684,0.6221034289520347
Attention U-Net,RET_Spectralis_92a92b80b8a4c48dc4775dd60819cf3b_slice030.png,1,1195,1383,0.6516593360102907
Attention U-Net,RET_Spectralis_92a92b80b8a4c48dc4775dd60819cf3b_slice033.png,1,338,354,0.46057875302071116
Attention U-Net,RET_Spectralis_92a92b80b8a4c48dc4775dd60819cf3b_slice034.png,1,178,270,0.24503311177141354
Attention U-Net,RET_Spectralis_92a92b80b8a4c48dc4775dd60819cf3b_slice035.png,1,45,100,0.5103448240665874
Attention U-Net,RET_Spectralis_92a92b80b8a4c48dc4775dd60819cf3b_slice041.png,0,0,112,
Attention U-Net,RET_Spectralis_af3868172d16615c9556cacabcc80d66_slice000.png,1,56,67,0.8943089358186266
Attention U-Net,RET_Spectralis_af3868172d16615c9556cacabcc80d66_slice002.png,1,85,107,0.47916666417100695
Attention U-Net,RET_Spectralis_af3868172d16615c9556cacabcc80d66_slice005.png,1,259,380,0.6823161178680499
Attention U-Net,RET_Spectralis_af3868172d16615c9556cacabcc80d66_slice007.png,1,418,543,0.7263267422202635
Attention U-Net,RET_Spectralis_af3868172d16615c9556cacabcc80d66_slice008.png,1,464,389,0.7456037505913203
Attention U-Net,RET_Spectralis_af3868172d16615c9556cacabcc80d66_slice009.png,1,183,178,0.4210526304125966
Attention U-Net,RET_Spectralis_af3868172d16615c9556cacabcc80d66_slice010.png,1,446,406,0.49578820638292637
Attention U-Net,RET_Spectralis_af3868172d16615c9556cacabcc80d66_slice011.png,1,609,596,0.728655958809251
Attention U-Net,RET_Spectralis_af3868172d16615c9556cacabcc80d66_slice012.png,1,440,605,0.7291866021730271
Attention U-Net,RET_Spectralis_af3868172d16615c9556cacabcc80d66_slice013.png,1,561,501,0.6666666660389202
Attention U-Net,RET_Spectralis_af3868172d16615c9556cacabcc80d66_slice015.png,1,135,91,0.6283185812906258
Attention U-Net,RET_Spectralis_af3868172d16615c9556cacabcc80d66_slice016.png,1,22,44,0.0
Attention U-Net,RET_Spectralis_af3868172d16615c9556cacabcc80d66_slice017.png,1,261,94,0.38309859047014483
Attention U-Net,RET_Spectralis_af3868172d16615c9556cacabcc80d66_slice018.png,1,135,160,0.0
Attention U-Net,RET_Spectralis_af3868172d16615c9556cacabcc80d66_slice019.png,1,210,494,0.6277056263469575
Attention U-Net,RET_Spectralis_af3868172d16615c9556cacabcc80d66_slice020.png,1,292,415,0.599388378288397
Attention U-Net,RET_Spectralis_af3868172d16615c9556cacabcc80d66_slice021.png,1,393,523,0.6944444434799383
Attention U-Net,RET_Spectralis_af3868172d16615c9556cacabcc80d66_slice022.png,1,472,600,0.7965554350952041
Attention U-Net,RET_Spectralis_af3868172d16615c9556cacabcc80d66_slice023.png,1,206,367,0.775784751623801
Attention U-Net,RET_Spectralis_af3868172d16615c9556cacabcc80d66_slice024.png,1,96,136,0.707070703499643
Attention U-Net,RET_Spectralis_af3868172d16615c9556cacabcc80d66_slice028.png,0,0,140,
Attention U-Net,RET_Spectralis_bd14b46237f99db413f29d4797f246e1_slice005.png,1,10,0,0.0
Attention U-Net,RET_Spectralis_bd14b46237f99db413f29d4797f246e1_slice007.png,1,16,0,0.0
Attention U-Net,RET_Spectralis_bd14b46237f99db413f29d4797f246e1_slice008.png,0,0,0,
Attention U-Net,RET_Spectralis_bd14b46237f99db413f29d4797f246e1_slice012.png,0,0,0,
Attention U-Net,RET_Spectralis_bd14b46237f99db413f29d4797f246e1_slice013.png,1,19,0,0.0
Attention U-Net,RET_Spectralis_bd14b46237f99db413f29d4797f246e1_slice015.png,1,17,0,0.0
Attention U-Net,RET_Spectralis_bd14b46237f99db413f29d4797f246e1_slice016.png,1,47,98,0.5379310307728895
Attention U-Net,RET_Spectralis_bd14b46237f99db413f29d4797f246e1_slice017.png,1,84,146,0.5130434760302458
Attention U-Net,RET_Spectralis_bd14b46237f99db413f29d4797f246e1_slice018.png,1,161,130,0.6391752555354803
Attention U-Net,RET_Spectralis_bd14b46237f99db413f29d4797f246e1_slice019.png,1,195,185,0.431578946232687
Attention U-Net,RET_Spectralis_bd14b46237f99db413f29d4797f246e1_slice020.png,1,219,171,0.533333331965812
Attention U-Net,RET_Spectralis_bd14b46237f99db413f29d4797f246e1_slice021.png,1,303,167,0.47659574366681756
Attention U-Net,RET_Spectralis_bd14b46237f99db413f29d4797f246e1_slice022.png,1,57,112,0.49704141717726974
Attention U-Net,RET_Spectralis_bd14b46237f99db413f29d4797f246e1_slice023.png,1,210,147,0.5322128836632692
Attention U-Net,RET_Spectralis_bd14b46237f99db413f29d4797f246e1_slice025.png,1,62,117,0.3575418974439
Attention U-Net,RET_Spectralis_bd14b46237f99db413f29d4797f246e1_slice026.png,1,193,169,0.7790055227099295
Attention U-Net,RET_Spectralis_bd14b46237f99db413f29d4797f246e1_slice027.png,1,192,135,0.5930599350376659
Attention U-Net,RET_Spectralis_bd14b46237f99db413f29d4797f246e1_slice029.png,1,42,97,0.04316546731535635
Attention U-Net,RET_Spectralis_bd14b46237f99db413f29d4797f246e1_slice030.png,1,35,198,0.17167381900569176
Attention U-Net,RET_Spectralis_bd14b46237f99db413f29d4797f246e1_slice031.png,1,34,190,0.0
Attention U-Net,RET_Spectralis_bd14b46237f99db413f29d4797f246e1_slice032.png,1,21,100,0.0
Attention U-Net,RET_Spectralis_bd14b46237f99db413f29d4797f246e1_slice033.png,1,89,161,0.7304347794328923
Attention U-Net,RET_Spectralis_bd14b46237f99db413f29d4797f246e1_slice035.png,1,41,76,0.7008546948644898
Attention U-Net,RET_Spectralis_bd14b46237f99db413f29d4797f246e1_slice036.png,1,114,77,0.4293193694800033
Attention U-Net,RET_Spectralis_bd14b46237f99db413f29d4797f246e1_slice037.png,1,84,103,0.4385026714518574
Attention U-Net,RET_Spectralis_bd14b46237f99db413f29d4797f246e1_slice039.png,1,76,106,0.6813186775751721
Attention U-Net,RET_Spectralis_bd14b46237f99db413f29d4797f246e1_slice041.png,1,56,63,0.30252100586116804
Attention U-Net,RET_Spectralis_be0a143d6181d7f4f366fe2c0cc23075_slice002.png,0,0,0,
Attention U-Net,RET_Spectralis_be0a143d6181d7f4f366fe2c0cc23075_slice007.png,0,0,0,
Attention U-Net,RET_Spectralis_be0a143d6181d7f4f366fe2c0cc23075_slice013.png,1,484,333,0.6170571406757557
Attention U-Net,RET_Spectralis_be0a143d6181d7f4f366fe2c0cc23075_slice014.png,1,1124,1236,0.8378866381173649
Attention U-Net,RET_Spectralis_be0a143d6181d7f4f366fe2c0cc23075_slice016.png,1,2262,2350,0.8007126478747478
Attention U-Net,RET_Spectralis_be0a143d6181d7f4f366fe2c0cc23075_slice018.png,1,3103,3197,0.8559822746604642
Attention U-Net,RET_Spectralis_be0a143d6181d7f4f366fe2c0cc23075_slice019.png,1,3685,3774,0.852296666097757
Attention U-Net,RET_Spectralis_be0a143d6181d7f4f366fe2c0cc23075_slice022.png,1,4667,4694,0.8850901110065476
Attention U-Net,RET_Spectralis_be0a143d6181d7f4f366fe2c0cc23075_slice023.png,1,4698,4669,0.8518430108851018
Attention U-Net,RET_Spectralis_be0a143d6181d7f4f366fe2c0cc23075_slice024.png,1,4578,4720,0.8690678146290711
Attention U-Net,RET_Spectralis_be0a143d6181d7f4f366fe2c0cc23075_slice025.png,1,4583,4609,0.8517320338798317
Attention U-Net,RET_Spectralis_be0a143d6181d7f4f366fe2c0cc23075_slice026.png,1,4750,4370,0.807559039639424
Attention U-Net,RET_Spectralis_be0a143d6181d7f4f366fe2c0cc23075_slice028.png,1,4227,4502,0.8388612617109854
Attention U-Net,RET_Spectralis_be0a143d6181d7f4f366fe2c0cc23075_slice029.png,1,4011,4231,0.8802191030355512
Attention U-Net,RET_Spectralis_be0a143d6181d7f4f366fe2c0cc23075_slice031.png,1,2611,2850,0.8325651313632059
Attention U-Net,RET_Spectralis_be0a143d6181d7f4f366fe2c0cc23075_slice035.png,1,980,1187,0.8055796303851583
Attention U-Net,RET_Spectralis_be0a143d6181d7f4f366fe2c0cc23075_slice037.png,1,139,156,0.7531380721626022
Attention U-Net,RET_Spectralis_be0a143d6181d7f4f366fe2c0cc23075_slice038.png,0,0,0,
Attention U-Net,RET_Spectralis_be0a143d6181d7f4f366fe2c0cc23075_slice047.png,0,0,0,
Attention U-Net,RET_Spectralis_c7e339f972f58b5388fbeb13adc670eb_slice022.png,1,243,286,0.7637051025260773
Attention U-Net,RET_Spectralis_c7e339f972f58b5388fbeb13adc670eb_slice023.png,1,734,703,0.7905358380024107
Attention U-Net,RET_Spectralis_c7e339f972f58b5388fbeb13adc670eb_slice024.png,1,1350,1265,0.8420650092382161
Attention U-Net,RET_Spectralis_c7e339f972f58b5388fbeb13adc670eb_slice025.png,1,1797,1657,0.8401852921713419
Attention U-Net,RET_Spectralis_c7e339f972f58b5388fbeb13adc670eb_slice026.png,1,1916,2139,0.8187422932629489
Attention U-Net,RET_Spectralis_c7e339f972f58b5388fbeb13adc670eb_slice027.png,1,2098,2013,0.7989197150014928
Attention U-Net,RET_Spectralis_c7e339f972f58b5388fbeb13adc670eb_slice029.png,1,1465,1353,0.7955997158283891
Attention U-Net,RET_Spectralis_c7e339f972f58b5388fbeb13adc670eb_slice030.png,1,1188,1173,0.6886912322368949
Attention U-Net,RET_Spectralis_c7e339f972f58b5388fbeb13adc670eb_slice031.png,1,750,714,0.6475409831642479
Attention U-Net,RET_Spectralis_c7e339f972f58b5388fbeb13adc670eb_slice032.png,1,625,748,0.5651857242788159
Attention U-Net,RET_Spectralis_c7e339f972f58b5388fbeb13adc670eb_slice034.png,1,577,604,0.6096528360629526
Attention U-Net,RET_Spectralis_c7e339f972f58b5388fbeb13adc670eb_slice035.png,1,479,496,0.750769229999211
Attention U-Net,RET_Spectralis_c7e339f972f58b5388fbeb13adc670eb_slice037.png,1,219,202,0.38479809884846056
Attention U-Net,RET_Spectralis_c7e339f972f58b5388fbeb13adc670eb_slice038.png,1,322,233,0.3459459453226199
Attention U-Net,RET_Spectralis_c7e339f972f58b5388fbeb13adc670eb_slice039.png,1,144,9,0.0
Attention U-Net,RET_Spectralis_c7e339f972f58b5388fbeb13adc670eb_slice040.png,1,77,109,0.5511810980221961
Attention U-Net,RET_Spectralis_c7e339f972f58b5388fbeb13adc670eb_slice042.png,1,44,3,0.0
Attention U-Net,RET_Spectralis_c7e339f972f58b5388fbeb13adc670eb_slice043.png,1,40,0,0.0
Attention U-Net,RET_Spectralis_d1ad979857c1877496207f3d4e5f5c52_slice014.png,0,0,5,
Attention U-Net,RET_Spectralis_d1ad979857c1877496207f3d4e5f5c52_slice021.png,1,101,0,0.0
Attention U-Net,RET_Spectralis_d1ad979857c1877496207f3d4e5f5c52_slice022.png,1,373,98,0.3795309160351153
Attention U-Net,RET_Spectralis_d1ad979857c1877496207f3d4e5f5c52_slice023.png,1,815,558,0.8026219950454319
Attention U-Net,RET_Spectralis_d1ad979857c1877496207f3d4e5f5c52_slice025.png,1,1012,671,0.7617349965765091
Attention U-Net,RET_Spectralis_d1ad979857c1877496207f3d4e5f5c52_slice026.png,1,892,674,0.7982120045988429
Attention U-Net,RET_Spectralis_d1ad979857c1877496207f3d4e5f5c52_slice027.png,1,789,683,0.8423913037755493
Attention U-Net,RET_Spectralis_d1ad979857c1877496207f3d4e5f5c52_slice028.png,1,607,607,0.8535564846413752
Attention U-Net,RET_Spectralis_d1ad979857c1877496207f3d4e5f5c52_slice029.png,1,689,740,0.8327501743647654
Attention U-Net,RET_Spectralis_d1ad979857c1877496207f3d4e5f5c52_slice030.png,1,760,681,0.8660652318764294
Attention U-Net,RET_Spectralis_d1ad979857c1877496207f3d4e5f5c52_slice031.png,1,893,670,0.8342930256978291
Attention U-Net,RET_Spectralis_d1ad979857c1877496207f3d4e5f5c52_slice034.png,1,675,669,0.674107142355575
Attention U-Net,RET_Spectralis_d1ad979857c1877496207f3d4e5f5c52_slice035.png,1,440,464,0.6438053090223392
Attention U-Net,RET_Spectralis_d1ad979857c1877496207f3d4e5f5c52_slice036.png,1,55,108,0.6380368059016147
Attention U-Net,RET_Spectralis_d1ad979857c1877496207f3d4e5f5c52_slice047.png,0,0,0,
Attention U-Net,RET_Spectralis_dccf9863a1914de55b78a98f0791f605_slice011.png,0,0,0,
Attention U-Net,RET_Spectralis_dccf9863a1914de55b78a98f0791f605_slice017.png,0,0,0,
Attention U-Net,RET_Spectralis_dccf9863a1914de55b78a98f0791f605_slice018.png,1,52,0,0.0
Attention U-Net,RET_Spectralis_dccf9863a1914de55b78a98f0791f605_slice023.png,1,11,0,0.0
Attention U-Net,RET_Spectralis_dccf9863a1914de55b78a98f0791f605_slice032.png,1,30,0,0.0
Attention U-Net,RET_Spectralis_ecf4cb44944f518c82a4f108b94b0dfd_slice004.png,0,0,170,
Attention U-Net,RET_Spectralis_ecf4cb44944f518c82a4f108b94b0dfd_slice007.png,1,22,75,0.3333333290598291
Attention U-Net,RET_Spectralis_ecf4cb44944f518c82a4f108b94b0dfd_slice011.png,1,18,0,0.0
Attention U-Net,RET_Spectralis_ecf4cb44944f518c82a4f108b94b0dfd_slice012.png,1,152,170,0.695652171752633
Attention U-Net,RET_Spectralis_ecf4cb44944f518c82a4f108b94b0dfd_slice013.png,1,325,276,0.5191347745105911
Attention U-Net,RET_Spectralis_ecf4cb44944f518c82a4f108b94b0dfd_slice015.png,1,765,478,0.5036202731266127
Attention U-Net,RET_Spectralis_ecf4cb44944f518c82a4f108b94b0dfd_slice016.png,1,1273,1206,0.6470350945352824
Attention U-Net,RET_Spectralis_ecf4cb44944f518c82a4f108b94b0dfd_slice017.png,1,1826,1432,0.5955056177916649
Attention U-Net,RET_Spectralis_ecf4cb44944f518c82a4f108b94b0dfd_slice018.png,1,2499,2232,0.6574334558196422
Attention U-Net,RET_Spectralis_ecf4cb44944f518c82a4f108b94b0dfd_slice019.png,1,3168,3321,0.694589294121443
Attention U-Net,RET_Spectralis_ecf4cb44944f518c82a4f108b94b0dfd_slice020.png,1,3821,3651,0.7917657445552959
Attention U-Net,RET_Spectralis_ecf4cb44944f518c82a4f108b94b0dfd_slice022.png,1,3575,3381,0.85796196755439
Attention U-Net,RET_Spectralis_ecf4cb44944f518c82a4f108b94b0dfd_slice024.png,1,4092,3770,0.8485504721465595
Attention U-Net,RET_Spectralis_ecf4cb44944f518c82a4f108b94b0dfd_slice025.png,1,4832,4699,0.8426967125807999
Attention U-Net,RET_Spectralis_ecf4cb44944f518c82a4f108b94b0dfd_slice027.png,1,3051,3236,0.8085061399659221
Attention U-Net,RET_Spectralis_ecf4cb44944f518c82a4f108b94b0dfd_slice028.png,1,2855,3145,0.7292851210227842
Attention U-Net,RET_Spectralis_ecf4cb44944f518c82a4f108b94b0dfd_slice030.png,1,1835,1987,0.7219645291345254
Attention U-Net,RET_Spectralis_ecf4cb44944f518c82a4f108b94b0dfd_slice031.png,1,1410,1383,0.6595744678431495
Attention U-Net,RET_Spectralis_ecf4cb44944f518c82a4f108b94b0dfd_slice032.png,1,816,1119,0.507936507648562
Attention U-Net,RET_Spectralis_ecf4cb44944f518c82a4f108b94b0dfd_slice033.png,1,363,553,0.49718785095929374
Attention U-Net,RET_Spectralis_ecf4cb44944f518c82a4f108b94b0dfd_slice034.png,1,227,431,0.386018236495413
Attention U-Net,RET_Spectralis_ecf4cb44944f518c82a4f108b94b0dfd_slice035.png,1,186,217,0.5607940432734639
Attention U-Net,RET_Spectralis_ecf4cb44944f518c82a4f108b94b0dfd_slice036.png,1,42,91,0.38095237732426307
Attention U-Net,RET_Spectralis_ecf4cb44944f518c82a4f108b94b0dfd_slice037.png,1,32,93,0.383999996928
Attention U-Net,RET_Spectralis_f4b90ca25b223e4598c32caab90dc4aa_slice002.png,0,0,0,
Attention U-Net,RET_Spectralis_f4b90ca25b223e4598c32caab90dc4aa_slice003.png,1,45,0,0.0
Attention U-Net,RET_Spectralis_f4b90ca25b223e4598c32caab90dc4aa_slice005.png,1,710,704,0.76487491433077
Attention U-Net,RET_Spectralis_f4b90ca25b223e4598c32caab90dc4aa_slice006.png,1,852,877,0.8350233597838712
Attention U-Net,RET_Spectralis_f4b90ca25b223e4598c32caab90dc4aa_slice007.png,1,963,920,0.8248450265619649
Attention U-Net,RET_Spectralis_f4b90ca25b223e4598c32caab90dc4aa_slice008.png,1,971,1124,0.8132296343533096
Attention U-Net,RET_Spectralis_f4b90ca25b223e4598c32caab90dc4aa_slice009.png,1,1287,1162,0.8041599292541198
Attention U-Net,RET_Spectralis_f4b90ca25b223e4598c32caab90dc4aa_slice010.png,1,1332,1491,0.8092438337194047
Attention U-Net,RET_Spectralis_f4b90ca25b223e4598c32caab90dc4aa_slice011.png,1,1628,1680,0.8596220826842433
Attention U-Net,RET_Spectralis_f4b90ca25b223e4598c32caab90dc4aa_slice012.png,1,1806,1770,0.8760975023825274
Attention U-Net,RET_Spectralis_f4b90ca25b223e4598c32caab90dc4aa_slice013.png,1,1936,1970,0.8987882246549206
Attention U-Net,RET_Spectralis_f4b90ca25b223e4598c32caab90dc4aa_slice014.png,1,2095,2171,0.8909316422676313
Attention U-Net,RET_Spectralis_f4b90ca25b223e4598c32caab90dc4aa_slice015.png,1,2507,2343,0.892259282916021
Attention U-Net,RET_Spectralis_f4b90ca25b223e4598c32caab90dc4aa_slice016.png,1,2917,2784,0.7725925077556293
Attention U-Net,RET_Spectralis_f4b90ca25b223e4598c32caab90dc4aa_slice017.png,1,3321,3176,0.7666501033981703
Attention U-Net,RET_Spectralis_f4b90ca25b223e4598c32caab90dc4aa_slice018.png,1,3388,3374,0.8475697546531652
Attention U-Net,RET_Spectralis_f4b90ca25b223e4598c32caab90dc4aa_slice020.png,1,3775,3654,0.9003677963381309
Attention U-Net,RET_Spectralis_f4b90ca25b223e4598c32caab90dc4aa_slice021.png,1,3939,3956,0.8902410049986007
Attention U-Net,RET_Spectralis_f4b90ca25b223e4598c32caab90dc4aa_slice022.png,1,4571,4068,0.8870287595738997
Attention U-Net,RET_Spectralis_f4b90ca25b223e4598c32caab90dc4aa_slice023.png,1,4709,4440,0.9129995951226179
Attention U-Net,RET_Spectralis_f4b90ca25b223e4598c32caab90dc4aa_slice024.png,1,4524,4342,0.9209259931474325
Attention U-Net,RET_Spectralis_f4b90ca25b223e4598c32caab90dc4aa_slice025.png,1,4395,4085,0.9147178095231459
Attention U-Net,RET_Spectralis_f4b90ca25b223e4598c32caab90dc4aa_slice026.png,1,4106,3852,0.9171730130492652
Attention U-Net,RET_Spectralis_f4b90ca25b223e4598c32caab90dc4aa_slice027.png,1,4215,3757,0.8787182374133421
Attention U-Net,RET_Spectralis_f4b90ca25b223e4598c32caab90dc4aa_slice028.png,1,3692,3253,0.8535843000500478
Attention U-Net,RET_Spectralis_f4b90ca25b223e4598c32caab90dc4aa_slice030.png,1,2684,2663,0.895208304464645
Attention U-Net,RET_Spectralis_f4b90ca25b223e4598c32caab90dc4aa_slice031.png,1,2348,2529,0.8468404809559985
Attention U-Net,RET_Spectralis_f4b90ca25b223e4598c32caab90dc4aa_slice032.png,1,2127,2283,0.7352793066155927
Attention U-Net,RET_Spectralis_f4b90ca25b223e4598c32caab90dc4aa_slice034.png,1,1244,1381,0.687518292020891
Attention U-Net,RET_Spectralis_f4b90ca25b223e4598c32caab90dc4aa_slice035.png,1,1085,1014,0.5267207274505437
Attention U-Net,RET_Spectralis_f4b90ca25b223e4598c32caab90dc4aa_slice036.png,1,863,678,0.45117335317852125
Attention U-Net,RET_Spectralis_f4b90ca25b223e4598c32caab90dc4aa_slice037.png,1,481,562,0.8684719527384216
Attention U-Net,RET_Spectralis_f4b90ca25b223e4598c32caab90dc4aa_slice038.png,1,326,414,0.7972972962198686
Attention U-Net,RET_Spectralis_f4b90ca25b223e4598c32caab90dc4aa_slice039.png,1,231,283,0.7933884281128338
Attention U-Net,RET_Spectralis_f4b90ca25b223e4598c32caab90dc4aa_slice041.png,1,90,213,0.534296026952
Attention U-Net,RET_Spectralis_f4b90ca25b223e4598c32caab90dc4aa_slice042.png,1,39,133,0.453488369456463
Attention U-Net,RET_Spectralis_f520e52af71723efed0d6fecf934075b_slice003.png,1,57,362,0.46153845966988477
Attention U-Net,RET_Spectralis_f520e52af71723efed0d6fecf934075b_slice004.png,1,553,563,0.38016528880736095
Attention U-Net,RET_Spectralis_f520e52af71723efed0d6fecf934075b_slice005.png,1,1045,1306,0.7989014185906955
Attention U-Net,RET_Spectralis_f520e52af71723efed0d6fecf934075b_slice008.png,1,2183,2058,0.7076330500161182
Attention U-Net,RET_Spectralis_f520e52af71723efed0d6fecf934075b_slice009.png,1,2350,2189,0.7673256611919821
Attention U-Net,RET_Spectralis_f520e52af71723efed0d6fecf934075b_slice010.png,1,2686,2399,0.7279643968315831
Attention U-Net,RET_Spectralis_f520e52af71723efed0d6fecf934075b_slice012.png,1,2945,3336,0.6924997686124019
Attention U-Net,RET_Spectralis_f520e52af71723efed0d6fecf934075b_slice013.png,1,4005,3121,0.7324853012906775
Attention U-Net,RET_Spectralis_f520e52af71723efed0d6fecf934075b_slice016.png,1,4188,4025,0.5133408579111877
Attention U-Net,RET_Spectralis_f520e52af71723efed0d6fecf934075b_slice018.png,1,3978,3221,0.7294561282894961
Attention U-Net,RET_Spectralis_f520e52af71723efed0d6fecf934075b_slice019.png,1,4282,4433,0.7854999632818571
Attention U-Net,RET_Spectralis_f520e52af71723efed0d6fecf934075b_slice020.png,1,4489,4699,0.8148039820698229
Attention U-Net,RET_Spectralis_f520e52af71723efed0d6fecf934075b_slice021.png,1,4988,4330,0.7799364639515632
Attention U-Net,RET_Spectralis_f520e52af71723efed0d6fecf934075b_slice023.png,1,4739,4511,0.8439969466934634
Attention U-Net,RET_Spectralis_f520e52af71723efed0d6fecf934075b_slice024.png,1,4502,4429,0.8001860847670829
Attention U-Net,RET_Spectralis_f520e52af71723efed0d6fecf934075b_slice025.png,1,4511,4183,0.831085766774254
Attention U-Net,RET_Spectralis_f520e52af71723efed0d6fecf934075b_slice026.png,1,4489,4394,0.834912617024972
Attention U-Net,RET_Spectralis_f520e52af71723efed0d6fecf934075b_slice027.png,1,4221,4078,0.8316872978447849
Attention U-Net,RET_Spectralis_f520e52af71723efed0d6fecf934075b_slice029.png,1,3775,3528,0.8126381717688642
Attention U-Net,RET_Spectralis_f520e52af71723efed0d6fecf934075b_slice030.png,1,3107,2869,0.7526452961108371
Attention U-Net,RET_Spectralis_f520e52af71723efed0d6fecf934075b_slice031.png,1,2841,3182,0.6222853330189848
Attention U-Net,RET_Spectralis_f520e52af71723efed0d6fecf934075b_slice032.png,1,2922,2969,0.850770376988657
Attention U-Net,RET_Spectralis_f520e52af71723efed0d6fecf934075b_slice033.png,1,2690,2945,0.7814316914732864
Attention U-Net,RET_Spectralis_f520e52af71723efed0d6fecf934075b_slice036.png,1,2263,2346,0.879348304517977
Attention U-Net,RET_Spectralis_f520e52af71723efed0d6fecf934075b_slice037.png,1,2234,2393,0.9031126696836665
Attention U-Net,RET_Spectralis_f520e52af71723efed0d6fecf934075b_slice038.png,1,2162,2159,0.8943809743776215
Attention U-Net,RET_Spectralis_f520e52af71723efed0d6fecf934075b_slice040.png,1,1759,1780,0.8979937833009343
Attention U-Net,RET_Spectralis_f520e52af71723efed0d6fecf934075b_slice041.png,1,1642,1791,0.8590604024338896
Attention U-Net,RET_Spectralis_f520e52af71723efed0d6fecf934075b_slice042.png,1,1538,1590,0.8964194370535744
Attention U-Net,RET_Spectralis_f520e52af71723efed0d6fecf934075b_slice044.png,1,1404,1262,0.8689393936102503
Attention U-Net,RET_Spectralis_f520e52af71723efed0d6fecf934075b_slice045.png,1,1248,1216,0.8567785801713649
Attention U-Net,RET_Spectralis_fe02f982b78218ab05c755c01c7876b1_slice000.png,1,259,197,0.12785388098663497
Attention U-Net,RET_Spectralis_fe02f982b78218ab05c755c01c7876b1_slice001.png,1,416,246,0.416918428373235
Attention U-Net,RET_Spectralis_fe02f982b78218ab05c755c01c7876b1_slice002.png,1,401,248,0.16640986106870592
Attention U-Net,RET_Spectralis_fe02f982b78218ab05c755c01c7876b1_slice006.png,1,181,89,0.08148148117969822
Attention U-Net,RET_Spectralis_fe02f982b78218ab05c755c01c7876b1_slice007.png,1,270,219,0.3476482610477541
Attention U-Net,RET_Spectralis_fe02f982b78218ab05c755c01c7876b1_slice008.png,1,356,269,0.49919999920128
Attention U-Net,RET_Spectralis_fe02f982b78218ab05c755c01c7876b1_slice011.png,1,414,579,0.47734138924739034
Attention U-Net,RET_Spectralis_fe02f982b78218ab05c755c01c7876b1_slice013.png,1,534,663,0.2557544754852903
Attention U-Net,RET_Spectralis_fe02f982b78218ab05c755c01c7876b1_slice014.png,1,864,1183,0.3966780652678661
Attention U-Net,RET_Spectralis_fe02f982b78218ab05c755c01c7876b1_slice015.png,1,1065,1300,0.5057082450292989
Attention U-Net,RET_Spectralis_fe02f982b78218ab05c755c01c7876b1_slice016.png,1,626,608,0.43598055070017777
Attention U-Net,RET_Spectralis_fe02f982b78218ab05c755c01c7876b1_slice018.png,1,1952,1451,0.2772337820449101
Attention U-Net,RET_Spectralis_fe02f982b78218ab05c755c01c7876b1_slice020.png,1,2781,2923,0.7703825823476735
Attention U-Net,RET_Spectralis_fe02f982b78218ab05c755c01c7876b1_slice021.png,1,3581,3634,0.7858835597177649
Attention U-Net,RET_Spectralis_fe02f982b78218ab05c755c01c7876b1_slice023.png,1,3925,3376,0.7997152033221109
Attention U-Net,RET_Spectralis_fe02f982b78218ab05c755c01c7876b1_slice026.png,1,4263,3973,0.7868483710450351
Attention U-Net,RET_Spectralis_fe02f982b78218ab05c755c01c7876b1_slice027.png,1,3859,3643,0.7529853135659644
Attention U-Net,RET_Spectralis_fe02f982b78218ab05c755c01c7876b1_slice028.png,1,3853,3589,0.7981442995614811
Attention U-Net,RET_Spectralis_fe02f982b78218ab05c755c01c7876b1_slice033.png,1,1870,2179,0.725214618444297
Attention U-Net,RET_Spectralis_fe02f982b78218ab05c755c01c7876b1_slice034.png,1,1241,1367,0.4352846721476551
Attention U-Net,RET_Spectralis_fe02f982b78218ab05c755c01c7876b1_slice035.png,1,1243,1976,0.6172145263688418
Attention U-Net,RET_Spectralis_fe02f982b78218ab05c755c01c7876b1_slice037.png,1,946,1227,0.646111366476709
Attention U-Net,RET_Spectralis_fe02f982b78218ab05c755c01c7876b1_slice038.png,1,546,760,0.5237365999052552
Attention U-Net,RET_Spectralis_fe02f982b78218ab05c755c01c7876b1_slice039.png,1,913,883,0.4849498325056021
Attention U-Net,RET_Spectralis_fe02f982b78218ab05c755c01c7876b1_slice040.png,1,789,714,0.5043246836298572
Attention U-Net,RET_Spectralis_fe02f982b78218ab05c755c01c7876b1_slice041.png,1,775,840,0.5312693495162418
Attention U-Net,RET_Spectralis_fe02f982b78218ab05c755c01c7876b1_slice042.png,1,785,1016,0.48195446947143
Attention U-Net,RET_Spectralis_fe02f982b78218ab05c755c01c7876b1_slice043.png,1,591,917,0.4875755537356779
Attention U-Net,RET_Spectralis_fe02f982b78218ab05c755c01c7876b1_slice046.png,1,359,436,0.4716267333270785
Attention U-Net,RET_Spectralis_fe02f982b78218ab05c755c01c7876b1_slice047.png,1,130,205,0.19701492478503008
Attention U-Net,RET_Spectralis_fe02f982b78218ab05c755c01c7876b1_slice048.png,1,116,218,0.5209580822725806
Attention U-Net,RET_Topcon_08c25a5049562b54521bfa36f95c4a4c_slice014.png,0,0,0,
Attention U-Net,RET_Topcon_08c25a5049562b54521bfa36f95c4a4c_slice015.png,0,0,0,
Attention U-Net,RET_Topcon_08c25a5049562b54521bfa36f95c4a4c_slice027.png,0,0,0,
Attention U-Net,RET_Topcon_08c25a5049562b54521bfa36f95c4a4c_slice030.png,0,0,0,
Attention U-Net,RET_Topcon_08c25a5049562b54521bfa36f95c4a4c_slice044.png,1,69,72,0.8226950296262764
Attention U-Net,RET_Topcon_08c25a5049562b54521bfa36f95c4a4c_slice045.png,1,86,119,0.7804878010707912
Attention U-Net,RET_Topcon_08c25a5049562b54521bfa36f95c4a4c_slice048.png,1,362,348,0.8491442924990611
Attention U-Net,RET_Topcon_08c25a5049562b54521bfa36f95c4a4c_slice049.png,1,342,370,0.9158050208038331
Attention U-Net,RET_Topcon_08c25a5049562b54521bfa36f95c4a4c_slice050.png,1,398,470,0.7997931219528063
Attention U-Net,RET_Topcon_08c25a5049562b54521bfa36f95c4a4c_slice051.png,1,606,566,0.851206392376169
Attention U-Net,RET_Topcon_08c25a5049562b54521bfa36f95c4a4c_slice052.png,1,685,618,0.8118793759647738
Attention U-Net,RET_Topcon_08c25a5049562b54521bfa36f95c4a4c_slice053.png,1,541,586,0.8431297511180857
Attention U-Net,RET_Topcon_08c25a5049562b54521bfa36f95c4a4c_slice056.png,1,697,649,0.7980759240323649
Attention U-Net,RET_Topcon_08c25a5049562b54521bfa36f95c4a4c_slice058.png,1,206,245,0.8757236730277442
Attention U-Net,RET_Topcon_08c25a5049562b54521bfa36f95c4a4c_slice061.png,1,474,389,0.8364097103263697
Attention U-Net,RET_Topcon_08c25a5049562b54521bfa36f95c4a4c_slice062.png,1,178,254,0.8249999979375
Attention U-Net,RET_Topcon_08c25a5049562b54521bfa36f95c4a4c_slice063.png,1,283,251,0.7946768045728578
Attention U-Net,RET_Topcon_08c25a5049562b54521bfa36f95c4a4c_slice064.png,1,43,59,0.7294117561245675
Attention U-Net,RET_Topcon_08c25a5049562b54521bfa36f95c4a4c_slice065.png,1,30,32,0.8888888724279839
Attention U-Net,RET_Topcon_08c25a5049562b54521bfa36f95c4a4c_slice066.png,1,56,50,0.7548269435294511
Attention U-Net,RET_Topcon_08c25a5049562b54521bfa36f95c4a4c_slice067.png,1,128,131,0.8316473019609933
Attention U-Net,RET_Topcon_08c25a5049562b54521bfa36f95c4a4c_slice068.png,1,141,136,0.6806615540602414
Attention U-Net,RET_Topcon_08c25a5049562b54521bfa36f95c4a4c_slice069.png,1,192,206,0.8743718570995682
Attention U-Net,RET_Topcon_08c25a5049562b54521bfa36f95c4a4c_slice070.png,1,205,193,0.8190954753289058
Attention U-Net,RET_Topcon_08c25a5049562b54521bfa36f95c4a4c_slice071.png,1,109,113,0.882882878905933
Attention U-Net,RET_Topcon_08c25a5049562b54521bfa36f95c4a4c_slice073.png,1,22,21,0.9302325365062202
Attention U-Net,RET_Topcon_08c25a5049562b54521bfa36f95c4a4c_slice094.png,1,29,24,0.830188663581346
Attention U-Net,RET_Topcon_08c25a5049562b54521bfa36f95c4a4c_slice096.png,1,38,38,0.7894736738227148
Attention U-Net,RET_Topcon_09f1bf8ee7be70fb53c9431bb1fe3817_slice022.png,0,0,0,
Attention U-Net,RET_Topcon_09f1bf8ee7be70fb53c9431bb1fe3817_slice038.png,1,83,24,0.2803738291553848
Attention U-Net,RET_Topcon_09f1bf8ee7be70fb53c9431bb1fe3817_slice044.png,1,25,104,0.4237288099683999
Attention U-Net,RET_Topcon_09f1bf8ee7be70fb53c9431bb1fe3817_slice046.png,1,24,195,0.1917808210420967
Attention U-Net,RET_Topcon_09f1bf8ee7be70fb53c9431bb1fe3817_slice048.png,1,59,72,0.8627087019125416
Attention U-Net,RET_Topcon_09f1bf8ee7be70fb53c9431bb1fe3817_slice049.png,1,178,200,0.8493124949049962
Attention U-Net,RET_Topcon_09f1bf8ee7be70fb53c9431bb1fe3817_slice051.png,1,294,301,0.8352268111580741
Attention U-Net,RET_Topcon_09f1bf8ee7be70fb53c9431bb1fe3817_slice054.png,1,430,447,0.8237521495831084
Attention U-Net,RET_Topcon_09f1bf8ee7be70fb53c9431bb1fe3817_slice057.png,1,899,719,0.7753302414931693
Attention U-Net,RET_Topcon_09f1bf8ee7be70fb53c9431bb1fe3817_slice058.png,1,732,784,0.7574963010635916
Attention U-Net,RET_Topcon_09f1bf8ee7be70fb53c9431bb1fe3817_slice061.png,1,961,1082,0.7934755744169949
Attention U-Net,RET_Topcon_09f1bf8ee7be70fb53c9431bb1fe3817_slice066.png,1,555,962,0.6860734595850021
Attention U-Net,RET_Topcon_09f1bf8ee7be70fb53c9431bb1fe3817_slice067.png,1,1038,1102,0.8667524494127319
Attention U-Net,RET_Topcon_09f1bf8ee7be70fb53c9431bb1fe3817_slice068.png,1,1278,1350,0.8158773262886043
Attention U-Net,RET_Topcon_09f1bf8ee7be70fb53c9431bb1fe3817_slice069.png,1,1250,1201,0.881340709294913
Attention U-Net,RET_Topcon_09f1bf8ee7be70fb53c9431bb1fe3817_slice070.png,1,1202,1107,0.8695946512072998
Attention U-Net,RET_Topcon_09f1bf8ee7be70fb53c9431bb1fe3817_slice073.png,1,963,955,0.8195124725243013
Attention U-Net,RET_Topcon_09f1bf8ee7be70fb53c9431bb1fe3817_slice074.png,1,574,678,0.7511217157116845
Attention U-Net,RET_Topcon_09f1bf8ee7be70fb53c9431bb1fe3817_slice075.png,1,970,862,0.8183290451611233
Attention U-Net,RET_Topcon_09f1bf8ee7be70fb53c9431bb1fe3817_slice076.png,1,785,852,0.862258000009959
Attention U-Net,RET_Topcon_09f1bf8ee7be70fb53c9431bb1fe3817_slice077.png,1,1028,1062,0.864703718561476
Attention U-Net,RET_Topcon_09f1bf8ee7be70fb53c9431bb1fe3817_slice078.png,1,685,685,0.8854024185159817
Attention U-Net,RET_Topcon_09f1bf8ee7be70fb53c9431bb1fe3817_slice079.png,1,417,478,0.8266219205205672
Attention U-Net,RET_Topcon_09f1bf8ee7be70fb53c9431bb1fe3817_slice080.png,1,556,591,0.7839265832100013
Attention U-Net,RET_Topcon_09f1bf8ee7be70fb53c9431bb1fe3817_slice081.png,1,315,353,0.8862275435834917
Attention U-Net,RET_Topcon_09f1bf8ee7be70fb53c9431bb1fe3817_slice082.png,1,405,498,0.8734491304299639
Attention U-Net,RET_Topcon_09f1bf8ee7be70fb53c9431bb1fe3817_slice083.png,1,225,238,0.8768898469181645
Attention U-Net,RET_Topcon_09f1bf8ee7be70fb53c9431bb1fe3817_slice084.png,1,217,191,0.8235294097462514
Attention U-Net,RET_Topcon_09f1bf8ee7be70fb53c9431bb1fe3817_slice085.png,1,229,214,0.8990825667452235
Attention U-Net,RET_Topcon_09f1bf8ee7be70fb53c9431bb1fe3817_slice087.png,1,205,164,0.7913279111346128
Attention U-Net,RET_Topcon_09f1bf8ee7be70fb53c9431bb1fe3817_slice088.png,1,22,22,0.863636344008265
Attention U-Net,RET_Topcon_09f1bf8ee7be70fb53c9431bb1fe3817_slice090.png,1,28,34,0.806451599895942
Attention U-Net,RET_Topcon_09f1bf8ee7be70fb53c9431bb1fe3817_slice101.png,0,0,0,
Attention U-Net,RET_Topcon_09f1bf8ee7be70fb53c9431bb1fe3817_slice107.png,0,0,0,
Attention U-Net,RET_Topcon_09f1bf8ee7be70fb53c9431bb1fe3817_slice109.png,0,0,0,
Attention U-Net,RET_Topcon_09f1bf8ee7be70fb53c9431bb1fe3817_slice110.png,0,0,0,
Attention U-Net,RET_Topcon_09f1bf8ee7be70fb53c9431bb1fe3817_slice116.png,0,0,0,
Attention U-Net,RET_Topcon_09f1bf8ee7be70fb53c9431bb1fe3817_slice121.png,0,0,0,
Attention U-Net,RET_Topcon_1527587b2f260832ae2bf685b2b9a9b0_slice014.png,0,0,0,
Attention U-Net,RET_Topcon_1527587b2f260832ae2bf685b2b9a9b0_slice043.png,0,0,0,
Attention U-Net,RET_Topcon_1527587b2f260832ae2bf685b2b9a9b0_slice044.png,1,19,31,0.7199999856000003
Attention U-Net,RET_Topcon_1527587b2f260832ae2bf685b2b9a9b0_slice046.png,1,15,53,0.3823529355536333
Attention U-Net,RET_Topcon_1527587b2f260832ae2bf685b2b9a9b0_slice048.png,1,202,200,0.7363184061285611
Attention U-Net,RET_Topcon_1527587b2f260832ae2bf685b2b9a9b0_slice049.png,1,136,142,0.8273381265203664
Attention U-Net,RET_Topcon_1527587b2f260832ae2bf685b2b9a9b0_slice051.png,1,560,451,0.7517309587025411
Attention U-Net,RET_Topcon_1527587b2f260832ae2bf685b2b9a9b0_slice052.png,1,537,482,0.7638888881310626
Attention U-Net,RET_Topcon_1527587b2f260832ae2bf685b2b9a9b0_slice053.png,1,698,621,0.7647047212397684
Attention U-Net,RET_Topcon_1527587b2f260832ae2bf685b2b9a9b0_slice054.png,1,769,724,0.8423230713076185
Attention U-Net,RET_Topcon_1527587b2f260832ae2bf685b2b9a9b0_slice055.png,1,1291,898,0.6870411318170235
Attention U-Net,RET_Topcon_1527587b2f260832ae2bf685b2b9a9b0_slice058.png,1,1359,1306,0.9025919480392666
Attention U-Net,RET_Topcon_1527587b2f260832ae2bf685b2b9a9b0_slice059.png,1,1482,1533,0.8428659917138388
Attention U-Net,RET_Topcon_1527587b2f260832ae2bf685b2b9a9b0_slice061.png,1,1656,1941,0.8912795611720843
Attention U-Net,RET_Topcon_1527587b2f260832ae2bf685b2b9a9b0_slice063.png,1,2203,2172,0.9070527937296684
Attention U-Net,RET_Topcon_1527587b2f260832ae2bf685b2b9a9b0_slice064.png,1,2254,2134,0.8811695699605322
Attention U-Net,RET_Topcon_1527587b2f260832ae2bf685b2b9a9b0_slice066.png,1,2391,2304,0.8871204182282633
Attention U-Net,RET_Topcon_1527587b2f260832ae2bf685b2b9a9b0_slice067.png,1,2195,2182,0.8861518270987006
Attention U-Net,RET_Topcon_1527587b2f260832ae2bf685b2b9a9b0_slice069.png,1,2325,2294,0.8551233044330735
Attention U-Net,RET_Topcon_1527587b2f260832ae2bf685b2b9a9b0_slice070.png,1,2180,2450,0.8304909868692711
Attention U-Net,RET_Topcon_1527587b2f260832ae2bf685b2b9a9b0_slice071.png,1,2281,2148,0.8370748036274708
Attention U-Net,RET_Topcon_1527587b2f260832ae2bf685b2b9a9b0_slice072.png,1,1300,1856,0.8463863482564999
Attention U-Net,RET_Topcon_1527587b2f260832ae2bf685b2b9a9b0_slice073.png,1,1788,1698,0.7942696266314304
Attention U-Net,RET_Topcon_1527587b2f260832ae2bf685b2b9a9b0_slice074.png,1,1643,1741,0.8313661911676034
Attention U-Net,RET_Topcon_1527587b2f260832ae2bf685b2b9a9b0_slice075.png,1,1651,1650,0.8675577154108269
Attention U-Net,RET_Topcon_1527587b2f260832ae2bf685b2b9a9b0_slice076.png,1,1221,1386,0.8354430376542221
Attention U-Net,RET_Topcon_1527587b2f260832ae2bf685b2b9a9b0_slice077.png,1,1247,1094,0.8261426737180083
Attention U-Net,RET_Topcon_1527587b2f260832ae2bf685b2b9a9b0_slice078.png,1,758,947,0.7859237532047367
Attention U-Net,RET_Topcon_1527587b2f260832ae2bf685b2b9a9b0_slice079.png,1,956,948,0.809873949154478
Attention U-Net,RET_Topcon_1527587b2f260832ae2bf685b2b9a9b0_slice080.png,1,447,433,0.7840909081998967
Attention U-Net,RET_Topcon_1527587b2f260832ae2bf685b2b9a9b0_slice081.png,1,224,360,0.6404109578075154
Attention U-Net,RET_Topcon_1527587b2f260832ae2bf685b2b9a9b0_slice083.png,1,614,531,0.6864628814965389
Attention U-Net,RET_Topcon_1527587b2f260832ae2bf685b2b9a9b0_slice084.png,1,272,392,0.6174698785881477
Attention U-Net,RET_Topcon_1527587b2f260832ae2bf685b2b9a9b0_slice085.png,1,458,446,0.7654867248169395
Attention U-Net,RET_Topcon_1527587b2f260832ae2bf685b2b9a9b0_slice087.png,1,239,234,0.7906976727469394
Attention U-Net,RET_Topcon_1527587b2f260832ae2bf685b2b9a9b0_slice088.png,1,48,48,0.9166666571180557
Attention U-Net,RET_Topcon_1527587b2f260832ae2bf685b2b9a9b0_slice090.png,1,36,50,0.6976744104921581
Attention U-Net,RET_Topcon_1527587b2f260832ae2bf685b2b9a9b0_slice092.png,1,40,35,0.8533333219555558
Attention U-Net,RET_Topcon_1527587b2f260832ae2bf685b2b9a9b0_slice115.png,0,0,0,
Attention U-Net,RET_Topcon_36f2dd01456a26450dc66ebadc676de7_slice021.png,0,0,0,
Attention U-Net,RET_Topcon_36f2dd01456a26450dc66ebadc676de7_slice034.png,0,0,0,
Attention U-Net,RET_Topcon_36f2dd01456a26450dc66ebadc676de7_slice049.png,0,0,0,
Attention U-Net,RET_Topcon_36f2dd01456a26450dc66ebadc676de7_slice055.png,0,0,0,
Attention U-Net,RET_Topcon_36f2dd01456a26450dc66ebadc676de7_slice058.png,1,30,47,0.727272717827627
Attention U-Net,RET_Topcon_36f2dd01456a26450dc66ebadc676de7_slice060.png,1,185,166,0.8831908806746699
Attention U-Net,RET_Topcon_36f2dd01456a26450dc66ebadc676de7_slice061.png,1,200,166,0.8196721289079997
Attention U-Net,RET_Topcon_36f2dd01456a26450dc66ebadc676de7_slice064.png,1,115,97,0.9099526023224995
Attention U-Net,RET_Topcon_36f2dd01456a26450dc66ebadc676de7_slice065.png,1,189,179,0.9264196570462924
Attention U-Net,RET_Topcon_36f2dd01456a26450dc66ebadc676de7_slice066.png,1,300,295,0.8866315102545266
Attention U-Net,RET_Topcon_36f2dd01456a26450dc66ebadc676de7_slice068.png,1,290,286,0.9409722205885899
Attention U-Net,RET_Topcon_36f2dd01456a26450dc66ebadc676de7_slice071.png,1,255,289,0.8529411749026816
Attention U-Net,RET_Topcon_36f2dd01456a26450dc66ebadc676de7_slice072.png,1,342,358,0.8514285702122449
Attention U-Net,RET_Topcon_36f2dd01456a26450dc66ebadc676de7_slice074.png,1,400,363,0.893840103677798
Attention U-Net,RET_Topcon_36f2dd01456a26450dc66ebadc676de7_slice075.png,1,251,259,0.8745098022068435
Attention U-Net,RET_Topcon_36f2dd01456a26450dc66ebadc676de7_slice077.png,1,92,102,0.7628865940057392
Attention U-Net,RET_Topcon_36f2dd01456a26450dc66ebadc676de7_slice078.png,1,101,124,0.8088888852938272
Attention U-Net,RET_Topcon_36f2dd01456a26450dc66ebadc676de7_slice079.png,1,71,84,0.8129032205619148
Attention U-Net,RET_Topcon_36f2dd01456a26450dc66ebadc676de7_slice080.png,1,33,34,0.8656716288705727
Attention U-Net,RET_Topcon_36f2dd01456a26450dc66ebadc676de7_slice082.png,1,56,43,0.7878787799204164
Attention U-Net,RET_Topcon_36f2dd01456a26450dc66ebadc676de7_slice083.png,1,20,18,0.7894736634349037
Attention U-Net,RET_Topcon_36f2dd01456a26450dc66ebadc676de7_slice084.png,1,10,13,0.6956521436672981
Attention U-Net,RET_Topcon_36f2dd01456a26450dc66ebadc676de7_slice087.png,1,4,8,0.6666666111111158
Attention U-Net,RET_Topcon_36f2dd01456a26450dc66ebadc676de7_slice088.png,1,7,10,0.8235293633218022
Attention U-Net,RET_Topcon_36f2dd01456a26450dc66ebadc676de7_slice089.png,1,2,2,0.9999997500000625
Attention U-Net,RET_Topcon_36f2dd01456a26450dc66ebadc676de7_slice091.png,1,13,14,0.8888888559670793
Attention U-Net,RET_Topcon_36f2dd01456a26450dc66ebadc676de7_slice106.png,1,40,42,0.9268292569898872
Attention U-Net,RET_Topcon_36f2dd01456a26450dc66ebadc676de7_slice109.png,0,0,0,
Attention U-Net,RET_Topcon_42cb4fb24bb11d6f79a2179e9a63251f_slice003.png,0,0,0,
Attention U-Net,RET_Topcon_42cb4fb24bb11d6f79a2179e9a63251f_slice010.png,1,185,231,0.5445783119407751
Attention U-Net,RET_Topcon_42cb4fb24bb11d6f79a2179e9a63251f_slice013.png,1,158,140,0.6515151490472911
Attention U-Net,RET_Topcon_42cb4fb24bb11d6f79a2179e9a63251f_slice015.png,1,46,104,0.8988763943946473
Attention U-Net,RET_Topcon_42cb4fb24bb11d6f79a2179e9a63251f_slice016.png,1,69,111,0.9064748136224834
Attention U-Net,RET_Topcon_42cb4fb24bb11d6f79a2179e9a63251f_slice017.png,1,1165,1222,0.9105417887817968
Attention U-Net,RET_Topcon_42cb4fb24bb11d6f79a2179e9a63251f_slice018.png,1,1890,1831,0.8511646539378248
Attention U-Net,RET_Topcon_42cb4fb24bb11d6f79a2179e9a63251f_slice019.png,1,1659,1816,0.8620573946790928
Attention U-Net,RET_Topcon_42cb4fb24bb11d6f79a2179e9a63251f_slice024.png,1,2000,2003,0.9250744079072373
Attention U-Net,RET_Topcon_42cb4fb24bb11d6f79a2179e9a63251f_slice028.png,1,2096,1923,0.9008778850293768
Attention U-Net,RET_Topcon_42cb4fb24bb11d6f79a2179e9a63251f_slice029.png,1,1870,1913,0.8533690598436879
Attention U-Net,RET_Topcon_42cb4fb24bb11d6f79a2179e9a63251f_slice030.png,1,2020,2073,0.8660219433931893
Attention U-Net,RET_Topcon_42cb4fb24bb11d6f79a2179e9a63251f_slice033.png,1,1958,1935,0.8360629990190599
Attention U-Net,RET_Topcon_42cb4fb24bb11d6f79a2179e9a63251f_slice034.png,1,1947,1930,0.8134151030798513
Attention U-Net,RET_Topcon_42cb4fb24bb11d6f79a2179e9a63251f_slice035.png,1,1575,1887,0.8306862277542522
Attention U-Net,RET_Topcon_42cb4fb24bb11d6f79a2179e9a63251f_slice036.png,1,1807,1875,0.8587635158681289
Attention U-Net,RET_Topcon_42cb4fb24bb11d6f79a2179e9a63251f_slice038.png,1,2275,2229,0.8765765380671643
Attention U-Net,RET_Topcon_42cb4fb24bb11d6f79a2179e9a63251f_slice039.png,1,1971,1955,0.5892905062989603
Attention U-Net,RET_Topcon_42cb4fb24bb11d6f79a2179e9a63251f_slice043.png,1,2505,2432,0.8763474964349841
Attention U-Net,RET_Topcon_42cb4fb24bb11d6f79a2179e9a63251f_slice046.png,1,2344,2325,0.8003721805768612
Attention U-Net,RET_Topcon_42cb4fb24bb11d6f79a2179e9a63251f_slice047.png,1,2315,2302,0.8957957073506148
Attention U-Net,RET_Topcon_42cb4fb24bb11d6f79a2179e9a63251f_slice048.png,1,2273,2360,0.894203173092761
Attention U-Net,RET_Topcon_42cb4fb24bb11d6f79a2179e9a63251f_slice050.png,1,2448,2386,0.8599775747265569
Attention U-Net,RET_Topcon_42cb4fb24bb11d6f79a2179e9a63251f_slice051.png,1,2515,2497,0.8923484352694081
Attention U-Net,RET_Topcon_42cb4fb24bb11d6f79a2179e9a63251f_slice052.png,1,2397,2431,0.8568755223573715
Attention U-Net,RET_Topcon_42cb4fb24bb11d6f79a2179e9a63251f_slice054.png,1,2401,2423,0.8838145378538981
Attention U-Net,RET_Topcon_42cb4fb24bb11d6f79a2179e9a63251f_slice055.png,1,2391,2327,0.8878135655380156
Attention U-Net,RET_Topcon_42cb4fb24bb11d6f79a2179e9a63251f_slice057.png,1,2347,2343,0.867135058606222
Attention U-Net,RET_Topcon_42cb4fb24bb11d6f79a2179e9a63251f_slice058.png,1,2445,2426,0.8855136012890058
Attention U-Net,RET_Topcon_42cb4fb24bb11d6f79a2179e9a63251f_slice059.png,1,1774,1828,0.7937044751531498
Attention U-Net,RET_Topcon_42cb4fb24bb11d6f79a2179e9a63251f_slice062.png,1,2599,2571,0.8705621612158279
Attention U-Net,RET_Topcon_42cb4fb24bb11d6f79a2179e9a63251f_slice063.png,1,2765,2846,0.8161127555617549
Attention U-Net,RET_Topcon_42cb4fb24bb11d6f79a2179e9a63251f_slice064.png,1,2094,1992,0.8636870868350881
Attention U-Net,RET_Topcon_42cb4fb24bb11d6f79a2179e9a63251f_slice065.png,1,1719,1709,0.9319657072366581
Attention U-Net,RET_Topcon_42cb4fb24bb11d6f79a2179e9a63251f_slice066.png,1,2378,2279,0.8991130807979868
Attention U-Net,RET_Topcon_42cb4fb24bb11d6f79a2179e9a63251f_slice067.png,1,2249,2279,0.8721379260378107
Attention U-Net,RET_Topcon_42cb4fb24bb11d6f79a2179e9a63251f_slice069.png,1,1530,1630,0.8537893713216952
Attention U-Net,RET_Topcon_42cb4fb24bb11d6f79a2179e9a63251f_slice072.png,1,2196,2176,0.8871254888251667
Attention U-Net,RET_Topcon_42cb4fb24bb11d6f79a2179e9a63251f_slice073.png,1,2091,2087,0.8661466499750583
Attention U-Net,RET_Topcon_42cb4fb24bb11d6f79a2179e9a63251f_slice075.png,1,2206,2219,0.8990247256030658
Attention U-Net,RET_Topcon_42cb4fb24bb11d6f79a2179e9a63251f_slice076.png,1,2051,2005,0.9008161706750486
Attention U-Net,RET_Topcon_42cb4fb24bb11d6f79a2179e9a63251f_slice077.png,1,1698,1649,0.8878659005026112
Attention U-Net,RET_Topcon_42cb4fb24bb11d6f79a2179e9a63251f_slice078.png,1,2069,1903,0.8839127458301291
Attention U-Net,RET_Topcon_42cb4fb24bb11d6f79a2179e9a63251f_slice080.png,1,2077,2105,0.8777457284372502
Attention U-Net,RET_Topcon_42cb4fb24bb11d6f79a2179e9a63251f_slice082.png,1,1587,1717,0.8413762386816662
Attention U-Net,RET_Topcon_42cb4fb24bb11d6f79a2179e9a63251f_slice083.png,1,2125,2136,0.8570211731981235
Attention U-Net,RET_Topcon_42cb4fb24bb11d6f79a2179e9a63251f_slice084.png,1,1733,2007,0.8733879096790584
Attention U-Net,RET_Topcon_42cb4fb24bb11d6f79a2179e9a63251f_slice085.png,1,1979,2149,0.8505895316197042
Attention U-Net,RET_Topcon_42cb4fb24bb11d6f79a2179e9a63251f_slice086.png,1,1989,2025,0.8936780682653932
Attention U-Net,RET_Topcon_42cb4fb24bb11d6f79a2179e9a63251f_slice087.png,1,2029,2078,0.886105795654624
Attention U-Net,RET_Topcon_42cb4fb24bb11d6f79a2179e9a63251f_slice088.png,1,1889,1898,0.8835330572428511
Attention U-Net,RET_Topcon_42cb4fb24bb11d6f79a2179e9a63251f_slice092.png,1,1858,1947,0.8162676686591123
Attention U-Net,RET_Topcon_42cb4fb24bb11d6f79a2179e9a63251f_slice093.png,1,1827,2013,0.8724094174201529
Attention U-Net,RET_Topcon_42cb4fb24bb11d6f79a2179e9a63251f_slice096.png,1,1768,1801,0.8953280202692394
Attention U-Net,RET_Topcon_42cb4fb24bb11d6f79a2179e9a63251f_slice097.png,1,1603,1786,0.8697374558116276
Attention U-Net,RET_Topcon_42cb4fb24bb11d6f79a2179e9a63251f_slice098.png,1,1532,1546,0.8973748698788007
Attention U-Net,RET_Topcon_42cb4fb24bb11d6f79a2179e9a63251f_slice099.png,1,1343,1405,0.9140741865034709
Attention U-Net,RET_Topcon_42cb4fb24bb11d6f79a2179e9a63251f_slice100.png,1,1384,1510,0.9200233270346145
Attention U-Net,RET_Topcon_42cb4fb24bb11d6f79a2179e9a63251f_slice101.png,1,1422,1455,0.8965237733690469
Attention U-Net,RET_Topcon_42cb4fb24bb11d6f79a2179e9a63251f_slice102.png,1,1101,1353,0.8171612902515853
Attention U-Net,RET_Topcon_42cb4fb24bb11d6f79a2179e9a63251f_slice103.png,1,882,979,0.8481662103991038
Attention U-Net,RET_Topcon_42cb4fb24bb11d6f79a2179e9a63251f_slice104.png,1,804,908,0.7884989821417818
Attention U-Net,RET_Topcon_42cb4fb24bb11d6f79a2179e9a63251f_slice106.png,1,884,996,0.755375533095901
Attention U-Net,RET_Topcon_42cb4fb24bb11d6f79a2179e9a63251f_slice107.png,1,603,573,0.8210816441914689
Attention U-Net,RET_Topcon_42cb4fb24bb11d6f79a2179e9a63251f_slice108.png,1,675,751,0.7683658132154875
Attention U-Net,RET_Topcon_42cb4fb24bb11d6f79a2179e9a63251f_slice109.png,1,48,61,0.8623853131891256
Attention U-Net,RET_Topcon_42cb4fb24bb11d6f79a2179e9a63251f_slice111.png,1,23,48,0.6285714106122454
Attention U-Net,RET_Topcon_42cb4fb24bb11d6f79a2179e9a63251f_slice112.png,1,76,18,0.16901408212656222
Attention U-Net,RET_Topcon_4a81402a272ad6cd3b2b53f05a65b384_slice034.png,1,106,143,0.7148594348800826
Attention U-Net,RET_Topcon_4a81402a272ad6cd3b2b53f05a65b384_slice040.png,1,157,230,0.7390180859456897
Attention U-Net,RET_Topcon_4a81402a272ad6cd3b2b53f05a65b384_slice041.png,1,336,357,0.7012987002867263
Attention U-Net,RET_Topcon_4a81402a272ad6cd3b2b53f05a65b384_slice042.png,1,479,494,0.7845188276312565
Attention U-Net,RET_Topcon_4a81402a272ad6cd3b2b53f05a65b384_slice043.png,1,422,525,0.729011688917097
Attention U-Net,RET_Topcon_4a81402a272ad6cd3b2b53f05a65b384_slice044.png,1,566,661,0.7693561525922117
Attention U-Net,RET_Topcon_4a81402a272ad6cd3b2b53f05a65b384_slice045.png,1,742,758,0.7863818419316543
Attention U-Net,RET_Topcon_4a81402a272ad6cd3b2b53f05a65b384_slice046.png,1,344,641,0.5960945523164496
Attention U-Net,RET_Topcon_4a81402a272ad6cd3b2b53f05a65b384_slice048.png,1,783,973,0.745189503938665
Attention U-Net,RET_Topcon_4a81402a272ad6cd3b2b53f05a65b384_slice049.png,1,1018,1124,0.6559241703052493
Attention U-Net,RET_Topcon_4a81402a272ad6cd3b2b53f05a65b384_slice050.png,1,836,1232,0.6953545228873572
Attention U-Net,RET_Topcon_4a81402a272ad6cd3b2b53f05a65b384_slice051.png,1,1407,1518,0.7567195035297314
Attention U-Net,RET_Topcon_4a81402a272ad6cd3b2b53f05a65b384_slice052.png,1,977,1293,0.6743261154775404
Attention U-Net,RET_Topcon_4a81402a272ad6cd3b2b53f05a65b384_slice053.png,1,1300,1331,0.7746104139967274
Attention U-Net,RET_Topcon_4a81402a272ad6cd3b2b53f05a65b384_slice054.png,1,1116,1248,0.7530133397452581
Attention U-Net,RET_Topcon_4a81402a272ad6cd3b2b53f05a65b384_slice055.png,1,1205,1427,0.8684907406477278
Attention U-Net,RET_Topcon_4a81402a272ad6cd3b2b53f05a65b384_slice057.png,1,1052,1178,0.8332390260751983
Attention U-Net,RET_Topcon_4a81402a272ad6cd3b2b53f05a65b384_slice058.png,1,1545,1572,0.8213994574801675
Attention U-Net,RET_Topcon_4a81402a272ad6cd3b2b53f05a65b384_slice059.png,1,1008,1378,0.7395149625561994
Attention U-Net,RET_Topcon_4a81402a272ad6cd3b2b53f05a65b384_slice060.png,1,1556,1625,0.8442692101329337
Attention U-Net,RET_Topcon_4a81402a272ad6cd3b2b53f05a65b384_slice061.png,1,1416,1528,0.849864130146106
Attention U-Net,RET_Topcon_4a81402a272ad6cd3b2b53f05a65b384_slice062.png,1,1286,1394,0.8499999996828359
Attention U-Net,RET_Topcon_4a81402a272ad6cd3b2b53f05a65b384_slice063.png,1,1335,1282,0.8603223327473821
Attention U-Net,RET_Topcon_4a81402a272ad6cd3b2b53f05a65b384_slice067.png,1,648,739,0.8248017297586144
Attention U-Net,RET_Topcon_4a81402a272ad6cd3b2b53f05a65b384_slice068.png,1,655,743,0.7353361940376708
Attention U-Net,RET_Topcon_4a81402a272ad6cd3b2b53f05a65b384_slice069.png,1,470,588,0.7488151651669998
Attention U-Net,RET_Topcon_4a81402a272ad6cd3b2b53f05a65b384_slice070.png,1,346,470,0.7153846144674556
Attention U-Net,RET_Topcon_4a81402a272ad6cd3b2b53f05a65b384_slice072.png,1,120,202,0.49689440839473786
Attention U-Net,RET_Topcon_4a81402a272ad6cd3b2b53f05a65b384_slice080.png,0,0,0,
Attention U-Net,RET_Topcon_4a81402a272ad6cd3b2b53f05a65b384_slice085.png,0,0,0,
Attention U-Net,RET_Topcon_4a81402a272ad6cd3b2b53f05a65b384_slice100.png,0,0,0,
Attention U-Net,RET_Topcon_4a81402a272ad6cd3b2b53f05a65b384_slice117.png,0,0,0,
Attention U-Net,RET_Topcon_4a81402a272ad6cd3b2b53f05a65b384_slice127.png,0,0,4,
Attention U-Net,RET_Topcon_5f00d030f20ae41591fc3ab521c21e29_slice013.png,0,0,0,
Attention U-Net,RET_Topcon_5f00d030f20ae41591fc3ab521c21e29_slice028.png,0,0,0,
Attention U-Net,RET_Topcon_5f00d030f20ae41591fc3ab521c21e29_slice030.png,0,0,0,
Attention U-Net,RET_Topcon_5f00d030f20ae41591fc3ab521c21e29_slice031.png,0,0,0,
Attention U-Net,RET_Topcon_5f00d030f20ae41591fc3ab521c21e29_slice034.png,1,30,27,0.8771929670667901
Attention U-Net,RET_Topcon_5f00d030f20ae41591fc3ab521c21e29_slice035.png,1,14,16,0.7333333088888897
Attention U-Net,RET_Topcon_5f00d030f20ae41591fc3ab521c21e29_slice037.png,1,69,56,0.7839999937280001
Attention U-Net,RET_Topcon_5f00d030f20ae41591fc3ab521c21e29_slice039.png,1,108,114,0.8648648609690772
Attention U-Net,RET_Topcon_5f00d030f20ae41591fc3ab521c21e29_slice040.png,1,89,94,0.8524590117351967
Attention U-Net,RET_Topcon_5f00d030f20ae41591fc3ab521c21e29_slice041.png,1,98,107,0.7707317035574064
Attention U-Net,RET_Topcon_5f00d030f20ae41591fc3ab521c21e29_slice042.png,1,89,128,0.8110599040964982
Attention U-Net,RET_Topcon_5f00d030f20ae41591fc3ab521c21e29_slice045.png,1,145,141,0.9020978989437136
Attention U-Net,RET_Topcon_5f00d030f20ae41591fc3ab521c21e29_slice046.png,1,151,174,0.8307692282130178
Attention U-Net,RET_Topcon_5f00d030f20ae41591fc3ab521c21e29_slice047.png,1,262,256,0.8378378362203903
Attention U-Net,RET_Topcon_5f00d030f20ae41591fc3ab521c21e29_slice049.png,1,451,428,0.9124004540245728
Attention U-Net,RET_Topcon_5f00d030f20ae41591fc3ab521c21e29_slice051.png,1,334,351,0.8613138673557462
Attention U-Net,RET_Topcon_5f00d030f20ae41591fc3ab521c21e29_slice052.png,1,340,323,0.8717948704799474
Attention U-Net,RET_Topcon_5f00d030f20ae41591fc3ab521c21e29_slice054.png,1,239,329,0.8098591535037691
Attention U-Net,RET_Topcon_5f00d030f20ae41591fc3ab521c21e29_slice055.png,1,356,368,0.9254143633626873
Attention U-Net,RET_Topcon_5f00d030f20ae41591fc3ab521c21e29_slice056.png,1,378,407,0.9019108268765467
Attention U-Net,RET_Topcon_5f00d030f20ae41591fc3ab521c21e29_slice057.png,1,448,538,0.8742393500261264
Attention U-Net,RET_Topcon_5f00d030f20ae41591fc3ab521c21e29_slice059.png,1,573,596,0.8964927280611695
Attention U-Net,RET_Topcon_5f00d030f20ae41591fc3ab521c21e29_slice060.png,1,351,404,0.8503311247015481
Attention U-Net,RET_Topcon_5f00d030f20ae41591fc3ab521c21e29_slice062.png,1,476,506,0.9083503045739814
Attention U-Net,RET_Topcon_5f00d030f20ae41591fc3ab521c21e29_slice063.png,1,401,492,0.8443449038697145
Attention U-Net,RET_Topcon_5f00d030f20ae41591fc3ab521c21e29_slice064.png,1,314,395,0.860366712467748
Attention U-Net,RET_Topcon_5f00d030f20ae41591fc3ab521c21e29_slice065.png,1,424,480,0.8650442468307032
Attention U-Net,RET_Topcon_5f00d030f20ae41591fc3ab521c21e29_slice067.png,1,581,614,0.9087866101181701
Attention U-Net,RET_Topcon_5f00d030f20ae41591fc3ab521c21e29_slice068.png,1,699,721,0.8957746472564967
Attention U-Net,RET_Topcon_5f00d030f20ae41591fc3ab521c21e29_slice069.png,1,656,699,0.8826568259168583
Attention U-Net,RET_Topcon_5f00d030f20ae41591fc3ab521c21e29_slice070.png,1,518,547,0.8826291071524608
Attention U-Net,RET_Topcon_5f00d030f20ae41591fc3ab521c21e29_slice071.png,1,635,617,0.8977635775576968
Attention U-Net,RET_Topcon_5f00d030f20ae41591fc3ab521c21e29_slice072.png,1,509,546,0.9061611365818377
Attention U-Net,RET_Topcon_5f00d030f20ae41591fc3ab521c21e29_slice073.png,1,440,511,0.8727655090717502
Attention U-Net,RET_Topcon_5f00d030f20ae41591fc3ab521c21e29_slice074.png,1,523,498,0.9108716935251012
Attention U-Net,RET_Topcon_5f00d030f20ae41591fc3ab521c21e29_slice076.png,1,430,455,0.9107344622477577
Attention U-Net,RET_Topcon_5f00d030f20ae41591fc3ab521c21e29_slice077.png,1,491,506,0.8806419248940403
Attention U-Net,RET_Topcon_5f00d030f20ae41591fc3ab521c21e29_slice078.png,1,385,444,0.9095295525819909
Attention U-Net,RET_Topcon_5f00d030f20ae41591fc3ab521c21e29_slice080.png,1,417,415,0.939903845024154
Attention U-Net,RET_Topcon_5f00d030f20ae41591fc3ab521c21e29_slice081.png,1,492,439,0.895810954999129
Attention U-Net,RET_Topcon_5f00d030f20ae41591fc3ab521c21e29_slice083.png,1,490,492,0.9246435835797927
Attention U-Net,RET_Topcon_5f00d030f20ae41591fc3ab521c21e29_slice084.png,1,468,500,0.9338842965559047
Attention U-Net,RET_Topcon_5f00d030f20ae41591fc3ab521c21e29_slice085.png,1,444,486,0.9075268807445948
Attention U-Net,RET_Topcon_5f00d030f20ae41591fc3ab521c21e29_slice086.png,1,414,421,0.9317365258302557
Attention U-Net,RET_Topcon_5f00d030f20ae41591fc3ab521c21e29_slice087.png,1,358,400,0.9129287586900676
Attention U-Net,RET_Topcon_5f00d030f20ae41591fc3ab521c21e29_slice088.png,1,358,370,0.9450549437567927
Attention U-Net,RET_Topcon_5f00d030f20ae41591fc3ab521c21e29_slice089.png,1,329,346,0.941877792933118
Attention U-Net,RET_Topcon_5f00d030f20ae41591fc3ab521c21e29_slice090.png,1,299,357,0.8628048767335291
Attention U-Net,RET_Topcon_5f00d030f20ae41591fc3ab521c21e29_slice091.png,1,393,362,0.8768211908916276
Attention U-Net,RET_Topcon_5f00d030f20ae41591fc3ab521c21e29_slice094.png,1,98,104,0.8415841542495834
Attention U-Net,RET_Topcon_5f00d030f20ae41591fc3ab521c21e29_slice098.png,1,31,25,0.7499999866071432
Attention U-Net,RET_Topcon_5f00d030f20ae41591fc3ab521c21e29_slice101.png,0,0,0,
Attention U-Net,RET_Topcon_5f00d030f20ae41591fc3ab521c21e29_slice107.png,1,13,23,0.7222222021604945
Attention U-Net,RET_Topcon_5f00d030f20ae41591fc3ab521c21e29_slice111.png,0,0,0,
Attention U-Net,RET_Topcon_628be4afa549cfc60031b1450215618b_slice001.png,1,1389,1402,0.9351486918899503
Attention U-Net,RET_Topcon_628be4afa549cfc60031b1450215618b_slice002.png,1,1307,1286,0.9491262132236403
Attention U-Net,RET_Topcon_628be4afa549cfc60031b1450215618b_slice003.png,1,1271,1261,0.941548182882485
Attention U-Net,RET_Topcon_628be4afa549cfc60031b1450215618b_slice004.png,1,1140,1112,0.9467140315511927
Attention U-Net,RET_Topcon_628be4afa549cfc60031b1450215618b_slice005.png,1,992,959,0.9410558683028929
Attention U-Net,RET_Topcon_628be4afa549cfc60031b1450215618b_slice006.png,1,842,842,0.9441805220046433
Attention U-Net,RET_Topcon_628be4afa549cfc60031b1450215618b_slice007.png,1,674,684,0.9263622968141662
Attention U-Net,RET_Topcon_628be4afa549cfc60031b1450215618b_slice009.png,1,499,502,0.9410589401188222
Attention U-Net,RET_Topcon_628be4afa549cfc60031b1450215618b_slice010.png,1,397,407,0.9129353222475929
Attention U-Net,RET_Topcon_628be4afa549cfc60031b1450215618b_slice011.png,1,441,473,0.9151047398951436
Attention U-Net,RET_Topcon_628be4afa549cfc60031b1450215618b_slice014.png,1,442,458,0.9111111100987654
Attention U-Net,RET_Topcon_628be4afa549cfc60031b1450215618b_slice015.png,1,337,382,0.9040333784366712
Attention U-Net,RET_Topcon_628be4afa549cfc60031b1450215618b_slice016.png,1,302,319,0.8953301112796617
Attention U-Net,RET_Topcon_628be4afa549cfc60031b1450215618b_slice017.png,1,270,265,0.9308411197554372
Attention U-Net,RET_Topcon_628be4afa549cfc60031b1450215618b_slice020.png,1,80,86,0.8915662596893599
Attention U-Net,RET_Topcon_628be4afa549cfc60031b1450215618b_slice022.png,1,29,21,0.7599999848000003
Attention U-Net,RET_Topcon_628be4afa549cfc60031b1450215618b_slice023.png,1,47,48,0.9473684110803325
Attention U-Net,RET_Topcon_628be4afa549cfc60031b1450215618b_slice024.png,1,33,38,0.8732394243205716
Attention U-Net,RET_Topcon_628be4afa549cfc60031b1450215618b_slice025.png,1,19,30,0.7346938625572681
Attention U-Net,RET_Topcon_628be4afa549cfc60031b1450215618b_slice030.png,0,0,1,
Attention U-Net,RET_Topcon_628be4afa549cfc60031b1450215618b_slice039.png,0,0,0,
Attention U-Net,RET_Topcon_628be4afa549cfc60031b1450215618b_slice047.png,0,0,0,
Attention U-Net,RET_Topcon_6a415aca0a1cebc8412615b6ea906727_slice001.png,0,0,0,
Attention U-Net,RET_Topcon_6a415aca0a1cebc8412615b6ea906727_slice006.png,0,0,0,
Attention U-Net,RET_Topcon_6a415aca0a1cebc8412615b6ea906727_slice011.png,0,0,0,
Attention U-Net,RET_Topcon_6a415aca0a1cebc8412615b6ea906727_slice021.png,1,213,295,0.8898876384496907
Attention U-Net,RET_Topcon_6a415aca0a1cebc8412615b6ea906727_slice023.png,1,361,425,0.9039795079157603
Attention U-Net,RET_Topcon_6a415aca0a1cebc8412615b6ea906727_slice024.png,1,421,516,0.8648607099400647
Attention U-Net,RET_Topcon_6a415aca0a1cebc8412615b6ea906727_slice026.png,1,557,575,0.8823112584416326
Attention U-Net,RET_Topcon_6a415aca0a1cebc8412615b6ea906727_slice028.png,1,877,854,0.888670358093637
Attention U-Net,RET_Topcon_6a415aca0a1cebc8412615b6ea906727_slice029.png,1,1305,1287,0.9218107430248117
Attention U-Net,RET_Topcon_6a415aca0a1cebc8412615b6ea906727_slice031.png,1,1468,1684,0.868135548676155
Attention U-Net,RET_Topcon_6a415aca0a1cebc8412615b6ea906727_slice033.png,1,1875,1888,0.9114099362442296
Attention U-Net,RET_Topcon_6a415aca0a1cebc8412615b6ea906727_slice034.png,1,1925,2024,0.9081323498118801
Attention U-Net,RET_Topcon_6a415aca0a1cebc8412615b6ea906727_slice036.png,1,2400,2439,0.918452677678768
Attention U-Net,RET_Topcon_6a415aca0a1cebc8412615b6ea906727_slice037.png,1,2523,2698,0.9216665342203896
Attention U-Net,RET_Topcon_6a415aca0a1cebc8412615b6ea906727_slice038.png,1,3199,2919,0.8988674997386437
Attention U-Net,RET_Topcon_6a415aca0a1cebc8412615b6ea906727_slice039.png,1,2895,2894,0.9312900135738172
Attention U-Net,RET_Topcon_6a415aca0a1cebc8412615b6ea906727_slice043.png,1,4183,3964,0.9265904328541411
Attention U-Net,RET_Topcon_6a415aca0a1cebc8412615b6ea906727_slice045.png,1,4747,4470,0.9138574831514288
Attention U-Net,RET_Topcon_6a415aca0a1cebc8412615b6ea906727_slice047.png,1,4990,4751,0.9271145149606719
Attention U-Net,RET_Topcon_6a415aca0a1cebc8412615b6ea906727_slice048.png,1,5243,4953,0.9183329406933158
Attention U-Net,RET_Topcon_6a415aca0a1cebc8412615b6ea906727_slice049.png,1,3929,4054,0.8913335920623477
Attention U-Net,RET_Topcon_6a415aca0a1cebc8412615b6ea906727_slice050.png,1,4816,4509,0.893394557343034
Attention U-Net,RET_Topcon_6a415aca0a1cebc8412615b6ea906727_slice051.png,1,4856,4844,0.960412371035009
Attention U-Net,RET_Topcon_6a415aca0a1cebc8412615b6ea906727_slice052.png,1,5462,5433,0.9543827442905568
Attention U-Net,RET_Topcon_6a415aca0a1cebc8412615b6ea906727_slice053.png,1,5274,5285,0.9508476180556068
Attention U-Net,RET_Topcon_6a415aca0a1cebc8412615b6ea906727_slice056.png,1,6102,6036,0.9578184214073308
Attention U-Net,RET_Topcon_6a415aca0a1cebc8412615b6ea906727_slice057.png,1,6250,6361,0.965506303943739
Attention U-Net,RET_Topcon_6a415aca0a1cebc8412615b6ea906727_slice058.png,1,6777,6723,0.9232201714916439
Attention U-Net,RET_Topcon_6a415aca0a1cebc8412615b6ea906727_slice059.png,1,5980,6314,0.8194297873556489
Attention U-Net,RET_Topcon_6a415aca0a1cebc8412615b6ea906727_slice061.png,1,5945,5907,0.9149293345286416
Attention U-Net,RET_Topcon_6a415aca0a1cebc8412615b6ea906727_slice062.png,1,6289,6110,0.9221784793602912
Attention U-Net,RET_Topcon_6a415aca0a1cebc8412615b6ea906727_slice063.png,1,6580,6529,0.9497918173449944
Attention U-Net,RET_Topcon_6a415aca0a1cebc8412615b6ea906727_slice064.png,1,6505,6404,0.9114512941762992
Attention U-Net,RET_Topcon_6a415aca0a1cebc8412615b6ea906727_slice065.png,1,6825,6620,0.9455034608529302
Attention U-Net,RET_Topcon_6a415aca0a1cebc8412615b6ea906727_slice067.png,1,6307,6179,0.967323402133003
Attention U-Net,RET_Topcon_6a415aca0a1cebc8412615b6ea906727_slice068.png,1,6762,6572,0.9642857142133638
Attention U-Net,RET_Topcon_6a415aca0a1cebc8412615b6ea906727_slice070.png,1,7015,6614,0.9554626164094605
Attention U-Net,RET_Topcon_6a415aca0a1cebc8412615b6ea906727_slice071.png,1,6415,6453,0.9706248056441852
Attention U-Net,RET_Topcon_6a415aca0a1cebc8412615b6ea906727_slice072.png,1,6194,6401,0.9703850733647967
Attention U-Net,RET_Topcon_6a415aca0a1cebc8412615b6ea906727_slice073.png,1,7440,7506,0.9757405172915332
Attention U-Net,RET_Topcon_6a415aca0a1cebc8412615b6ea906727_slice076.png,1,7884,7790,0.8935906708737631
Attention U-Net,RET_Topcon_6a415aca0a1cebc8412615b6ea906727_slice077.png,1,7952,7784,0.8840257968928436
Attention U-Net,RET_Topcon_6a415aca0a1cebc8412615b6ea906727_slice078.png,1,7280,7136,0.8375549466198803
Attention U-Net,RET_Topcon_6a415aca0a1cebc8412615b6ea906727_slice079.png,1,6742,6727,0.8962064374558845
Attention U-Net,RET_Topcon_6a415aca0a1cebc8412615b6ea906727_slice080.png,1,6470,6385,0.9257161553498965
Attention U-Net,RET_Topcon_6a415aca0a1cebc8412615b6ea906727_slice081.png,1,6471,6381,0.7837094836011093
Attention U-Net,RET_Topcon_6a415aca0a1cebc8412615b6ea906727_slice082.png,1,6101,6036,0.8673485318975729
Attention U-Net,RET_Topcon_6a415aca0a1cebc8412615b6ea906727_slice083.png,1,6082,5811,0.9024689297471948
Attention U-Net,RET_Topcon_6a415aca0a1cebc8412615b6ea906727_slice084.png,1,5106,5088,0.9232216759640257
Attention U-Net,RET_Topcon_6a415aca0a1cebc8412615b6ea906727_slice085.png,1,5286,5064,0.9103792529583861
Attention U-Net,RET_Topcon_6a415aca0a1cebc8412615b6ea906727_slice087.png,1,5722,5756,0.9175511055915717
Attention U-Net,RET_Topcon_6a415aca0a1cebc8412615b6ea906727_slice088.png,1,5486,5494,0.9286197111539367
Attention U-Net,RET_Topcon_6a415aca0a1cebc8412615b6ea906727_slice089.png,1,6082,5529,0.9195128897266638
Attention U-Net,RET_Topcon_6a415aca0a1cebc8412615b6ea906727_slice091.png,1,5030,4972,0.932660906452204
Attention U-Net,RET_Topcon_6a415aca0a1cebc8412615b6ea906727_slice092.png,1,4905,4948,0.9210725076237415
Attention U-Net,RET_Topcon_6a415aca0a1cebc8412615b6ea906727_slice093.png,1,3176,3347,0.9030739559196053
Attention U-Net,RET_Topcon_6a415aca0a1cebc8412615b6ea906727_slice094.png,1,2921,3326,0.8923273066821362
Attention U-Net,RET_Topcon_6a415aca0a1cebc8412615b6ea906727_slice096.png,1,3913,3797,0.9228801941073306
Attention U-Net,RET_Topcon_6a415aca0a1cebc8412615b6ea906727_slice098.png,1,3360,3478,0.9228402885349589
Attention U-Net,RET_Topcon_6a415aca0a1cebc8412615b6ea906727_slice100.png,1,3055,3105,0.9146861376687305
Attention U-Net,RET_Topcon_6a415aca0a1cebc8412615b6ea906727_slice101.png,1,2820,2939,0.9235612104966986
Attention U-Net,RET_Topcon_6a415aca0a1cebc8412615b6ea906727_slice102.png,1,3069,2995,0.9242160147726715
Attention U-Net,RET_Topcon_6a415aca0a1cebc8412615b6ea906727_slice103.png,1,3196,2833,0.8651606476451831
Attention U-Net,RET_Topcon_6a415aca0a1cebc8412615b6ea906727_slice104.png,1,2324,2379,0.9085585788414379
Attention U-Net,RET_Topcon_6a415aca0a1cebc8412615b6ea906727_slice106.png,1,2273,2320,0.9123259462777211
Attention U-Net,RET_Topcon_6a415aca0a1cebc8412615b6ea906727_slice107.png,1,2282,2122,0.9098631326394448
Attention U-Net,RET_Topcon_6a415aca0a1cebc8412615b6ea906727_slice109.png,1,1819,1848,0.89621800656477
Attention U-Net,RET_Topcon_6a415aca0a1cebc8412615b6ea906727_slice112.png,1,1090,1107,0.8811266152420657
Attention U-Net,RET_Topcon_6a415aca0a1cebc8412615b6ea906727_slice113.png,1,895,881,0.8710336219142798
Attention U-Net,RET_Topcon_6a415aca0a1cebc8412615b6ea906727_slice117.png,0,0,235,
Attention U-Net,RET_Topcon_6a415aca0a1cebc8412615b6ea906727_slice118.png,1,87,98,0.8603351907243845
Attention U-Net,RET_Topcon_6a415aca0a1cebc8412615b6ea906727_slice124.png,0,0,0,
Attention U-Net,RET_Topcon_6b8b347ce289f864c8ede14da9409f55_slice009.png,0,0,0,
Attention U-Net,RET_Topcon_6b8b347ce289f864c8ede14da9409f55_slice019.png,0,0,0,
Attention U-Net,RET_Topcon_6b8b347ce289f864c8ede14da9409f55_slice024.png,0,0,0,
Attention U-Net,RET_Topcon_6b8b347ce289f864c8ede14da9409f55_slice032.png,0,0,0,
Attention U-Net,RET_Topcon_6b8b347ce289f864c8ede14da9409f55_slice043.png,0,0,0,
Attention U-Net,RET_Topcon_6b8b347ce289f864c8ede14da9409f55_slice047.png,1,24,27,0.7843137101114959
Attention U-Net,RET_Topcon_6b8b347ce289f864c8ede14da9409f55_slice048.png,1,18,36,0.55555554526749
Attention U-Net,RET_Topcon_6b8b347ce289f864c8ede14da9409f55_slice050.png,1,93,93,0.5875706181493185
Attention U-Net,RET_Topcon_6b8b347ce289f864c8ede14da9409f55_slice051.png,1,111,83,0.7525773157083644
Attention U-Net,RET_Topcon_6b8b347ce289f864c8ede14da9409f55_slice052.png,1,135,181,0.7215189850584842
Attention U-Net,RET_Topcon_6b8b347ce289f864c8ede14da9409f55_slice053.png,1,166,127,0.7713310553879487
Attention U-Net,RET_Topcon_6b8b347ce289f864c8ede14da9409f55_slice054.png,1,172,209,0.7349081345540469
Attention U-Net,RET_Topcon_6b8b347ce289f864c8ede14da9409f55_slice055.png,1,215,245,0.7782608678733459
Attention U-Net,RET_Topcon_6b8b347ce289f864c8ede14da9409f55_slice057.png,1,476,455,0.8786251333204885
Attention U-Net,RET_Topcon_6b8b347ce289f864c8ede14da9409f55_slice061.png,1,742,778,0.9184210520273545
Attention U-Net,RET_Topcon_6b8b347ce289f864c8ede14da9409f55_slice062.png,1,927,856,0.9231632075585174
Attention U-Net,RET_Topcon_6b8b347ce289f864c8ede14da9409f55_slice063.png,1,895,946,0.9483976094794146
Attention U-Net,RET_Topcon_6b8b347ce289f864c8ede14da9409f55_slice065.png,1,969,978,0.9183359009150817
Attention U-Net,RET_Topcon_6b8b347ce289f864c8ede14da9409f55_slice066.png,1,1110,1094,0.9237749542088136
Attention U-Net,RET_Topcon_6b8b347ce289f864c8ede14da9409f55_slice071.png,1,719,685,0.9373219366543291
Attention U-Net,RET_Topcon_6b8b347ce289f864c8ede14da9409f55_slice072.png,1,427,384,0.8606658435750113
Attention U-Net,RET_Topcon_6b8b347ce289f864c8ede14da9409f55_slice073.png,1,183,173,0.8426966268463578
Attention U-Net,RET_Topcon_6b8b347ce289f864c8ede14da9409f55_slice074.png,1,116,144,0.8095238063114135
Attention U-Net,RET_Topcon_6b8b347ce289f864c8ede14da9409f55_slice076.png,1,63,72,0.7703703646639233
Attention U-Net,RET_Topcon_6b8b347ce289f864c8ede14da9409f55_slice077.png,1,149,125,0.7647058795415225
Attention U-Net,RET_Topcon_6b8b347ce289f864c8ede14da9409f55_slice078.png,1,78,73,0.7814569484671725
Attention U-Net,RET_Topcon_6b8b347ce289f864c8ede14da9409f55_slice079.png,1,50,39,0.8089887549551825
Attention U-Net,RET_Topcon_6b8b347ce289f864c8ede14da9409f55_slice080.png,1,34,32,0.6363636267217633
Attention U-Net,RET_Topcon_6b8b347ce289f864c8ede14da9409f55_slice082.png,0,0,0,
Attention U-Net,RET_Topcon_6b8b347ce289f864c8ede14da9409f55_slice093.png,0,0,0,
Attention U-Net,RET_Topcon_6b8b347ce289f864c8ede14da9409f55_slice116.png,0,0,0,
Attention U-Net,RET_Topcon_925be035f892c77a9455bf5246918c15_slice007.png,0,0,0,
Attention U-Net,RET_Topcon_925be035f892c77a9455bf5246918c15_slice023.png,1,11,12,0.8695651795841226
Attention U-Net,RET_Topcon_925be035f892c77a9455bf5246918c15_slice024.png,1,48,47,0.8421052542936289
Attention U-Net,RET_Topcon_925be035f892c77a9455bf5246918c15_slice026.png,1,41,55,0.8541666577690974
Attention U-Net,RET_Topcon_925be035f892c77a9455bf5246918c15_slice028.png,1,75,70,0.6758620643043995
Attention U-Net,RET_Topcon_925be035f892c77a9455bf5246918c15_slice030.png,1,51,63,0.7719298177900893
Attention U-Net,RET_Topcon_925be035f892c77a9455bf5246918c15_slice031.png,1,45,48,0.6236559072725172
Attention U-Net,RET_Topcon_925be035f892c77a9455bf5246918c15_slice032.png,1,135,138,0.8424908394047955
Attention U-Net,RET_Topcon_925be035f892c77a9455bf5246918c15_slice034.png,1,187,150,0.7774480689096497
Attention U-Net,RET_Topcon_925be035f892c77a9455bf5246918c15_slice036.png,1,142,183,0.7199999977846154
Attention U-Net,RET_Topcon_925be035f892c77a9455bf5246918c15_slice037.png,1,168,183,0.7521367499939124
Attention U-Net,RET_Topcon_925be035f892c77a9455bf5246918c15_slice039.png,1,219,246,0.7526881704243266
Attention U-Net,RET_Topcon_925be035f892c77a9455bf5246918c15_slice040.png,1,36,140,0.40909090676652893
Attention U-Net,RET_Topcon_925be035f892c77a9455bf5246918c15_slice042.png,1,90,105,0.8512820469165023
Attention U-Net,RET_Topcon_925be035f892c77a9455bf5246918c15_slice043.png,1,23,28,0.8627450811226455
Attention U-Net,RET_Topcon_925be035f892c77a9455bf5246918c15_slice044.png,1,202,203,0.7506172820972413
Attention U-Net,RET_Topcon_925be035f892c77a9455bf5246918c15_slice045.png,1,241,281,0.7854406115221444
Attention U-Net,RET_Topcon_925be035f892c77a9455bf5246918c15_slice046.png,1,238,240,0.7071129692319812
Attention U-Net,RET_Topcon_925be035f892c77a9455bf5246918c15_slice047.png,1,616,648,0.7895569614006669
Attention U-Net,RET_Topcon_925be035f892c77a9455bf5246918c15_slice048.png,1,489,533,0.7260273965498754
Attention U-Net,RET_Topcon_925be035f892c77a9455bf5246918c15_slice049.png,1,348,449,0.7553324959155175
Attention U-Net,RET_Topcon_925be035f892c77a9455bf5246918c15_slice050.png,1,597,772,0.7713659599916975
Attention U-Net,RET_Topcon_925be035f892c77a9455bf5246918c15_slice051.png,1,695,778,0.7141887299971563
Attention U-Net,RET_Topcon_925be035f892c77a9455bf5246918c15_slice053.png,1,780,981,0.7223168650072022
Attention U-Net,RET_Topcon_925be035f892c77a9455bf5246918c15_slice055.png,1,926,1136,0.787584868677214
Attention U-Net,RET_Topcon_925be035f892c77a9455bf5246918c15_slice056.png,1,731,1200,0.715078963915444
Attention U-Net,RET_Topcon_925be035f892c77a9455bf5246918c15_slice057.png,1,1495,1445,0.833160621473865
Attention U-Net,RET_Topcon_925be035f892c77a9455bf5246918c15_slice058.png,1,1282,1345,0.8449612399825732
Attention U-Net,RET_Topcon_925be035f892c77a9455bf5246918c15_slice060.png,1,1696,1540,0.8537836406145102
Attention U-Net,RET_Topcon_925be035f892c77a9455bf5246918c15_slice062.png,1,2087,2002,0.9111255418947982
Attention U-Net,RET_Topcon_925be035f892c77a9455bf5246918c15_slice063.png,1,1563,1677,0.8409996131594514
Attention U-Net,RET_Topcon_925be035f892c77a9455bf5246918c15_slice064.png,1,1228,1278,0.828208542812505
Attention U-Net,RET_Topcon_925be035f892c77a9455bf5246918c15_slice065.png,1,1546,1693,0.8094860451416935
Attention U-Net,RET_Topcon_925be035f892c77a9455bf5246918c15_slice067.png,1,2647,2312,0.8845967106685746
Attention U-Net,RET_Topcon_925be035f892c77a9455bf5246918c15_slice068.png,1,1952,2027,0.7841496500120274
Attention U-Net,RET_Topcon_925be035f892c77a9455bf5246918c15_slice069.png,1,1491,1719,0.8525210898952145
Attention U-Net,RET_Topcon_925be035f892c77a9455bf5246918c15_slice070.png,1,1177,1330,0.8559664112647933
Attention U-Net,RET_Topcon_925be035f892c77a9455bf5246918c15_slice071.png,1,1657,1733,0.8857950468807025
Attention U-Net,RET_Topcon_925be035f892c77a9455bf5246918c15_slice072.png,1,1317,1697,0.8575335715944977
Attention U-Net,RET_Topcon_925be035f892c77a9455bf5246918c15_slice073.png,1,1081,1151,0.8986824166748376
Attention U-Net,RET_Topcon_925be035f892c77a9455bf5246918c15_slice074.png,1,1117,1288,0.8228379509559874
Attention U-Net,RET_Topcon_925be035f892c77a9455bf5246918c15_slice075.png,1,976,1072,0.843734397981161
Attention U-Net,RET_Topcon_925be035f892c77a9455bf5246918c15_slice076.png,1,992,1115,0.8593523437122512
Attention U-Net,RET_Topcon_925be035f892c77a9455bf5246918c15_slice077.png,1,813,859,0.797846889474972
Attention U-Net,RET_Topcon_925be035f892c77a9455bf5246918c15_slice078.png,1,750,906,0.7822384423465703
Attention U-Net,RET_Topcon_925be035f892c77a9455bf5246918c15_slice079.png,1,641,670,0.807017543244075
Attention U-Net,RET_Topcon_925be035f892c77a9455bf5246918c15_slice080.png,1,510,431,0.7460148769967961
Attention U-Net,RET_Topcon_925be035f892c77a9455bf5246918c15_slice081.png,1,282,322,0.8311258264385334
Attention U-Net,RET_Topcon_925be035f892c77a9455bf5246918c15_slice082.png,1,140,183,0.7244582020914607
Attention U-Net,RET_Topcon_925be035f892c77a9455bf5246918c15_slice083.png,1,132,144,0.8260869535286705
Attention U-Net,RET_Topcon_925be035f892c77a9455bf5246918c15_slice084.png,1,110,98,0.7211538426867604
Attention U-Net,RET_Topcon_925be035f892c77a9455bf5246918c15_slice086.png,1,171,162,0.8288288263398533
Attention U-Net,RET_Topcon_925be035f892c77a9455bf5246918c15_slice088.png,1,32,35,0.8059701372243263
Attention U-Net,RET_Topcon_925be035f892c77a9455bf5246918c15_slice089.png,1,146,158,0.8157894710006925
Attention U-Net,RET_Topcon_925be035f892c77a9455bf5246918c15_slice090.png,1,97,98,0.7794871754898094
Attention U-Net,RET_Topcon_925be035f892c77a9455bf5246918c15_slice091.png,1,96,118,0.7943925196523715
Attention U-Net,RET_Topcon_925be035f892c77a9455bf5246918c15_slice092.png,1,60,79,0.6906474770457016
Attention U-Net,RET_Topcon_925be035f892c77a9455bf5246918c15_slice093.png,1,100,103,0.7684729026183601
Attention U-Net,RET_Topcon_925be035f892c77a9455bf5246918c15_slice095.png,1,43,54,0.7835051465618026
Attention U-Net,RET_Topcon_925be035f892c77a9455bf5246918c15_slice096.png,1,58,55,0.8495575146056857
Attention U-Net,RET_Topcon_925be035f892c77a9455bf5246918c15_slice099.png,1,63,70,0.8270676629543785
Attention U-Net,RET_Topcon_925be035f892c77a9455bf5246918c15_slice100.png,1,30,37,0.8059701372243263
Attention U-Net,RET_Topcon_925be035f892c77a9455bf5246918c15_slice118.png,0,0,0,
Attention U-Net,RET_Topcon_9dec9f34c1ec8f000b9dd6ff567ba95a_slice001.png,0,0,0,
Attention U-Net,RET_Topcon_9dec9f34c1ec8f000b9dd6ff567ba95a_slice011.png,0,0,0,
Attention U-Net,RET_Topcon_9dec9f34c1ec8f000b9dd6ff567ba95a_slice013.png,0,0,0,
Attention U-Net,RET_Topcon_9dec9f34c1ec8f000b9dd6ff567ba95a_slice041.png,0,0,89,
Attention U-Net,RET_Topcon_9dec9f34c1ec8f000b9dd6ff567ba95a_slice044.png,1,421,355,0.6984536073473536
Attention U-Net,RET_Topcon_9dec9f34c1ec8f000b9dd6ff567ba95a_slice045.png,1,286,221,0.6982248506938366
Attention U-Net,RET_Topcon_9dec9f34c1ec8f000b9dd6ff567ba95a_slice049.png,1,273,294,0.7795414448332603
Attention U-Net,RET_Topcon_9dec9f34c1ec8f000b9dd6ff567ba95a_slice052.png,1,741,798,0.7693307337431249
Attention U-Net,RET_Topcon_9dec9f34c1ec8f000b9dd6ff567ba95a_slice054.png,1,608,1005,0.711717296520944
Attention U-Net,RET_Topcon_9dec9f34c1ec8f000b9dd6ff567ba95a_slice055.png,1,1621,1532,0.8074849347264558
Attention U-Net,RET_Topcon_9dec9f34c1ec8f000b9dd6ff567ba95a_slice056.png,1,1259,1337,0.74422187952842
Attention U-Net,RET_Topcon_9dec9f34c1ec8f000b9dd6ff567ba95a_slice057.png,1,1816,1726,0.8605307733313013
Attention U-Net,RET_Topcon_9dec9f34c1ec8f000b9dd6ff567ba95a_slice058.png,1,2288,2124,0.8422484132270516
Attention U-Net,RET_Topcon_9dec9f34c1ec8f000b9dd6ff567ba95a_slice059.png,1,2269,2142,0.8574019494768982
Attention U-Net,RET_Topcon_9dec9f34c1ec8f000b9dd6ff567ba95a_slice060.png,1,1997,2103,0.8565853656447352
Attention U-Net,RET_Topcon_9dec9f34c1ec8f000b9dd6ff567ba95a_slice061.png,1,2190,2335,0.8362430937378468
Attention U-Net,RET_Topcon_9dec9f34c1ec8f000b9dd6ff567ba95a_slice062.png,1,1705,1918,0.9058791054634615
Attention U-Net,RET_Topcon_9dec9f34c1ec8f000b9dd6ff567ba95a_slice063.png,1,2481,2724,0.8207492793812201
Attention U-Net,RET_Topcon_9dec9f34c1ec8f000b9dd6ff567ba95a_slice064.png,1,3076,2921,0.9181257293783348
Attention U-Net,RET_Topcon_9dec9f34c1ec8f000b9dd6ff567ba95a_slice066.png,1,2693,2754,0.9333578114680818
Attention U-Net,RET_Topcon_9dec9f34c1ec8f000b9dd6ff567ba95a_slice068.png,1,2649,2552,0.9202076521976144
Attention U-Net,RET_Topcon_9dec9f34c1ec8f000b9dd6ff567ba95a_slice070.png,1,2870,2453,0.8874694719354744
Attention U-Net,RET_Topcon_9dec9f34c1ec8f000b9dd6ff567ba95a_slice071.png,1,1869,1730,0.8613503748648652
Attention U-Net,RET_Topcon_9dec9f34c1ec8f000b9dd6ff567ba95a_slice072.png,1,1868,1688,0.8402699660179218
Attention U-Net,RET_Topcon_9dec9f34c1ec8f000b9dd6ff567ba95a_slice075.png,1,1111,1165,0.8717047447839611
Attention U-Net,RET_Topcon_9dec9f34c1ec8f000b9dd6ff567ba95a_slice076.png,1,1378,1219,0.7208317286404191
Attention U-Net,RET_Topcon_9dec9f34c1ec8f000b9dd6ff567ba95a_slice078.png,1,673,781,0.7290233832675217
Attention U-Net,RET_Topcon_9dec9f34c1ec8f000b9dd6ff567ba95a_slice080.png,1,98,114,0.8679245242079032
Attention U-Net,RET_Topcon_9dec9f34c1ec8f000b9dd6ff567ba95a_slice081.png,1,41,49,0.8666666570370372
Attention U-Net,RET_Topcon_9dec9f34c1ec8f000b9dd6ff567ba95a_slice083.png,1,200,184,0.8437499978027344
Attention U-Net,RET_Topcon_9dec9f34c1ec8f000b9dd6ff567ba95a_slice090.png,1,53,51,0.8461538380177516
Attention U-Net,RET_Topcon_9dec9f34c1ec8f000b9dd6ff567ba95a_slice127.png,1,377,306,0.6793557823142667
Attention U-Net,RET_Topcon_b234f4b5ba132fde92c5ae2f7078f978_slice019.png,0,0,0,
Attention U-Net,RET_Topcon_b234f4b5ba132fde92c5ae2f7078f978_slice024.png,0,0,0,
Attention U-Net,RET_Topcon_b234f4b5ba132fde92c5ae2f7078f978_slice026.png,0,0,0,
Attention U-Net,RET_Topcon_b234f4b5ba132fde92c5ae2f7078f978_slice029.png,1,28,34,0.7419354719042666
Attention U-Net,RET_Topcon_b234f4b5ba132fde92c5ae2f7078f978_slice030.png,1,29,39,0.7941176353806231
Attention U-Net,RET_Topcon_b234f4b5ba132fde92c5ae2f7078f978_slice032.png,1,83,93,0.8295454498321282
Attention U-Net,RET_Topcon_b234f4b5ba132fde92c5ae2f7078f978_slice033.png,1,120,114,0.8290598255168383
Attention U-Net,RET_Topcon_b234f4b5ba132fde92c5ae2f7078f978_slice034.png,1,162,141,0.838283825616225
Attention U-Net,RET_Topcon_b234f4b5ba132fde92c5ae2f7078f978_slice037.png,1,464,445,0.7481661187928479
Attention U-Net,RET_Topcon_b234f4b5ba132fde92c5ae2f7078f978_slice039.png,1,919,921,0.7614158561312773
Attention U-Net,RET_Topcon_b234f4b5ba132fde92c5ae2f7078f978_slice040.png,1,876,982,0.8450281800135002
Attention U-Net,RET_Topcon_b234f4b5ba132fde92c5ae2f7078f978_slice041.png,1,850,855,0.814926250584351
Attention U-Net,RET_Topcon_b234f4b5ba132fde92c5ae2f7078f978_slice042.png,1,1341,1345,0.7976501184859188
Attention U-Net,RET_Topcon_b234f4b5ba132fde92c5ae2f7078f978_slice044.png,1,984,971,0.8324570926454791
Attention U-Net,RET_Topcon_b234f4b5ba132fde92c5ae2f7078f978_slice045.png,1,850,956,0.8038903181300228
Attention U-Net,RET_Topcon_b234f4b5ba132fde92c5ae2f7078f978_slice046.png,1,1235,1289,0.8112288804692617
Attention U-Net,RET_Topcon_b234f4b5ba132fde92c5ae2f7078f978_slice047.png,1,1440,1466,0.844680448418925
Attention U-Net,RET_Topcon_b234f4b5ba132fde92c5ae2f7078f978_slice048.png,1,1541,1608,0.8077303764505902
Attention U-Net,RET_Topcon_b234f4b5ba132fde92c5ae2f7078f978_slice050.png,1,1489,1553,0.8407665563738066
Attention U-Net,RET_Topcon_b234f4b5ba132fde92c5ae2f7078f978_slice053.png,1,1803,1878,0.8818991310008014
Attention U-Net,RET_Topcon_b234f4b5ba132fde92c5ae2f7078f978_slice056.png,1,2544,2511,0.9255938163555725
Attention U-Net,RET_Topcon_b234f4b5ba132fde92c5ae2f7078f978_slice057.png,1,2621,2784,0.867866860296
Attention U-Net,RET_Topcon_b234f4b5ba132fde92c5ae2f7078f978_slice058.png,1,2789,2896,0.9054393718330612
Attention U-Net,RET_Topcon_b234f4b5ba132fde92c5ae2f7078f978_slice059.png,1,2863,3024,0.9347405065054706
Attention U-Net,RET_Topcon_b234f4b5ba132fde92c5ae2f7078f978_slice060.png,1,2998,3037,0.895113292997729
Attention U-Net,RET_Topcon_b234f4b5ba132fde92c5ae2f7078f978_slice061.png,1,2649,2846,0.876419376067849
Attention U-Net,RET_Topcon_b234f4b5ba132fde92c5ae2f7078f978_slice062.png,1,2729,2975,0.8969791514270773
Attention U-Net,RET_Topcon_b234f4b5ba132fde92c5ae2f7078f978_slice063.png,1,2915,3360,0.9020774016517445
Attention U-Net,RET_Topcon_b234f4b5ba132fde92c5ae2f7078f978_slice064.png,1,3424,3470,0.9232764392384993
Attention U-Net,RET_Topcon_b234f4b5ba132fde92c5ae2f7078f978_slice065.png,1,3676,3586,0.8943596352736352
Attention U-Net,RET_Topcon_b234f4b5ba132fde92c5ae2f7078f978_slice066.png,1,3859,3689,0.9179301163310726
Attention U-Net,RET_Topcon_b234f4b5ba132fde92c5ae2f7078f978_slice068.png,1,3585,3542,0.910175141757669
Attention U-Net,RET_Topcon_b234f4b5ba132fde92c5ae2f7078f978_slice069.png,1,3318,3473,0.9038930049855316
Attention U-Net,RET_Topcon_b234f4b5ba132fde92c5ae2f7078f978_slice070.png,1,3603,3590,0.9056559794167359
Attention U-Net,RET_Topcon_b234f4b5ba132fde92c5ae2f7078f978_slice071.png,1,3401,3282,0.8768456073940228
Attention U-Net,RET_Topcon_b234f4b5ba132fde92c5ae2f7078f978_slice072.png,1,2931,2991,0.918336758424
Attention U-Net,RET_Topcon_b234f4b5ba132fde92c5ae2f7078f978_slice073.png,1,3107,3257,0.8654322240005076
Attention U-Net,RET_Topcon_b234f4b5ba132fde92c5ae2f7078f978_slice076.png,1,3095,3096,0.9239403156889804
Attention U-Net,RET_Topcon_b234f4b5ba132fde92c5ae2f7078f978_slice077.png,1,2611,2771,0.8803600978994387
Attention U-Net,RET_Topcon_b234f4b5ba132fde92c5ae2f7078f978_slice078.png,1,2620,2624,0.9192431532476562
Attention U-Net,RET_Topcon_b234f4b5ba132fde92c5ae2f7078f978_slice079.png,1,2743,2565,0.8997114130682161
Attention U-Net,RET_Topcon_b234f4b5ba132fde92c5ae2f7078f978_slice081.png,1,2074,2167,0.896638290226044
Attention U-Net,RET_Topcon_b234f4b5ba132fde92c5ae2f7078f978_slice083.png,1,1641,1637,0.8872779717579218
Attention U-Net,RET_Topcon_b234f4b5ba132fde92c5ae2f7078f978_slice086.png,1,1129,1107,0.8032370114996503
Attention U-Net,RET_Topcon_b234f4b5ba132fde92c5ae2f7078f978_slice088.png,1,771,796,0.5717001842479769
Attention U-Net,RET_Topcon_b234f4b5ba132fde92c5ae2f7078f978_slice089.png,1,922,827,0.9247765680945734
Attention U-Net,RET_Topcon_b234f4b5ba132fde92c5ae2f7078f978_slice090.png,1,875,847,0.7887408944103964
Attention U-Net,RET_Topcon_b234f4b5ba132fde92c5ae2f7078f978_slice091.png,1,773,880,0.7969715951278502
Attention U-Net,RET_Topcon_b234f4b5ba132fde92c5ae2f7078f978_slice093.png,1,863,931,0.8905398373308553
Attention U-Net,RET_Topcon_b234f4b5ba132fde92c5ae2f7078f978_slice094.png,1,1717,1463,0.8586298980075338
Attention U-Net,RET_Topcon_b234f4b5ba132fde92c5ae2f7078f978_slice097.png,1,1138,1155,0.8687309198130262
Attention U-Net,RET_Topcon_b234f4b5ba132fde92c5ae2f7078f978_slice099.png,1,967,998,0.8631043252605066
Attention U-Net,RET_Topcon_b234f4b5ba132fde92c5ae2f7078f978_slice100.png,1,875,865,0.8735632178887567
Attention U-Net,RET_Topcon_b234f4b5ba132fde92c5ae2f7078f978_slice101.png,1,843,839,0.895362662963518
Attention U-Net,RET_Topcon_b234f4b5ba132fde92c5ae2f7078f978_slice102.png,1,624,704,0.8328313246740727
Attention U-Net,RET_Topcon_b234f4b5ba132fde92c5ae2f7078f978_slice105.png,1,527,507,0.8433268850644807
Attention U-Net,RET_Topcon_b234f4b5ba132fde92c5ae2f7078f978_slice112.png,0,0,0,
Attention U-Net,RET_Topcon_b3a9a299f36f21e5eae9820485f956cb_slice000.png,1,321,333,0.7951070324233838
Attention U-Net,RET_Topcon_b3a9a299f36f21e5eae9820485f956cb_slice001.png,1,162,263,0.6729411748871973
Attention U-Net,RET_Topcon_b3a9a299f36f21e5eae9820485f956cb_slice002.png,1,215,282,0.7404426544457894
Attention U-Net,RET_Topcon_b3a9a299f36f21e5eae9820485f956cb_slice003.png,1,182,222,0.7970297009974512
Attention U-Net,RET_Topcon_b3a9a299f36f21e5eae9820485f956cb_slice004.png,1,179,316,0.6949494935455566
Attention U-Net,RET_Topcon_b3a9a299f36f21e5eae9820485f956cb_slice005.png,1,217,335,0.6666666654589372
Attention U-Net,RET_Topcon_b3a9a299f36f21e5eae9820485f956cb_slice006.png,1,206,309,0.6951456297181638
Attention U-Net,RET_Topcon_b3a9a299f36f21e5eae9820485f956cb_slice007.png,1,194,256,0.7422222205728395
Attention U-Net,RET_Topcon_b3a9a299f36f21e5eae9820485f956cb_slice009.png,1,349,366,0.813986012847572
Attention U-Net,RET_Topcon_b3a9a299f36f21e5eae9820485f956cb_slice010.png,1,300,358,0.8480243148206318
Attention U-Net,RET_Topcon_b3a9a299f36f21e5eae9820485f956cb_slice012.png,1,273,294,0.8465608450677939
Attention U-Net,RET_Topcon_b3a9a299f36f21e5eae9820485f956cb_slice013.png,1,372,348,0.8583333321412037
Attention U-Net,RET_Topcon_b3a9a299f36f21e5eae9820485f956cb_slice014.png,1,270,281,0.9001814865695436
Attention U-Net,RET_Topcon_b3a9a299f36f21e5eae9820485f956cb_slice015.png,1,254,252,0.9051383381321376
Attention U-Net,RET_Topcon_b3a9a299f36f21e5eae9820485f956cb_slice017.png,1,116,126,0.8760330542312684
Attention U-Net,RET_Topcon_b3a9a299f36f21e5eae9820485f956cb_slice018.png,1,102,109,0.9099526023224995
Attention U-Net,RET_Topcon_b3a9a299f36f21e5eae9820485f956cb_slice019.png,1,92,99,0.9005235554946411
Attention U-Net,RET_Topcon_b3a9a299f36f21e5eae9820485f956cb_slice020.png,1,118,129,0.8421052597485618
Attention U-Net,RET_Topcon_b3a9a299f36f21e5eae9820485f956cb_slice021.png,1,68,64,0.8484848420569331
Attention U-Net,RET_Topcon_b3a9a299f36f21e5eae9820485f956cb_slice022.png,1,75,69,0.8472222163387346
Attention U-Net,RET_Topcon_b3a9a299f36f21e5eae9820485f956cb_slice023.png,1,49,44,0.8817204206266621
Attention U-Net,RET_Topcon_b3a9a299f36f21e5eae9820485f956cb_slice024.png,1,37,36,0.8219177969600302
Attention U-Net,RET_Topcon_b3a9a299f36f21e5eae9820485f956cb_slice025.png,1,39,57,0.6874999928385418
Attention U-Net,RET_Topcon_b3a9a299f36f21e5eae9820485f956cb_slice053.png,0,0,0,
Attention U-Net,RET_Topcon_c5489bcaca57fff4063522634d89f4ae_slice001.png,0,0,0,
Attention U-Net,RET_Topcon_c5489bcaca57fff4063522634d89f4ae_slice009.png,1,84,78,0.8148148097850938
Attention U-Net,RET_Topcon_c5489bcaca57fff4063522634d89f4ae_slice015.png,0,0,0,
Attention U-Net,RET_Topcon_c5489bcaca57fff4063522634d89f4ae_slice019.png,0,0,0,
Attention U-Net,RET_Topcon_c5489bcaca57fff4063522634d89f4ae_slice047.png,1,70,62,0.9242424172405878
Attention U-Net,RET_Topcon_c5489bcaca57fff4063522634d89f4ae_slice049.png,1,111,94,0.8780487762046402
Attention U-Net,RET_Topcon_c5489bcaca57fff4063522634d89f4ae_slice050.png,1,82,82,0.8658536532569899
Attention U-Net,RET_Topcon_c5489bcaca57fff4063522634d89f4ae_slice051.png,1,55,42,0.8659793725156766
Attention U-Net,RET_Topcon_c5489bcaca57fff4063522634d89f4ae_slice054.png,1,188,165,0.902857140277551
Attention U-Net,RET_Topcon_c5489bcaca57fff4063522634d89f4ae_slice056.png,1,1090,1130,0.9234640443968151
Attention U-Net,RET_Topcon_c5489bcaca57fff4063522634d89f4ae_slice057.png,1,1059,1107,0.8912756560544841
Attention U-Net,RET_Topcon_c5489bcaca57fff4063522634d89f4ae_slice058.png,1,1187,1155,0.9094917915172958
Attention U-Net,RET_Topcon_c5489bcaca57fff4063522634d89f4ae_slice059.png,1,1250,1221,0.9200017095760327
Attention U-Net,RET_Topcon_c5489bcaca57fff4063522634d89f4ae_slice060.png,1,1273,1230,0.8983461022829322
Attention U-Net,RET_Topcon_c5489bcaca57fff4063522634d89f4ae_slice061.png,1,1121,1183,0.8481761636776439
Attention U-Net,RET_Topcon_c5489bcaca57fff4063522634d89f4ae_slice063.png,1,1229,1280,0.9177078902142886
Attention U-Net,RET_Topcon_c5489bcaca57fff4063522634d89f4ae_slice064.png,1,1232,1314,0.8718475839871742
Attention U-Net,RET_Topcon_c5489bcaca57fff4063522634d89f4ae_slice065.png,1,1317,1313,0.884744893552057
Attention U-Net,RET_Topcon_c5489bcaca57fff4063522634d89f4ae_slice066.png,1,1192,1225,0.9031089986699605
Attention U-Net,RET_Topcon_c5489bcaca57fff4063522634d89f4ae_slice067.png,1,1163,1180,0.8367461276997624
Attention U-Net,RET_Topcon_c5489bcaca57fff4063522634d89f4ae_slice071.png,1,1133,1119,0.9389038630103756
Attention U-Net,RET_Topcon_c5489bcaca57fff4063522634d89f4ae_slice072.png,1,1070,1144,0.9486596997052887
Attention U-Net,RET_Topcon_c5489bcaca57fff4063522634d89f4ae_slice074.png,1,1070,1149,0.9473684206227911
Attention U-Net,RET_Topcon_c5489bcaca57fff4063522634d89f4ae_slice075.png,1,1089,1149,0.9431407937982217
Attention U-Net,RET_Topcon_c5489bcaca57fff4063522634d89f4ae_slice076.png,1,1061,1089,0.9356505397202206
Attention U-Net,RET_Topcon_c5489bcaca57fff4063522634d89f4ae_slice077.png,1,1160,1062,0.9142599273852619
Attention U-Net,RET_Topcon_c5489bcaca57fff4063522634d89f4ae_slice079.png,1,1200,1098,0.9176161258029728
Attention U-Net,RET_Topcon_c5489bcaca57fff4063522634d89f4ae_slice081.png,1,1145,1171,0.8885712631832049
Attention U-Net,RET_Topcon_c5489bcaca57fff4063522634d89f4ae_slice083.png,1,1100,1135,0.9247311823813928
Attention U-Net,RET_Topcon_c5489bcaca57fff4063522634d89f4ae_slice085.png,1,1180,1181,0.9525032088350436
Attention U-Net,RET_Topcon_c5489bcaca57fff4063522634d89f4ae_slice089.png,1,906,1088,0.8886659975483119
Attention U-Net,RET_Topcon_c5489bcaca57fff4063522634d89f4ae_slice092.png,1,899,970,0.9272237191766988
Attention U-Net,RET_Topcon_c5489bcaca57fff4063522634d89f4ae_slice093.png,1,834,961,0.9280089983532007
Attention U-Net,RET_Topcon_c5489bcaca57fff4063522634d89f4ae_slice095.png,1,879,981,0.9401523389879475
Attention U-Net,RET_Topcon_c5489bcaca57fff4063522634d89f4ae_slice096.png,1,858,943,0.9059350498846948
Attention U-Net,RET_Topcon_c5489bcaca57fff4063522634d89f4ae_slice097.png,1,899,959,0.934346174208168
Attention U-Net,RET_Topcon_c5489bcaca57fff4063522634d89f4ae_slice098.png,1,889,1001,0.8992497315652466
Attention U-Net,RET_Topcon_c5489bcaca57fff4063522634d89f4ae_slice099.png,1,1006,1031,0.9356435638932457
Attention U-Net,RET_Topcon_c5489bcaca57fff4063522634d89f4ae_slice101.png,1,993,1033,0.7990591316136977
Attention U-Net,RET_Topcon_c5489bcaca57fff4063522634d89f4ae_slice103.png,1,903,999,0.9034666661848177
Attention U-Net,RET_Topcon_c5489bcaca57fff4063522634d89f4ae_slice105.png,1,949,1066,0.9327309232265406
Attention U-Net,RET_Topcon_c5489bcaca57fff4063522634d89f4ae_slice106.png,1,904,1016,0.9289847443824383
Attention U-Net,RET_Topcon_c5489bcaca57fff4063522634d89f4ae_slice107.png,1,1126,1064,0.9260273968374305
Attention U-Net,RET_Topcon_c5489bcaca57fff4063522634d89f4ae_slice109.png,1,1214,1139,0.9468763276893853
Attention U-Net,RET_Topcon_c5489bcaca57fff4063522634d89f4ae_slice110.png,1,1154,1160,0.9412273116070755
Attention U-Net,RET_Topcon_c5489bcaca57fff4063522634d89f4ae_slice111.png,1,1152,1126,0.9464442489260562
Attention U-Net,RET_Topcon_c5489bcaca57fff4063522634d89f4ae_slice112.png,1,1151,1128,0.9381307586932291
Attention U-Net,RET_Topcon_c5489bcaca57fff4063522634d89f4ae_slice114.png,1,1052,1080,0.9193245774299604
Attention U-Net,RET_Topcon_c5489bcaca57fff4063522634d89f4ae_slice115.png,1,977,1092,0.9405509903622277
Attention U-Net,RET_Topcon_c5489bcaca57fff4063522634d89f4ae_slice117.png,1,1068,1132,0.8988787467102575
Attention U-Net,RET_Topcon_c5489bcaca57fff4063522634d89f4ae_slice118.png,1,1134,1163,0.9638513436574003
Attention U-Net,RET_Topcon_c5489bcaca57fff4063522634d89f4ae_slice119.png,1,1139,1191,0.9123786725361736
Attention U-Net,RET_Topcon_c5489bcaca57fff4063522634d89f4ae_slice123.png,1,1171,1184,0.9552358568388067
Attention U-Net,RET_Topcon_c5489bcaca57fff4063522634d89f4ae_slice124.png,1,1163,1184,0.9323229277530639
Attention U-Net,RET_Topcon_c5489bcaca57fff4063522634d89f4ae_slice126.png,1,1085,1132,0.9560819371954394
Attention U-Net,RET_Topcon_c5489bcaca57fff4063522634d89f4ae_slice127.png,1,1016,992,0.9347615032131843
Attention U-Net,RET_Topcon_c61d2d06dfdcfa4adefcddc8bcf45ac8_slice020.png,0,0,0,
Attention U-Net,RET_Topcon_c61d2d06dfdcfa4adefcddc8bcf45ac8_slice050.png,0,0,0,
Attention U-Net,RET_Topcon_c61d2d06dfdcfa4adefcddc8bcf45ac8_slice052.png,0,0,20,
Attention U-Net,RET_Topcon_c61d2d06dfdcfa4adefcddc8bcf45ac8_slice055.png,1,316,316,0.8702531631799791
Attention U-Net,RET_Topcon_c61d2d06dfdcfa4adefcddc8bcf45ac8_slice056.png,1,322,384,0.8895184123377926
Attention U-Net,RET_Topcon_c61d2d06dfdcfa4adefcddc8bcf45ac8_slice057.png,1,291,334,0.89279999857152
Attention U-Net,RET_Topcon_c61d2d06dfdcfa4adefcddc8bcf45ac8_slice058.png,1,339,385,0.9226519324272764
Attention U-Net,RET_Topcon_c61d2d06dfdcfa4adefcddc8bcf45ac8_slice059.png,1,380,434,0.9189189177900259
Attention U-Net,RET_Topcon_c61d2d06dfdcfa4adefcddc8bcf45ac8_slice060.png,1,457,472,0.9451022594778232
Attention U-Net,RET_Topcon_c61d2d06dfdcfa4adefcddc8bcf45ac8_slice061.png,1,555,587,0.9141856384289092
Attention U-Net,RET_Topcon_c61d2d06dfdcfa4adefcddc8bcf45ac8_slice062.png,1,677,656,0.9437359332755169
Attention U-Net,RET_Topcon_c61d2d06dfdcfa4adefcddc8bcf45ac8_slice063.png,1,623,626,0.9319455556990027
Attention U-Net,RET_Topcon_c61d2d06dfdcfa4adefcddc8bcf45ac8_slice064.png,1,578,595,0.9326513206030252
Attention U-Net,RET_Topcon_c61d2d06dfdcfa4adefcddc8bcf45ac8_slice066.png,1,302,306,0.8914473669548563
Attention U-Net,RET_Topcon_c61d2d06dfdcfa4adefcddc8bcf45ac8_slice067.png,1,148,227,0.7573333313137778
Attention U-Net,RET_Topcon_c61d2d06dfdcfa4adefcddc8bcf45ac8_slice068.png,1,193,287,0.7583333317534723
Attention U-Net,RET_Topcon_c61d2d06dfdcfa4adefcddc8bcf45ac8_slice070.png,1,57,76,0.8270676629543785
Attention U-Net,RET_Topcon_c61d2d06dfdcfa4adefcddc8bcf45ac8_slice071.png,1,32,48,0.7894736738227148
Attention U-Net,RET_Topcon_c61d2d06dfdcfa4adefcddc8bcf45ac8_slice077.png,0,0,0,
Attention U-Net,RET_Topcon_c6324a3b1a90300166c8ce46e4e861d3_slice007.png,0,0,0,
Attention U-Net,RET_Topcon_c6324a3b1a90300166c8ce46e4e861d3_slice008.png,1,16,15,0.9032257773152975
Attention U-Net,RET_Topcon_c6324a3b1a90300166c8ce46e4e861d3_slice009.png,1,35,26,0.8524590024187049
Attention U-Net,RET_Topcon_c6324a3b1a90300166c8ce46e4e861d3_slice022.png,0,0,0,
Attention U-Net,RET_Topcon_c6324a3b1a90300166c8ce46e4e861d3_slice025.png,0,0,0,
Attention U-Net,RET_Topcon_c6324a3b1a90300166c8ce46e4e861d3_slice032.png,1,27,18,0.7999999822222227
Attention U-Net,RET_Topcon_c6324a3b1a90300166c8ce46e4e861d3_slice033.png,1,14,15,0.8275861783590973
Attention U-Net,RET_Topcon_c6324a3b1a90300166c8ce46e4e861d3_slice037.png,1,58,69,0.7559055058590117
Attention U-Net,RET_Topcon_c6324a3b1a90300166c8ce46e4e861d3_slice039.png,1,172,208,0.6684210508725762
Attention U-Net,RET_Topcon_c6324a3b1a90300166c8ce46e4e861d3_slice040.png,1,239,229,0.8162393144952151
Attention U-Net,RET_Topcon_c6324a3b1a90300166c8ce46e4e861d3_slice041.png,1,272,281,0.8028933077705365
Attention U-Net,RET_Topcon_c6324a3b1a90300166c8ce46e4e861d3_slice043.png,1,371,431,0.7755610962898241
Attention U-Net,RET_Topcon_c6324a3b1a90300166c8ce46e4e861d3_slice044.png,1,355,340,0.8517985599254697
Attention U-Net,RET_Topcon_c6324a3b1a90300166c8ce46e4e861d3_slice045.png,1,432,374,0.8486352346791126
Attention U-Net,RET_Topcon_c6324a3b1a90300166c8ce46e4e861d3_slice048.png,1,172,154,0.8159509177424819
Attention U-Net,RET_Topcon_c6324a3b1a90300166c8ce46e4e861d3_slice051.png,1,204,235,0.8473804080925276
Attention U-Net,RET_Topcon_c6324a3b1a90300166c8ce46e4e861d3_slice052.png,1,195,191,0.7772020705253833
Attention U-Net,RET_Topcon_c6324a3b1a90300166c8ce46e4e861d3_slice054.png,1,353,291,0.8167701850671271
Attention U-Net,RET_Topcon_c6324a3b1a90300166c8ce46e4e861d3_slice056.png,1,282,305,0.8211243597595838
Attention U-Net,RET_Topcon_c6324a3b1a90300166c8ce46e4e861d3_slice057.png,1,296,340,0.8490566024385903
Attention U-Net,RET_Topcon_c6324a3b1a90300166c8ce46e4e861d3_slice058.png,1,222,270,0.7967479658602684
Attention U-Net,RET_Topcon_c6324a3b1a90300166c8ce46e4e861d3_slice059.png,1,126,135,0.7969348628469929
Attention U-Net,RET_Topcon_c6324a3b1a90300166c8ce46e4e861d3_slice061.png,1,150,195,0.8231884034110482
Attention U-Net,RET_Topcon_c6324a3b1a90300166c8ce46e4e861d3_slice062.png,1,117,155,0.8308823498864619
Attention U-Net,RET_Topcon_c6324a3b1a90300166c8ce46e4e861d3_slice063.png,1,72,86,0.8435374092276366
Attention U-Net,RET_Topcon_c6324a3b1a90300166c8ce46e4e861d3_slice080.png,0,0,0,
Attention U-Net,RET_Topcon_c6324a3b1a90300166c8ce46e4e861d3_slice085.png,0,0,5,
Attention U-Net,RET_Topcon_c6324a3b1a90300166c8ce46e4e861d3_slice107.png,0,0,0,
Attention U-Net,RET_Topcon_c6324a3b1a90300166c8ce46e4e861d3_slice109.png,0,0,53,
Attention U-Net,RET_Topcon_cf343bb72e5aa822c1c05301daba6cc9_slice006.png,0,0,0,
Attention U-Net,RET_Topcon_cf343bb72e5aa822c1c05301daba6cc9_slice012.png,0,0,0,
Attention U-Net,RET_Topcon_cf343bb72e5aa822c1c05301daba6cc9_slice029.png,0,0,13,
Attention U-Net,RET_Topcon_cf343bb72e5aa822c1c05301daba6cc9_slice041.png,1,16,22,0.7894736634349037
Attention U-Net,RET_Topcon_cf343bb72e5aa822c1c05301daba6cc9_slice042.png,1,28,24,0.8076922921597637
Attention U-Net,RET_Topcon_cf343bb72e5aa822c1c05301daba6cc9_slice043.png,1,10,5,0.6666666222222252
Attention U-Net,RET_Topcon_cf343bb72e5aa822c1c05301daba6cc9_slice045.png,1,100,114,0.8224299026989257
Attention U-Net,RET_Topcon_cf343bb72e5aa822c1c05301daba6cc9_slice046.png,1,111,112,0.8430493235737698
Attention U-Net,RET_Topcon_cf343bb72e5aa822c1c05301daba6cc9_slice047.png,1,80,125,0.7317073135038668
Attention U-Net,RET_Topcon_cf343bb72e5aa822c1c05301daba6cc9_slice048.png,1,109,132,0.7800829843150083
Attention U-Net,RET_Topcon_cf343bb72e5aa822c1c05301daba6cc9_slice049.png,1,149,131,0.807142854260204
Attention U-Net,RET_Topcon_cf343bb72e5aa822c1c05301daba6cc9_slice050.png,1,165,146,0.7524115731433711
Attention U-Net,RET_Topcon_cf343bb72e5aa822c1c05301daba6cc9_slice051.png,1,195,196,0.8184143201575081
Attention U-Net,RET_Topcon_cf343bb72e5aa822c1c05301daba6cc9_slice053.png,1,296,308,0.8741721839831587
Attention U-Net,RET_Topcon_cf343bb72e5aa822c1c05301daba6cc9_slice054.png,1,372,374,0.8498659506033969
Attention U-Net,RET_Topcon_cf343bb72e5aa822c1c05301daba6cc9_slice056.png,1,420,417,0.8602150527357049
Attention U-Net,RET_Topcon_cf343bb72e5aa822c1c05301daba6cc9_slice057.png,1,317,317,0.8422712920468907
Attention U-Net,RET_Topcon_cf343bb72e5aa822c1c05301daba6cc9_slice059.png,1,372,368,0.9135135122790358
Attention U-Net,RET_Topcon_cf343bb72e5aa822c1c05301daba6cc9_slice065.png,1,439,413,0.8827085841805217
Attention U-Net,RET_Topcon_cf343bb72e5aa822c1c05301daba6cc9_slice066.png,1,351,353,0.9289772714077027
Attention U-Net,RET_Topcon_cf343bb72e5aa822c1c05301daba6cc9_slice067.png,1,359,373,0.9234972664979546
Attention U-Net,RET_Topcon_cf343bb72e5aa822c1c05301daba6cc9_slice068.png,1,356,359,0.948251746925522
Attention U-Net,RET_Topcon_cf343bb72e5aa822c1c05301daba6cc9_slice069.png,1,403,394,0.9259723953250033
Attention U-Net,RET_Topcon_cf343bb72e5aa822c1c05301daba6cc9_slice070.png,1,358,333,0.9059334285008199
Attention U-Net,RET_Topcon_cf343bb72e5aa822c1c05301daba6cc9_slice071.png,1,378,379,0.9167767491191853
Attention U-Net,RET_Topcon_cf343bb72e5aa822c1c05301daba6cc9_slice073.png,1,298,299,0.8073701829022275
Attention U-Net,RET_Topcon_cf343bb72e5aa822c1c05301daba6cc9_slice107.png,0,0,22,
Attention U-Net,RET_Topcon_d6bb4a8d5ca67514d8f2c7b48f9525ff_slice001.png,0,0,0,
Attention U-Net,RET_Topcon_d6bb4a8d5ca67514d8f2c7b48f9525ff_slice004.png,0,0,0,
Attention U-Net,RET_Topcon_d6bb4a8d5ca67514d8f2c7b48f9525ff_slice034.png,0,0,0,
Attention U-Net,RET_Topcon_d6bb4a8d5ca67514d8f2c7b48f9525ff_slice036.png,1,41,44,0.7999999905882355
Attention U-Net,RET_Topcon_d6bb4a8d5ca67514d8f2c7b48f9525ff_slice037.png,1,104,81,0.7459459419138057
Attention U-Net,RET_Topcon_d6bb4a8d5ca67514d8f2c7b48f9525ff_slice038.png,1,100,89,0.783068778925562
Attention U-Net,RET_Topcon_d6bb4a8d5ca67514d8f2c7b48f9525ff_slice040.png,1,158,184,0.8011695883006738
Attention U-Net,RET_Topcon_d6bb4a8d5ca67514d8f2c7b48f9525ff_slice041.png,1,264,235,0.8136272528785025
Attention U-Net,RET_Topcon_d6bb4a8d5ca67514d8f2c7b48f9525ff_slice042.png,1,262,256,0.8069498053919888
Attention U-Net,RET_Topcon_d6bb4a8d5ca67514d8f2c7b48f9525ff_slice044.png,1,457,379,0.8133971282136399
Attention U-Net,RET_Topcon_d6bb4a8d5ca67514d8f2c7b48f9525ff_slice045.png,1,340,389,0.7572016450518496
Attention U-Net,RET_Topcon_d6bb4a8d5ca67514d8f2c7b48f9525ff_slice047.png,1,471,489,0.7791666658550347
Attention U-Net,RET_Topcon_d6bb4a8d5ca67514d8f2c7b48f9525ff_slice049.png,1,729,646,0.7999999994181818
Attention U-Net,RET_Topcon_d6bb4a8d5ca67514d8f2c7b48f9525ff_slice051.png,1,764,748,0.8425925920353223
Attention U-Net,RET_Topcon_d6bb4a8d5ca67514d8f2c7b48f9525ff_slice052.png,1,821,814,0.8513761462682714
Attention U-Net,RET_Topcon_d6bb4a8d5ca67514d8f2c7b48f9525ff_slice053.png,1,750,729,0.8640973624989199
Attention U-Net,RET_Topcon_d6bb4a8d5ca67514d8f2c7b48f9525ff_slice054.png,1,778,660,0.8456189145718922
Attention U-Net,RET_Topcon_d6bb4a8d5ca67514d8f2c7b48f9525ff_slice055.png,1,611,581,0.8255033550121615
Attention U-Net,RET_Topcon_d6bb4a8d5ca67514d8f2c7b48f9525ff_slice056.png,1,526,535,0.9048067851981085
Attention U-Net,RET_Topcon_d6bb4a8d5ca67514d8f2c7b48f9525ff_slice057.png,1,721,623,0.8705357136379942
Attention U-Net,RET_Topcon_d6bb4a8d5ca67514d8f2c7b48f9525ff_slice060.png,1,1068,1019,0.9429803541241111
Attention U-Net,RET_Topcon_d6bb4a8d5ca67514d8f2c7b48f9525ff_slice061.png,1,781,762,0.8878807512068173
Attention U-Net,RET_Topcon_d6bb4a8d5ca67514d8f2c7b48f9525ff_slice062.png,1,608,584,0.8859060395252465
Attention U-Net,RET_Topcon_d6bb4a8d5ca67514d8f2c7b48f9525ff_slice063.png,1,398,407,0.9291925454295745
Attention U-Net,RET_Topcon_d6bb4a8d5ca67514d8f2c7b48f9525ff_slice064.png,1,428,424,0.8544600928938262
Attention U-Net,RET_Topcon_d6bb4a8d5ca67514d8f2c7b48f9525ff_slice067.png,1,371,356,0.8748280593193561
Attention U-Net,RET_Topcon_d6bb4a8d5ca67514d8f2c7b48f9525ff_slice068.png,1,319,262,0.8123924254519924
Attention U-Net,RET_Topcon_d6bb4a8d5ca67514d8f2c7b48f9525ff_slice069.png,1,162,189,0.7806267784027727
Attention U-Net,RET_Topcon_d6bb4a8d5ca67514d8f2c7b48f9525ff_slice070.png,1,274,261,0.8299065405048476
Attention U-Net,RET_Topcon_d6bb4a8d5ca67514d8f2c7b48f9525ff_slice071.png,1,257,251,0.8858267699097898
Attention U-Net,RET_Topcon_d6bb4a8d5ca67514d8f2c7b48f9525ff_slice072.png,1,202,133,0.7522388037246603
Attention U-Net,RET_Topcon_d6bb4a8d5ca67514d8f2c7b48f9525ff_slice073.png,1,120,116,0.8474576235277219
Attention U-Net,RET_Topcon_d6bb4a8d5ca67514d8f2c7b48f9525ff_slice074.png,1,159,159,0.8616352174162415
Attention U-Net,RET_Topcon_d6bb4a8d5ca67514d8f2c7b48f9525ff_slice076.png,1,72,76,0.9189189127100074
Attention U-Net,RET_Topcon_d6bb4a8d5ca67514d8f2c7b48f9525ff_slice077.png,1,85,78,0.9202453931273289
Attention U-Net,RET_Topcon_d6bb4a8d5ca67514d8f2c7b48f9525ff_slice078.png,1,85,83,0.9166666612103175
Attention U-Net,RET_Topcon_d6bb4a8d5ca67514d8f2c7b48f9525ff_slice079.png,1,64,69,0.8721804445700718
Attention U-Net,RET_Topcon_d6bb4a8d5ca67514d8f2c7b48f9525ff_slice080.png,1,66,64,0.969230761775148
Attention U-Net,RET_Topcon_d6bb4a8d5ca67514d8f2c7b48f9525ff_slice081.png,1,66,62,0.8749999931640625
Attention U-Net,RET_Topcon_d6bb4a8d5ca67514d8f2c7b48f9525ff_slice084.png,1,62,56,0.9322033819304798
Attention U-Net,RET_Topcon_d6bb4a8d5ca67514d8f2c7b48f9525ff_slice085.png,1,61,68,0.9147286750796227
Attention U-Net,RET_Topcon_d6bb4a8d5ca67514d8f2c7b48f9525ff_slice087.png,1,143,113,0.7812499969482422
Attention U-Net,RET_Topcon_d6bb4a8d5ca67514d8f2c7b48f9525ff_slice093.png,1,107,100,0.9468598988074401
Attention U-Net,RET_Topcon_d6bb4a8d5ca67514d8f2c7b48f9525ff_slice119.png,0,0,0,
Attention U-Net,RET_Topcon_da7be42199c28713c9b7e8fe934e6a0b_slice011.png,0,0,0,
Attention U-Net,RET_Topcon_da7be42199c28713c9b7e8fe934e6a0b_slice044.png,1,83,92,0.8914285663346939
Attention U-Net,RET_Topcon_da7be42199c28713c9b7e8fe934e6a0b_slice045.png,1,294,286,0.817241377901308
Attention U-Net,RET_Topcon_da7be42199c28713c9b7e8fe934e6a0b_slice046.png,1,183,185,0.809782606495156
Attention U-Net,RET_Topcon_da7be42199c28713c9b7e8fe934e6a0b_slice047.png,1,175,328,0.6401590444529641
Attention U-Net,RET_Topcon_da7be42199c28713c9b7e8fe934e6a0b_slice048.png,1,471,506,0.8024564986668817
Attention U-Net,RET_Topcon_da7be42199c28713c9b7e8fe934e6a0b_slice049.png,1,459,483,0.8004246276003985
Attention U-Net,RET_Topcon_da7be42199c28713c9b7e8fe934e6a0b_slice050.png,1,519,541,0.8415094331683872
Attention U-Net,RET_Topcon_da7be42199c28713c9b7e8fe934e6a0b_slice051.png,1,639,581,0.8147540976928245
Attention U-Net,RET_Topcon_da7be42199c28713c9b7e8fe934e6a0b_slice052.png,1,544,511,0.807582937623144
Attention U-Net,RET_Topcon_da7be42199c28713c9b7e8fe934e6a0b_slice053.png,1,693,605,0.7411402151455005
Attention U-Net,RET_Topcon_da7be42199c28713c9b7e8fe934e6a0b_slice054.png,1,682,747,0.8117564724900234
Attention U-Net,RET_Topcon_da7be42199c28713c9b7e8fe934e6a0b_slice055.png,1,860,925,0.860504201198597
Attention U-Net,RET_Topcon_da7be42199c28713c9b7e8fe934e6a0b_slice056.png,1,1079,1155,0.8460161142139588
Attention U-Net,RET_Topcon_da7be42199c28713c9b7e8fe934e6a0b_slice057.png,1,1074,1153,0.8549618316771613
Attention U-Net,RET_Topcon_da7be42199c28713c9b7e8fe934e6a0b_slice058.png,1,983,1023,0.7966101690944116
Attention U-Net,RET_Topcon_da7be42199c28713c9b7e8fe934e6a0b_slice059.png,1,792,739,0.8216851725527856
Attention U-Net,RET_Topcon_da7be42199c28713c9b7e8fe934e6a0b_slice060.png,1,877,1035,0.7981171543942901
Attention U-Net,RET_Topcon_da7be42199c28713c9b7e8fe934e6a0b_slice061.png,1,1027,1033,0.8912621354896786
Attention U-Net,RET_Topcon_da7be42199c28713c9b7e8fe934e6a0b_slice063.png,1,1307,1341,0.9048338365163014
Attention U-Net,RET_Topcon_da7be42199c28713c9b7e8fe934e6a0b_slice064.png,1,1770,1671,0.8857225935197085
Attention U-Net,RET_Topcon_da7be42199c28713c9b7e8fe934e6a0b_slice065.png,1,1690,1680,0.853758048023806
Attention U-Net,RET_Topcon_da7be42199c28713c9b7e8fe934e6a0b_slice066.png,1,1479,1531,0.8575151963173155
Attention U-Net,RET_Topcon_da7be42199c28713c9b7e8fe934e6a0b_slice067.png,1,1070,1180,0.8634916496327733
Attention U-Net,RET_Topcon_da7be42199c28713c9b7e8fe934e6a0b_slice068.png,1,958,941,0.8595540924917946
Attention U-Net,RET_Topcon_da7be42199c28713c9b7e8fe934e6a0b_slice069.png,1,1392,1391,0.8522778456010822
Attention U-Net,RET_Topcon_da7be42199c28713c9b7e8fe934e6a0b_slice070.png,1,1637,1590,0.8374848051018264
Attention U-Net,RET_Topcon_da7be42199c28713c9b7e8fe934e6a0b_slice071.png,1,1595,1551,0.8512040834732004
Attention U-Net,RET_Topcon_da7be42199c28713c9b7e8fe934e6a0b_slice072.png,1,1395,1519,0.905971173333572
Attention U-Net,RET_Topcon_da7be42199c28713c9b7e8fe934e6a0b_slice073.png,1,1347,1359,0.8743532886643188
Attention U-Net,RET_Topcon_da7be42199c28713c9b7e8fe934e6a0b_slice074.png,1,1398,1329,0.8859552618680032
Attention U-Net,RET_Topcon_da7be42199c28713c9b7e8fe934e6a0b_slice075.png,1,1125,1172,0.7975620370929204
Attention U-Net,RET_Topcon_da7be42199c28713c9b7e8fe934e6a0b_slice076.png,1,1325,1384,0.8785529712519184
Attention U-Net,RET_Topcon_da7be42199c28713c9b7e8fe934e6a0b_slice078.png,1,970,989,0.8116385907036046
Attention U-Net,RET_Topcon_da7be42199c28713c9b7e8fe934e6a0b_slice079.png,1,750,886,0.8435207818804885
Attention U-Net,RET_Topcon_da7be42199c28713c9b7e8fe934e6a0b_slice080.png,1,846,777,0.8305606895683544
Attention U-Net,RET_Topcon_da7be42199c28713c9b7e8fe934e6a0b_slice081.png,1,738,750,0.8830645155355749
Attention U-Net,RET_Topcon_da7be42199c28713c9b7e8fe934e6a0b_slice082.png,1,744,749,0.8693904883661148
Attention U-Net,RET_Topcon_da7be42199c28713c9b7e8fe934e6a0b_slice083.png,1,826,732,0.8639281124108291
Attention U-Net,RET_Topcon_da7be42199c28713c9b7e8fe934e6a0b_slice084.png,1,794,740,0.8187744453593386
Attention U-Net,RET_Topcon_da7be42199c28713c9b7e8fe934e6a0b_slice085.png,1,499,522,0.8364348669574585
Attention U-Net,RET_Topcon_da7be42199c28713c9b7e8fe934e6a0b_slice086.png,1,408,430,0.8400954643912942
Attention U-Net,RET_Topcon_da7be42199c28713c9b7e8fe934e6a0b_slice087.png,1,410,390,0.857499998928125
Attention U-Net,RET_Topcon_da7be42199c28713c9b7e8fe934e6a0b_slice088.png,1,364,317,0.7665198226629665
Attention U-Net,RET_Topcon_da7be42199c28713c9b7e8fe934e6a0b_slice090.png,1,152,193,0.782608693383743
Attention U-Net,RET_Topcon_da7be42199c28713c9b7e8fe934e6a0b_slice091.png,1,153,140,0.8532423179070228
Attention U-Net,RET_Topcon_da7be42199c28713c9b7e8fe934e6a0b_slice093.png,1,50,46,0.8749999908854168
Attention U-Net,RET_Topcon_da7be42199c28713c9b7e8fe934e6a0b_slice102.png,0,0,0,
Attention U-Net,RET_Topcon_da7be42199c28713c9b7e8fe934e6a0b_slice109.png,0,0,0,
Attention U-Net,RET_Topcon_da7be42199c28713c9b7e8fe934e6a0b_slice119.png,0,0,0,
Attention U-Net,RET_Topcon_ddfe81e6d0eabd2f641c1cfdf82170ea_slice027.png,1,17,19,0.6666666481481487
Attention U-Net,RET_Topcon_ddfe81e6d0eabd2f641c1cfdf82170ea_slice034.png,1,18,25,0.7906976560302871
Attention U-Net,RET_Topcon_ddfe81e6d0eabd2f641c1cfdf82170ea_slice036.png,1,126,99,0.7111111079506173
Attention U-Net,RET_Topcon_ddfe81e6d0eabd2f641c1cfdf82170ea_slice037.png,1,22,30,0.7450980246059211
Attention U-Net,RET_Topcon_ddfe81e6d0eabd2f641c1cfdf82170ea_slice038.png,1,21,24,0.9333333125925931
Attention U-Net,RET_Topcon_ddfe81e6d0eabd2f641c1cfdf82170ea_slice040.png,1,99,86,0.666666662962963
Attention U-Net,RET_Topcon_ddfe81e6d0eabd2f641c1cfdf82170ea_slice042.png,1,9,18,0.6666666419753096
Attention U-Net,RET_Topcon_ddfe81e6d0eabd2f641c1cfdf82170ea_slice043.png,1,18,23,0.7804877858417614
Attention U-Net,RET_Topcon_ddfe81e6d0eabd2f641c1cfdf82170ea_slice045.png,1,20,15,0.6857142661224496
Attention U-Net,RET_Topcon_ddfe81e6d0eabd2f641c1cfdf82170ea_slice047.png,1,78,107,0.8444444397530865
Attention U-Net,RET_Topcon_ddfe81e6d0eabd2f641c1cfdf82170ea_slice048.png,1,144,117,0.8122605332863582
Attention U-Net,RET_Topcon_ddfe81e6d0eabd2f641c1cfdf82170ea_slice049.png,1,97,113,0.7999999961904762
Attention U-Net,RET_Topcon_ddfe81e6d0eabd2f641c1cfdf82170ea_slice050.png,1,98,134,0.7758620656212842
Attention U-Net,RET_Topcon_ddfe81e6d0eabd2f641c1cfdf82170ea_slice051.png,1,88,102,0.7157894699168975
Attention U-Net,RET_Topcon_ddfe81e6d0eabd2f641c1cfdf82170ea_slice055.png,1,26,34,0.8666666522222225
Attention U-Net,RET_Topcon_ddfe81e6d0eabd2f641c1cfdf82170ea_slice056.png,1,182,172,0.7966101672412143
Attention U-Net,RET_Topcon_ddfe81e6d0eabd2f641c1cfdf82170ea_slice057.png,1,240,268,0.7677165339218178
Attention U-Net,RET_Topcon_ddfe81e6d0eabd2f641c1cfdf82170ea_slice059.png,1,474,432,0.8410596017206847
Attention U-Net,RET_Topcon_ddfe81e6d0eabd2f641c1cfdf82170ea_slice060.png,1,558,504,0.8418079088118569
Attention U-Net,RET_Topcon_ddfe81e6d0eabd2f641c1cfdf82170ea_slice061.png,1,371,304,0.7674074062705075
Attention U-Net,RET_Topcon_ddfe81e6d0eabd2f641c1cfdf82170ea_slice062.png,1,506,405,0.821075740042727
Attention U-Net,RET_Topcon_ddfe81e6d0eabd2f641c1cfdf82170ea_slice064.png,1,305,310,0.8221859692949658
Attention U-Net,RET_Topcon_ddfe81e6d0eabd2f641c1cfdf82170ea_slice065.png,1,507,512,0.7367387026161702
Attention U-Net,RET_Topcon_ddfe81e6d0eabd2f641c1cfdf82170ea_slice066.png,1,292,341,0.7709320682923664
Attention U-Net,RET_Topcon_ddfe81e6d0eabd2f641c1cfdf82170ea_slice068.png,1,273,366,0.7856025026829382
Attention U-Net,RET_Topcon_ddfe81e6d0eabd2f641c1cfdf82170ea_slice069.png,1,199,270,0.8315565014252526
Attention U-Net,RET_Topcon_ddfe81e6d0eabd2f641c1cfdf82170ea_slice071.png,1,127,153,0.8571428540816327
Attention U-Net,RET_Topcon_ddfe81e6d0eabd2f641c1cfdf82170ea_slice072.png,1,106,145,0.7729083634545484
Attention U-Net,RET_Topcon_ddfe81e6d0eabd2f641c1cfdf82170ea_slice073.png,1,166,191,0.7843137232932389
Attention U-Net,RET_Topcon_ddfe81e6d0eabd2f641c1cfdf82170ea_slice077.png,1,22,64,0.8292682724568714
Attention U-Net,RET_Topcon_ddfe81e6d0eabd2f641c1cfdf82170ea_slice078.png,1,220,182,0.8805970127348333
Attention U-Net,RET_Topcon_ddfe81e6d0eabd2f641c1cfdf82170ea_slice079.png,1,230,243,0.7906976727469394
Attention U-Net,RET_Topcon_ddfe81e6d0eabd2f641c1cfdf82170ea_slice080.png,1,234,201,0.8965517220768926
Attention U-Net,RET_Topcon_ddfe81e6d0eabd2f641c1cfdf82170ea_slice082.png,1,297,313,0.793442621650094
Attention U-Net,RET_Topcon_ddfe81e6d0eabd2f641c1cfdf82170ea_slice084.png,1,321,369,0.8782608682923756
Attention U-Net,RET_Topcon_ddfe81e6d0eabd2f641c1cfdf82170ea_slice085.png,1,398,376,0.8759689911163191
Attention U-Net,RET_Topcon_ddfe81e6d0eabd2f641c1cfdf82170ea_slice087.png,1,276,312,0.8673469373004303
Attention U-Net,RET_Topcon_ddfe81e6d0eabd2f641c1cfdf82170ea_slice088.png,1,312,312,0.9134615369976578
Attention U-Net,RET_Topcon_ddfe81e6d0eabd2f641c1cfdf82170ea_slice089.png,1,317,367,0.7953216362641496
Attention U-Net,RET_Topcon_ddfe81e6d0eabd2f641c1cfdf82170ea_slice090.png,1,207,232,0.8656036426751625
Attention U-Net,RET_Topcon_ddfe81e6d0eabd2f641c1cfdf82170ea_slice091.png,1,229,258,0.8952772055538456
Attention U-Net,RET_Topcon_ddfe81e6d0eabd2f641c1cfdf82170ea_slice093.png,1,200,212,0.7766990272410218
Attention U-Net,RET_Topcon_ddfe81e6d0eabd2f641c1cfdf82170ea_slice094.png,1,93,83,0.8522727224302686
Attention U-Net,RET_Topcon_ddfe81e6d0eabd2f641c1cfdf82170ea_slice095.png,1,115,76,0.6701570645541515
Attention U-Net,RET_Topcon_ddfe81e6d0eabd2f641c1cfdf82170ea_slice097.png,1,4,16,0.399999980000001
Attention U-Net,RET_Topcon_ddfe81e6d0eabd2f641c1cfdf82170ea_slice098.png,1,24,23,0.9787233834314174
Attention U-Net,RET_Topcon_ddfe81e6d0eabd2f641c1cfdf82170ea_slice101.png,1,9,13,0.8181817809917372
Attention U-Net,RET_Topcon_ddfe81e6d0eabd2f641c1cfdf82170ea_slice107.png,0,0,9,
Attention U-Net,RET_Topcon_ddfe81e6d0eabd2f641c1cfdf82170ea_slice110.png,0,0,0,
Attention U-Net,RET_Topcon_ddfe81e6d0eabd2f641c1cfdf82170ea_slice125.png,0,0,0,
Attention U-Net,RET_Topcon_e0509d9a55ea74ade14455296da70467_slice022.png,0,0,0,
Attention U-Net,RET_Topcon_e0509d9a55ea74ade14455296da70467_slice030.png,0,0,0,
Attention U-Net,RET_Topcon_e0509d9a55ea74ade14455296da70467_slice042.png,1,10,25,0.5142856995918372
Attention U-Net,RET_Topcon_e0509d9a55ea74ade14455296da70467_slice043.png,1,51,55,0.94339621751513
Attention U-Net,RET_Topcon_e0509d9a55ea74ade14455296da70467_slice044.png,1,63,57,0.8833333259722222
Attention U-Net,RET_Topcon_e0509d9a55ea74ade14455296da70467_slice046.png,1,136,126,0.8091603022551134
Attention U-Net,RET_Topcon_e0509d9a55ea74ade14455296da70467_slice047.png,1,145,120,0.6490566013243148
Attention U-Net,RET_Topcon_e0509d9a55ea74ade14455296da70467_slice048.png,1,265,206,0.7473460706001145
Attention U-Net,RET_Topcon_e0509d9a55ea74ade14455296da70467_slice049.png,1,309,333,0.825545170053668
Attention U-Net,RET_Topcon_e0509d9a55ea74ade14455296da70467_slice050.png,1,240,209,0.7572383056631664
Attention U-Net,RET_Topcon_e0509d9a55ea74ade14455296da70467_slice051.png,1,407,337,0.8145161279374783
Attention U-Net,RET_Topcon_e0509d9a55ea74ade14455296da70467_slice052.png,1,533,424,0.7920585153687999
Attention U-Net,RET_Topcon_e0509d9a55ea74ade14455296da70467_slice053.png,1,555,477,0.8313953480315935
Attention U-Net,RET_Topcon_e0509d9a55ea74ade14455296da70467_slice054.png,1,470,484,0.8888888879571395
Attention U-Net,RET_Topcon_e0509d9a55ea74ade14455296da70467_slice055.png,1,579,600,0.8905852409749064
Attention U-Net,RET_Topcon_e0509d9a55ea74ade14455296da70467_slice056.png,1,650,689,0.8722927551364504
Attention U-Net,RET_Topcon_e0509d9a55ea74ade14455296da70467_slice059.png,1,796,749,0.8621359217720802
Attention U-Net,RET_Topcon_e0509d9a55ea74ade14455296da70467_slice061.png,1,992,965,0.9146653035694096
Attention U-Net,RET_Topcon_e0509d9a55ea74ade14455296da70467_slice062.png,1,889,825,0.8948598125614136
Attention U-Net,RET_Topcon_e0509d9a55ea74ade14455296da70467_slice064.png,1,464,431,0.8715083789145158
Attention U-Net,RET_Topcon_e0509d9a55ea74ade14455296da70467_slice065.png,1,244,212,0.8289473666031856
Attention U-Net,RET_Topcon_e0509d9a55ea74ade14455296da70467_slice066.png,1,126,119,0.8408163230987089
Attention U-Net,RET_Topcon_e0509d9a55ea74ade14455296da70467_slice068.png,1,68,65,0.932330820057663
Attention U-Net,RET_Topcon_e0509d9a55ea74ade14455296da70467_slice069.png,1,34,34,0.9117646924740487
Attention U-Net,RET_Topcon_e0509d9a55ea74ade14455296da70467_slice070.png,1,27,27,0.9259259087791499
Attention U-Net,RET_Topcon_e0509d9a55ea74ade14455296da70467_slice073.png,0,0,0,
Attention U-Net,RET_Topcon_e0509d9a55ea74ade14455296da70467_slice102.png,0,0,1,
